통계표,수요부문(열),투입부문(행),단위,변환,2020,2021,2022,2023
"2.2.1.2.6. 투입산출표 취업유발계수표(생산자가격, 대분류)","농림수산품","농림수산품","명/십억원","원자료","22.790177","20.005661","21.247925","20.930892"
"2.2.1.2.6. 투입산출표 취업유발계수표(생산자가격, 대분류)","농림수산품","광산품","명/십억원","원자료","0.001592","0.001256","0.002316","0.001006"
"2.2.1.2.6. 투입산출표 취업유발계수표(생산자가격, 대분류)","농림수산품","음식료품","명/십억원","원자료","0.434342","0.400517","0.39915","0.445781"
"2.2.1.2.6. 투입산출표 취업유발계수표(생산자가격, 대분류)","농림수산품","섬유 및 가죽제품","명/십억원","원자료","0.056867","0.063572","0.03999","0.025895"
"2.2.1.2.6. 투입산출표 취업유발계수표(생산자가격, 대분류)","농림수산품","목재 및 종이, 인쇄","명/십억원","원자료","0.101235","0.089343","0.070397","0.077421"
"2.2.1.2.6. 투입산출표 취업유발계수표(생산자가격, 대분류)","농림수산품","석탄 및 석유제품","명/십억원","원자료","0.003158","0.002994","0.00281","0.002585"
"2.2.1.2.6. 투입산출표 취업유발계수표(생산자가격, 대분류)","농림수산품","화학제품","명/십억원","원자료","0.158689","0.136743","0.128631","0.130388"
"2.2.1.2.6. 투입산출표 취업유발계수표(생산자가격, 대분류)","농림수산품","비금속광물제품","명/십억원","원자료","0.008882","0.008147","0.007144","0.006165"
"2.2.1.2.6. 투입산출표 취업유발계수표(생산자가격, 대분류)","농림수산품","1차 금속제품","명/십억원","원자료","0.007028","0.006738","0.006051","0.005304"
"2.2.1.2.6. 투입산출표 취업유발계수표(생산자가격, 대분류)","농림수산품","금속가공제품","명/십억원","원자료","0.034519","0.030159","0.027894","0.025788"
"2.2.1.2.6. 투입산출표 취업유발계수표(생산자가격, 대분류)","농림수산품","컴퓨터, 전자 및 광학기기","명/십억원","원자료","0.014931","0.012939","0.012297","0.012223"
"2.2.1.2.6. 투입산출표 취업유발계수표(생산자가격, 대분류)","농림수산품","전기장비","명/십억원","원자료","0.016802","0.015142","0.015337","0.013447"
"2.2.1.2.6. 투입산출표 취업유발계수표(생산자가격, 대분류)","농림수산품","기계 및 장비","명/십억원","원자료","0.01579","0.014529","0.014292","0.011236"
"2.2.1.2.6. 투입산출표 취업유발계수표(생산자가격, 대분류)","농림수산품","운송장비","명/십억원","원자료","0.015046","0.012486","0.012272","0.010707"
"2.2.1.2.6. 투입산출표 취업유발계수표(생산자가격, 대분류)","농림수산품","기타 제조업 제품","명/십억원","원자료","0.008499","0.00856","0.0084","0.008173"
"2.2.1.2.6. 투입산출표 취업유발계수표(생산자가격, 대분류)","농림수산품","제조임가공 및 산업용 장비 수리","명/십억원","원자료","0.115345","0.099679","0.10074","0.100188"
"2.2.1.2.6. 투입산출표 취업유발계수표(생산자가격, 대분류)","농림수산품","전력, 가스 및 증기","명/십억원","원자료","0.024987","0.020945","0.022319","0.027045"
"2.2.1.2.6. 투입산출표 취업유발계수표(생산자가격, 대분류)","농림수산품","수도, 폐기물처리 및 재활용서비스","명/십억원","원자료","0.036211","0.034316","0.028007","0.026799"
"2.2.1.2.6. 투입산출표 취업유발계수표(생산자가격, 대분류)","농림수산품","건설","명/십억원","원자료","0.033757","0.033612","0.022516","0.015797"
"2.2.1.2.6. 투입산출표 취업유발계수표(생산자가격, 대분류)","농림수산품","도소매 및 상품중개서비스","명/십억원","원자료","0.861939","0.749538","0.697166","0.719007"
"2.2.1.2.6. 투입산출표 취업유발계수표(생산자가격, 대분류)","농림수산품","운송서비스","명/십억원","원자료","0.430709","0.369304","0.354974","0.366647"
"2.2.1.2.6. 투입산출표 취업유발계수표(생산자가격, 대분류)","농림수산품","음식점 및 숙박서비스","명/십억원","원자료","0.16845","0.14673","0.139115","0.147514"
"2.2.1.2.6. 투입산출표 취업유발계수표(생산자가격, 대분류)","농림수산품","정보통신 및 방송 서비스","명/십억원","원자료","0.07052","0.058046","0.058636","0.05847"
"2.2.1.2.6. 투입산출표 취업유발계수표(생산자가격, 대분류)","농림수산품","금융 및 보험 서비스","명/십억원","원자료","0.118941","0.115917","0.118927","0.100059"
"2.2.1.2.6. 투입산출표 취업유발계수표(생산자가격, 대분류)","농림수산품","부동산서비스","명/십억원","원자료","0.024145","0.021691","0.021105","0.022684"
"2.2.1.2.6. 투입산출표 취업유발계수표(생산자가격, 대분류)","농림수산품","전문, 과학 및 기술 서비스","명/십억원","원자료","0.283583","0.268492","0.278893","0.269165"
"2.2.1.2.6. 투입산출표 취업유발계수표(생산자가격, 대분류)","농림수산품","사업지원서비스","명/십억원","원자료","0.183313","0.166987","0.157458","0.150437"
"2.2.1.2.6. 투입산출표 취업유발계수표(생산자가격, 대분류)","농림수산품","공공행정, 국방 및 사회보장","명/십억원","원자료","0.036399","0.03633","0.040504","0.033735"
"2.2.1.2.6. 투입산출표 취업유발계수표(생산자가격, 대분류)","농림수산품","교육서비스","명/십억원","원자료","0.005499","0.008393","0.006707","0.006274"
"2.2.1.2.6. 투입산출표 취업유발계수표(생산자가격, 대분류)","농림수산품","보건 및 사회복지 서비스","명/십억원","원자료","0.026838","0.028941","0.026248","0.02322"
"2.2.1.2.6. 투입산출표 취업유발계수표(생산자가격, 대분류)","농림수산품","예술, 스포츠 및 여가 관련 서비스","명/십억원","원자료","0.024755","0.020604","0.018566","0.017268"
"2.2.1.2.6. 투입산출표 취업유발계수표(생산자가격, 대분류)","농림수산품","기타 서비스","명/십억원","원자료","0.083461","0.068745","0.065486","0.060255"
"2.2.1.2.6. 투입산출표 취업유발계수표(생산자가격, 대분류)","농림수산품","기타","명/십억원","원자료","0","0","0","0"
"2.2.1.2.6. 투입산출표 취업유발계수표(생산자가격, 대분류)","농림수산품","열합","명/십억원","원자료","26.196408","23.057054","24.152273","23.851577"
"2.2.1.2.6. 투입산출표 취업유발계수표(생산자가격, 대분류)","광산품","농림수산품","명/십억원","원자료","0.132431","0.132971","0.143027","0.13565"
"2.2.1.2.6. 투입산출표 취업유발계수표(생산자가격, 대분류)","광산품","광산품","명/십억원","원자료","3.001521","2.290867","2.187027","1.893361"
"2.2.1.2.6. 투입산출표 취업유발계수표(생산자가격, 대분류)","광산품","음식료품","명/십억원","원자료","0.035921","0.036957","0.037867","0.035458"
"2.2.1.2.6. 투입산출표 취업유발계수표(생산자가격, 대분류)","광산품","섬유 및 가죽제품","명/십억원","원자료","0.041686","0.037516","0.028006","0.021483"
"2.2.1.2.6. 투입산출표 취업유발계수표(생산자가격, 대분류)","광산품","목재 및 종이, 인쇄","명/십억원","원자료","0.038111","0.036355","0.033321","0.030494"
"2.2.1.2.6. 투입산출표 취업유발계수표(생산자가격, 대분류)","광산품","석탄 및 석유제품","명/십억원","원자료","0.00403","0.003995","0.004143","0.003313"
"2.2.1.2.6. 투입산출표 취업유발계수표(생산자가격, 대분류)","광산품","화학제품","명/십억원","원자료","0.117819","0.124546","0.107194","0.09985"
"2.2.1.2.6. 투입산출표 취업유발계수표(생산자가격, 대분류)","광산품","비금속광물제품","명/십억원","원자료","0.0151","0.015428","0.012674","0.009564"
"2.2.1.2.6. 투입산출표 취업유발계수표(생산자가격, 대분류)","광산품","1차 금속제품","명/십억원","원자료","0.02111","0.020525","0.019073","0.016287"
"2.2.1.2.6. 투입산출표 취업유발계수표(생산자가격, 대분류)","광산품","금속가공제품","명/십억원","원자료","0.129062","0.131179","0.11454","0.099744"
"2.2.1.2.6. 투입산출표 취업유발계수표(생산자가격, 대분류)","광산품","컴퓨터, 전자 및 광학기기","명/십억원","원자료","0.024937","0.020495","0.019684","0.020851"
"2.2.1.2.6. 투입산출표 취업유발계수표(생산자가격, 대분류)","광산품","전기장비","명/십억원","원자료","0.062421","0.059518","0.063478","0.05542"
"2.2.1.2.6. 투입산출표 취업유발계수표(생산자가격, 대분류)","광산품","기계 및 장비","명/십억원","원자료","0.102915","0.087965","0.075777","0.069117"
"2.2.1.2.6. 투입산출표 취업유발계수표(생산자가격, 대분류)","광산품","운송장비","명/십억원","원자료","0.083805","0.076351","0.077414","0.06435"
"2.2.1.2.6. 투입산출표 취업유발계수표(생산자가격, 대분류)","광산품","기타 제조업 제품","명/십억원","원자료","0.014539","0.016154","0.015434","0.014711"
"2.2.1.2.6. 투입산출표 취업유발계수표(생산자가격, 대분류)","광산품","제조임가공 및 산업용 장비 수리","명/십억원","원자료","0.244046","0.239806","0.229743","0.235346"
"2.2.1.2.6. 투입산출표 취업유발계수표(생산자가격, 대분류)","광산품","전력, 가스 및 증기","명/십억원","원자료","0.05304","0.04682","0.042631","0.048112"
"2.2.1.2.6. 투입산출표 취업유발계수표(생산자가격, 대분류)","광산품","수도, 폐기물처리 및 재활용서비스","명/십억원","원자료","0.05245","0.051684","0.039924","0.035913"
"2.2.1.2.6. 투입산출표 취업유발계수표(생산자가격, 대분류)","광산품","건설","명/십억원","원자료","0.090827","0.098869","0.06577","0.044902"
"2.2.1.2.6. 투입산출표 취업유발계수표(생산자가격, 대분류)","광산품","도소매 및 상품중개서비스","명/십억원","원자료","0.466257","0.440815","0.398486","0.361438"
"2.2.1.2.6. 투입산출표 취업유발계수표(생산자가격, 대분류)","광산품","운송서비스","명/십억원","원자료","1.745702","1.588987","1.428033","1.314047"
"2.2.1.2.6. 투입산출표 취업유발계수표(생산자가격, 대분류)","광산품","음식점 및 숙박서비스","명/십억원","원자료","0.322736","0.300222","0.297223","0.30735"
"2.2.1.2.6. 투입산출표 취업유발계수표(생산자가격, 대분류)","광산품","정보통신 및 방송 서비스","명/십억원","원자료","0.100199","0.085903","0.088303","0.086297"
"2.2.1.2.6. 투입산출표 취업유발계수표(생산자가격, 대분류)","광산품","금융 및 보험 서비스","명/십억원","원자료","0.144402","0.12801","0.104988","0.087936"
"2.2.1.2.6. 투입산출표 취업유발계수표(생산자가격, 대분류)","광산품","부동산서비스","명/십억원","원자료","0.030228","0.028276","0.026795","0.027412"
"2.2.1.2.6. 투입산출표 취업유발계수표(생산자가격, 대분류)","광산품","전문, 과학 및 기술 서비스","명/십억원","원자료","0.470989","0.434204","0.417003","0.434595"
"2.2.1.2.6. 투입산출표 취업유발계수표(생산자가격, 대분류)","광산품","사업지원서비스","명/십억원","원자료","0.805422","0.768227","0.719212","0.653061"
"2.2.1.2.6. 투입산출표 취업유발계수표(생산자가격, 대분류)","광산품","공공행정, 국방 및 사회보장","명/십억원","원자료","0.027156","0.027569","0.033211","0.029436"
"2.2.1.2.6. 투입산출표 취업유발계수표(생산자가격, 대분류)","광산품","교육서비스","명/십억원","원자료","0.008105","0.0129","0.010316","0.00899"
"2.2.1.2.6. 투입산출표 취업유발계수표(생산자가격, 대분류)","광산품","보건 및 사회복지 서비스","명/십억원","원자료","0.037628","0.045354","0.04326","0.040494"
"2.2.1.2.6. 투입산출표 취업유발계수표(생산자가격, 대분류)","광산품","예술, 스포츠 및 여가 관련 서비스","명/십억원","원자료","0.081153","0.078801","0.073381","0.067764"
"2.2.1.2.6. 투입산출표 취업유발계수표(생산자가격, 대분류)","광산품","기타 서비스","명/십억원","원자료","0.203575","0.185461","0.169334","0.152897"
"2.2.1.2.6. 투입산출표 취업유발계수표(생산자가격, 대분류)","광산품","기타","명/십억원","원자료","0","0","0","0"
"2.2.1.2.6. 투입산출표 취업유발계수표(생산자가격, 대분류)","광산품","열합","명/십억원","원자료","8.709324","7.65273","7.126271","6.505644"
"2.2.1.2.6. 투입산출표 취업유발계수표(생산자가격, 대분류)","음식료품","농림수산품","명/십억원","원자료","5.686047","5.143761","4.819393","4.596281"
"2.2.1.2.6. 투입산출표 취업유발계수표(생산자가격, 대분류)","음식료품","광산품","명/십억원","원자료","0.003128","0.002393","0.003269","0.00207"
"2.2.1.2.6. 투입산출표 취업유발계수표(생산자가격, 대분류)","음식료품","음식료품","명/십억원","원자료","2.779127","2.64647","2.352474","2.299313"
"2.2.1.2.6. 투입산출표 취업유발계수표(생산자가격, 대분류)","음식료품","섬유 및 가죽제품","명/십억원","원자료","0.034485","0.034323","0.024587","0.016078"
"2.2.1.2.6. 투입산출표 취업유발계수표(생산자가격, 대분류)","음식료품","목재 및 종이, 인쇄","명/십억원","원자료","0.141466","0.126269","0.113445","0.114366"
"2.2.1.2.6. 투입산출표 취업유발계수표(생산자가격, 대분류)","음식료품","석탄 및 석유제품","명/십억원","원자료","0.002003","0.001909","0.001704","0.001597"
"2.2.1.2.6. 투입산출표 취업유발계수표(생산자가격, 대분류)","음식료품","화학제품","명/십억원","원자료","0.114542","0.101075","0.086884","0.090859"
"2.2.1.2.6. 투입산출표 취업유발계수표(생산자가격, 대분류)","음식료품","비금속광물제품","명/십억원","원자료","0.023748","0.019458","0.017242","0.016048"
"2.2.1.2.6. 투입산출표 취업유발계수표(생산자가격, 대분류)","음식료품","1차 금속제품","명/십억원","원자료","0.008721","0.008121","0.007397","0.007022"
"2.2.1.2.6. 투입산출표 취업유발계수표(생산자가격, 대분류)","음식료품","금속가공제품","명/십억원","원자료","0.075824","0.067946","0.062067","0.060205"
"2.2.1.2.6. 투입산출표 취업유발계수표(생산자가격, 대분류)","음식료품","컴퓨터, 전자 및 광학기기","명/십억원","원자료","0.016116","0.012934","0.012571","0.014441"
"2.2.1.2.6. 투입산출표 취업유발계수표(생산자가격, 대분류)","음식료품","전기장비","명/십억원","원자료","0.017963","0.016287","0.016862","0.016528"
"2.2.1.2.6. 투입산출표 취업유발계수표(생산자가격, 대분류)","음식료품","기계 및 장비","명/십억원","원자료","0.018497","0.016712","0.016484","0.014244"
"2.2.1.2.6. 투입산출표 취업유발계수표(생산자가격, 대분류)","음식료품","운송장비","명/십억원","원자료","0.01559","0.013546","0.012255","0.010953"
"2.2.1.2.6. 투입산출표 취업유발계수표(생산자가격, 대분류)","음식료품","기타 제조업 제품","명/십억원","원자료","0.015763","0.014615","0.015161","0.016409"
"2.2.1.2.6. 투입산출표 취업유발계수표(생산자가격, 대분류)","음식료품","제조임가공 및 산업용 장비 수리","명/십억원","원자료","0.26898","0.232206","0.249855","0.254436"
"2.2.1.2.6. 투입산출표 취업유발계수표(생산자가격, 대분류)","음식료품","전력, 가스 및 증기","명/십억원","원자료","0.025678","0.023496","0.023199","0.026582"
"2.2.1.2.6. 투입산출표 취업유발계수표(생산자가격, 대분류)","음식료품","수도, 폐기물처리 및 재활용서비스","명/십억원","원자료","0.062803","0.05522","0.047169","0.044575"
"2.2.1.2.6. 투입산출표 취업유발계수표(생산자가격, 대분류)","음식료품","건설","명/십억원","원자료","0.028935","0.028863","0.020739","0.016414"
"2.2.1.2.6. 투입산출표 취업유발계수표(생산자가격, 대분류)","음식료품","도소매 및 상품중개서비스","명/십억원","원자료","1.193295","1.046078","0.90381","0.929011"
"2.2.1.2.6. 투입산출표 취업유발계수표(생산자가격, 대분류)","음식료품","운송서비스","명/십억원","원자료","0.622469","0.581072","0.505372","0.528575"
"2.2.1.2.6. 투입산출표 취업유발계수표(생산자가격, 대분류)","음식료품","음식점 및 숙박서비스","명/십억원","원자료","0.174582","0.1513","0.160747","0.172528"
"2.2.1.2.6. 투입산출표 취업유발계수표(생산자가격, 대분류)","음식료품","정보통신 및 방송 서비스","명/십억원","원자료","0.082496","0.068645","0.070598","0.076367"
"2.2.1.2.6. 투입산출표 취업유발계수표(생산자가격, 대분류)","음식료품","금융 및 보험 서비스","명/십억원","원자료","0.118283","0.112364","0.103115","0.094285"
"2.2.1.2.6. 투입산출표 취업유발계수표(생산자가격, 대분류)","음식료품","부동산서비스","명/십억원","원자료","0.033827","0.030809","0.029519","0.033173"
"2.2.1.2.6. 투입산출표 취업유발계수표(생산자가격, 대분류)","음식료품","전문, 과학 및 기술 서비스","명/십억원","원자료","0.43637","0.40852","0.412028","0.481184"
"2.2.1.2.6. 투입산출표 취업유발계수표(생산자가격, 대분류)","음식료품","사업지원서비스","명/십억원","원자료","0.242308","0.223974","0.227201","0.222032"
"2.2.1.2.6. 투입산출표 취업유발계수표(생산자가격, 대분류)","음식료품","공공행정, 국방 및 사회보장","명/십억원","원자료","0.017046","0.016746","0.019892","0.016906"
"2.2.1.2.6. 투입산출표 취업유발계수표(생산자가격, 대분류)","음식료품","교육서비스","명/십억원","원자료","0.008659","0.013333","0.010527","0.0103"
"2.2.1.2.6. 투입산출표 취업유발계수표(생산자가격, 대분류)","음식료품","보건 및 사회복지 서비스","명/십억원","원자료","0.023294","0.024724","0.026491","0.023638"
"2.2.1.2.6. 투입산출표 취업유발계수표(생산자가격, 대분류)","음식료품","예술, 스포츠 및 여가 관련 서비스","명/십억원","원자료","0.024561","0.02087","0.021471","0.020719"
"2.2.1.2.6. 투입산출표 취업유발계수표(생산자가격, 대분류)","음식료품","기타 서비스","명/십억원","원자료","0.102689","0.084465","0.089537","0.083471"
"2.2.1.2.6. 투입산출표 취업유발계수표(생산자가격, 대분류)","음식료품","기타","명/십억원","원자료","0","0","0","0"
"2.2.1.2.6. 투입산출표 취업유발계수표(생산자가격, 대분류)","음식료품","열합","명/십억원","원자료","12.419293","11.348501","10.483064","10.310611"
"2.2.1.2.6. 투입산출표 취업유발계수표(생산자가격, 대분류)","섬유 및 가죽제품","농림수산품","명/십억원","원자료","0.11155","0.133067","0.117123","0.102453"
"2.2.1.2.6. 투입산출표 취업유발계수표(생산자가격, 대분류)","섬유 및 가죽제품","광산품","명/십억원","원자료","0.001335","0.001396","0.002187","0.000816"
"2.2.1.2.6. 투입산출표 취업유발계수표(생산자가격, 대분류)","섬유 및 가죽제품","음식료품","명/십억원","원자료","0.024786","0.036702","0.028776","0.023512"
"2.2.1.2.6. 투입산출표 취업유발계수표(생산자가격, 대분류)","섬유 및 가죽제품","섬유 및 가죽제품","명/십억원","원자료","3.765552","3.369228","2.776453","2.523412"
"2.2.1.2.6. 투입산출표 취업유발계수표(생산자가격, 대분류)","섬유 및 가죽제품","목재 및 종이, 인쇄","명/십억원","원자료","0.041104","0.038819","0.03459","0.032105"
"2.2.1.2.6. 투입산출표 취업유발계수표(생산자가격, 대분류)","섬유 및 가죽제품","석탄 및 석유제품","명/십억원","원자료","0.001694","0.001686","0.001475","0.001365"
"2.2.1.2.6. 투입산출표 취업유발계수표(생산자가격, 대분류)","섬유 및 가죽제품","화학제품","명/십억원","원자료","0.20483","0.175376","0.155065","0.158839"
"2.2.1.2.6. 투입산출표 취업유발계수표(생산자가격, 대분류)","섬유 및 가죽제품","비금속광물제품","명/십억원","원자료","0.006042","0.006512","0.00527","0.004029"
"2.2.1.2.6. 투입산출표 취업유발계수표(생산자가격, 대분류)","섬유 및 가죽제품","1차 금속제품","명/십억원","원자료","0.005792","0.005834","0.005036","0.004645"
"2.2.1.2.6. 투입산출표 취업유발계수표(생산자가격, 대분류)","섬유 및 가죽제품","금속가공제품","명/십억원","원자료","0.030416","0.026985","0.023042","0.02249"
"2.2.1.2.6. 투입산출표 취업유발계수표(생산자가격, 대분류)","섬유 및 가죽제품","컴퓨터, 전자 및 광학기기","명/십억원","원자료","0.014253","0.012044","0.010761","0.012259"
"2.2.1.2.6. 투입산출표 취업유발계수표(생산자가격, 대분류)","섬유 및 가죽제품","전기장비","명/십억원","원자료","0.016961","0.016584","0.015904","0.015457"
"2.2.1.2.6. 투입산출표 취업유발계수표(생산자가격, 대분류)","섬유 및 가죽제품","기계 및 장비","명/십억원","원자료","0.011257","0.011463","0.010667","0.008621"
"2.2.1.2.6. 투입산출표 취업유발계수표(생산자가격, 대분류)","섬유 및 가죽제품","운송장비","명/십억원","원자료","0.015932","0.015877","0.013023","0.011437"
"2.2.1.2.6. 투입산출표 취업유발계수표(생산자가격, 대분류)","섬유 및 가죽제품","기타 제조업 제품","명/십억원","원자료","0.015534","0.012725","0.011801","0.014224"
"2.2.1.2.6. 투입산출표 취업유발계수표(생산자가격, 대분류)","섬유 및 가죽제품","제조임가공 및 산업용 장비 수리","명/십억원","원자료","0.471936","0.503403","0.463101","0.469285"
"2.2.1.2.6. 투입산출표 취업유발계수표(생산자가격, 대분류)","섬유 및 가죽제품","전력, 가스 및 증기","명/십억원","원자료","0.023561","0.024755","0.021796","0.023857"
"2.2.1.2.6. 투입산출표 취업유발계수표(생산자가격, 대분류)","섬유 및 가죽제품","수도, 폐기물처리 및 재활용서비스","명/십억원","원자료","0.065831","0.099149","0.061757","0.048682"
"2.2.1.2.6. 투입산출표 취업유발계수표(생산자가격, 대분류)","섬유 및 가죽제품","건설","명/십억원","원자료","0.018752","0.020203","0.01466","0.012339"
"2.2.1.2.6. 투입산출표 취업유발계수표(생산자가격, 대분류)","섬유 및 가죽제품","도소매 및 상품중개서비스","명/십억원","원자료","1.233911","1.151034","0.987814","0.922963"
"2.2.1.2.6. 투입산출표 취업유발계수표(생산자가격, 대분류)","섬유 및 가죽제품","운송서비스","명/십억원","원자료","0.573378","0.550439","0.483058","0.505368"
"2.2.1.2.6. 투입산출표 취업유발계수표(생산자가격, 대분류)","섬유 및 가죽제품","음식점 및 숙박서비스","명/십억원","원자료","0.217481","0.183892","0.172932","0.194166"
"2.2.1.2.6. 투입산출표 취업유발계수표(생산자가격, 대분류)","섬유 및 가죽제품","정보통신 및 방송 서비스","명/십억원","원자료","0.078538","0.067481","0.063872","0.066849"
"2.2.1.2.6. 투입산출표 취업유발계수표(생산자가격, 대분류)","섬유 및 가죽제품","금융 및 보험 서비스","명/십억원","원자료","0.134208","0.126422","0.11058","0.100554"
"2.2.1.2.6. 투입산출표 취업유발계수표(생산자가격, 대분류)","섬유 및 가죽제품","부동산서비스","명/십억원","원자료","0.040576","0.034982","0.032","0.036426"
"2.2.1.2.6. 투입산출표 취업유발계수표(생산자가격, 대분류)","섬유 및 가죽제품","전문, 과학 및 기술 서비스","명/십억원","원자료","0.318044","0.297","0.25987","0.299568"
"2.2.1.2.6. 투입산출표 취업유발계수표(생산자가격, 대분류)","섬유 및 가죽제품","사업지원서비스","명/십억원","원자료","0.283038","0.257322","0.225126","0.238167"
"2.2.1.2.6. 투입산출표 취업유발계수표(생산자가격, 대분류)","섬유 및 가죽제품","공공행정, 국방 및 사회보장","명/십억원","원자료","0.009379","0.009947","0.012441","0.010827"
"2.2.1.2.6. 투입산출표 취업유발계수표(생산자가격, 대분류)","섬유 및 가죽제품","교육서비스","명/십억원","원자료","0.008451","0.01394","0.010592","0.009846"
"2.2.1.2.6. 투입산출표 취업유발계수표(생산자가격, 대분류)","섬유 및 가죽제품","보건 및 사회복지 서비스","명/십억원","원자료","0.02243","0.025237","0.022136","0.021305"
"2.2.1.2.6. 투입산출표 취업유발계수표(생산자가격, 대분류)","섬유 및 가죽제품","예술, 스포츠 및 여가 관련 서비스","명/십억원","원자료","0.029792","0.025958","0.023103","0.023462"
"2.2.1.2.6. 투입산출표 취업유발계수표(생산자가격, 대분류)","섬유 및 가죽제품","기타 서비스","명/십억원","원자료","0.097895","0.088244","0.078774","0.075431"
"2.2.1.2.6. 투입산출표 취업유발계수표(생산자가격, 대분류)","섬유 및 가죽제품","기타","명/십억원","원자료","0","0","0","0"
"2.2.1.2.6. 투입산출표 취업유발계수표(생산자가격, 대분류)","섬유 및 가죽제품","열합","명/십억원","원자료","7.894239","7.343705","6.254785","5.994757"
"2.2.1.2.6. 투입산출표 취업유발계수표(생산자가격, 대분류)","목재 및 종이, 인쇄","농림수산품","명/십억원","원자료","0.261489","0.229802","0.231461","0.22683"
"2.2.1.2.6. 투입산출표 취업유발계수표(생산자가격, 대분류)","목재 및 종이, 인쇄","광산품","명/십억원","원자료","0.002528","0.002041","0.003757","0.001521"
"2.2.1.2.6. 투입산출표 취업유발계수표(생산자가격, 대분류)","목재 및 종이, 인쇄","음식료품","명/십억원","원자료","0.029968","0.028362","0.028373","0.028635"
"2.2.1.2.6. 투입산출표 취업유발계수표(생산자가격, 대분류)","목재 및 종이, 인쇄","섬유 및 가죽제품","명/십억원","원자료","0.086232","0.073727","0.06177","0.03726"
"2.2.1.2.6. 투입산출표 취업유발계수표(생산자가격, 대분류)","목재 및 종이, 인쇄","목재 및 종이, 인쇄","명/십억원","원자료","4.435903","3.813905","3.59471","3.685056"
"2.2.1.2.6. 투입산출표 취업유발계수표(생산자가격, 대분류)","목재 및 종이, 인쇄","석탄 및 석유제품","명/십억원","원자료","0.0021","0.001934","0.001782","0.001704"
"2.2.1.2.6. 투입산출표 취업유발계수표(생산자가격, 대분류)","목재 및 종이, 인쇄","화학제품","명/십억원","원자료","0.181266","0.165041","0.149248","0.15025"
"2.2.1.2.6. 투입산출표 취업유발계수표(생산자가격, 대분류)","목재 및 종이, 인쇄","비금속광물제품","명/십억원","원자료","0.010439","0.009758","0.008288","0.006478"
"2.2.1.2.6. 투입산출표 취업유발계수표(생산자가격, 대분류)","목재 및 종이, 인쇄","1차 금속제품","명/십억원","원자료","0.010112","0.009495","0.00837","0.008145"
"2.2.1.2.6. 투입산출표 취업유발계수표(생산자가격, 대분류)","목재 및 종이, 인쇄","금속가공제품","명/십억원","원자료","0.073778","0.067765","0.058306","0.058836"
"2.2.1.2.6. 투입산출표 취업유발계수표(생산자가격, 대분류)","목재 및 종이, 인쇄","컴퓨터, 전자 및 광학기기","명/십억원","원자료","0.022797","0.016951","0.015284","0.019361"
"2.2.1.2.6. 투입산출표 취업유발계수표(생산자가격, 대분류)","목재 및 종이, 인쇄","전기장비","명/십억원","원자료","0.026988","0.024662","0.023369","0.023399"
"2.2.1.2.6. 투입산출표 취업유발계수표(생산자가격, 대분류)","목재 및 종이, 인쇄","기계 및 장비","명/십억원","원자료","0.018607","0.017805","0.016224","0.014347"
"2.2.1.2.6. 투입산출표 취업유발계수표(생산자가격, 대분류)","목재 및 종이, 인쇄","운송장비","명/십억원","원자료","0.020194","0.017194","0.014407","0.013277"
"2.2.1.2.6. 투입산출표 취업유발계수표(생산자가격, 대분류)","목재 및 종이, 인쇄","기타 제조업 제품","명/십억원","원자료","0.013271","0.01446","0.013676","0.013454"
"2.2.1.2.6. 투입산출표 취업유발계수표(생산자가격, 대분류)","목재 및 종이, 인쇄","제조임가공 및 산업용 장비 수리","명/십억원","원자료","0.310102","0.283911","0.266449","0.286302"
"2.2.1.2.6. 투입산출표 취업유발계수표(생산자가격, 대분류)","목재 및 종이, 인쇄","전력, 가스 및 증기","명/십억원","원자료","0.050373","0.042768","0.038768","0.046976"
"2.2.1.2.6. 투입산출표 취업유발계수표(생산자가격, 대분류)","목재 및 종이, 인쇄","수도, 폐기물처리 및 재활용서비스","명/십억원","원자료","0.101613","0.133486","0.089897","0.083738"
"2.2.1.2.6. 투입산출표 취업유발계수표(생산자가격, 대분류)","목재 및 종이, 인쇄","건설","명/십억원","원자료","0.032664","0.031225","0.022544","0.018274"
"2.2.1.2.6. 투입산출표 취업유발계수표(생산자가격, 대분류)","목재 및 종이, 인쇄","도소매 및 상품중개서비스","명/십억원","원자료","1.056303","0.920927","0.805271","0.788381"
"2.2.1.2.6. 투입산출표 취업유발계수표(생산자가격, 대분류)","목재 및 종이, 인쇄","운송서비스","명/십억원","원자료","0.730678","0.654401","0.55553","0.59116"
"2.2.1.2.6. 투입산출표 취업유발계수표(생산자가격, 대분류)","목재 및 종이, 인쇄","음식점 및 숙박서비스","명/십억원","원자료","0.241114","0.208643","0.201469","0.224962"
"2.2.1.2.6. 투입산출표 취업유발계수표(생산자가격, 대분류)","목재 및 종이, 인쇄","정보통신 및 방송 서비스","명/십억원","원자료","0.103597","0.087013","0.086527","0.093495"
"2.2.1.2.6. 투입산출표 취업유발계수표(생산자가격, 대분류)","목재 및 종이, 인쇄","금융 및 보험 서비스","명/십억원","원자료","0.146784","0.134598","0.117893","0.109688"
"2.2.1.2.6. 투입산출표 취업유발계수표(생산자가격, 대분류)","목재 및 종이, 인쇄","부동산서비스","명/십억원","원자료","0.038411","0.034944","0.032637","0.03593"
"2.2.1.2.6. 투입산출표 취업유발계수표(생산자가격, 대분류)","목재 및 종이, 인쇄","전문, 과학 및 기술 서비스","명/십억원","원자료","0.349268","0.327351","0.292391","0.347108"
"2.2.1.2.6. 투입산출표 취업유발계수표(생산자가격, 대분류)","목재 및 종이, 인쇄","사업지원서비스","명/십억원","원자료","0.352458","0.324656","0.291202","0.296936"
"2.2.1.2.6. 투입산출표 취업유발계수표(생산자가격, 대분류)","목재 및 종이, 인쇄","공공행정, 국방 및 사회보장","명/십억원","원자료","0.01879","0.017575","0.022217","0.020213"
"2.2.1.2.6. 투입산출표 취업유발계수표(생산자가격, 대분류)","목재 및 종이, 인쇄","교육서비스","명/십억원","원자료","0.011043","0.016668","0.013177","0.01253"
"2.2.1.2.6. 투입산출표 취업유발계수표(생산자가격, 대분류)","목재 및 종이, 인쇄","보건 및 사회복지 서비스","명/십억원","원자료","0.028671","0.031227","0.028187","0.028469"
"2.2.1.2.6. 투입산출표 취업유발계수표(생산자가격, 대분류)","목재 및 종이, 인쇄","예술, 스포츠 및 여가 관련 서비스","명/십억원","원자료","0.035883","0.031067","0.028498","0.029353"
"2.2.1.2.6. 투입산출표 취업유발계수표(생산자가격, 대분류)","목재 및 종이, 인쇄","기타 서비스","명/십억원","원자료","0.114408","0.097072","0.088239","0.087827"
"2.2.1.2.6. 투입산출표 취업유발계수표(생산자가격, 대분류)","목재 및 종이, 인쇄","기타","명/십억원","원자료","0","0","0","0"
"2.2.1.2.6. 투입산출표 취업유발계수표(생산자가격, 대분류)","목재 및 종이, 인쇄","열합","명/십억원","원자료","8.917833","7.870434","7.209918","7.389895"
"2.2.1.2.6. 투입산출표 취업유발계수표(생산자가격, 대분류)","석탄 및 석유제품","농림수산품","명/십억원","원자료","0.028466","0.018202","0.018373","0.018198"
"2.2.1.2.6. 투입산출표 취업유발계수표(생산자가격, 대분류)","석탄 및 석유제품","광산품","명/십억원","원자료","0.005186","0.002438","0.004254","0.001632"
"2.2.1.2.6. 투입산출표 취업유발계수표(생산자가격, 대분류)","석탄 및 석유제품","음식료품","명/십억원","원자료","0.007661","0.005128","0.004958","0.004768"
"2.2.1.2.6. 투입산출표 취업유발계수표(생산자가격, 대분류)","석탄 및 석유제품","섬유 및 가죽제품","명/십억원","원자료","0.012049","0.007282","0.005302","0.003584"
"2.2.1.2.6. 투입산출표 취업유발계수표(생산자가격, 대분류)","석탄 및 석유제품","목재 및 종이, 인쇄","명/십억원","원자료","0.016622","0.009899","0.008894","0.008515"
"2.2.1.2.6. 투입산출표 취업유발계수표(생산자가격, 대분류)","석탄 및 석유제품","석탄 및 석유제품","명/십억원","원자료","0.102512","0.084069","0.061558","0.070895"
"2.2.1.2.6. 투입산출표 취업유발계수표(생산자가격, 대분류)","석탄 및 석유제품","화학제품","명/십억원","원자료","0.056603","0.042454","0.031115","0.0343"
"2.2.1.2.6. 투입산출표 취업유발계수표(생산자가격, 대분류)","석탄 및 석유제품","비금속광물제품","명/십억원","원자료","0.007088","0.004491","0.003649","0.003031"
"2.2.1.2.6. 투입산출표 취업유발계수표(생산자가격, 대분류)","석탄 및 석유제품","1차 금속제품","명/십억원","원자료","0.016397","0.00976","0.00883","0.007678"
"2.2.1.2.6. 투입산출표 취업유발계수표(생산자가격, 대분류)","석탄 및 석유제품","금속가공제품","명/십억원","원자료","0.120072","0.070632","0.062639","0.056717"
"2.2.1.2.6. 투입산출표 취업유발계수표(생산자가격, 대분류)","석탄 및 석유제품","컴퓨터, 전자 및 광학기기","명/십억원","원자료","0.020773","0.010146","0.009776","0.010816"
"2.2.1.2.6. 투입산출표 취업유발계수표(생산자가격, 대분류)","석탄 및 석유제품","전기장비","명/십억원","원자료","0.020157","0.012227","0.010794","0.009789"
"2.2.1.2.6. 투입산출표 취업유발계수표(생산자가격, 대분류)","석탄 및 석유제품","기계 및 장비","명/십억원","원자료","0.050487","0.028201","0.028466","0.022562"
"2.2.1.2.6. 투입산출표 취업유발계수표(생산자가격, 대분류)","석탄 및 석유제품","운송장비","명/십억원","원자료","0.010951","0.005665","0.005102","0.004584"
"2.2.1.2.6. 투입산출표 취업유발계수표(생산자가격, 대분류)","석탄 및 석유제품","기타 제조업 제품","명/십억원","원자료","0.004293","0.002952","0.002699","0.002694"
"2.2.1.2.6. 투입산출표 취업유발계수표(생산자가격, 대분류)","석탄 및 석유제품","제조임가공 및 산업용 장비 수리","명/십억원","원자료","0.076099","0.039503","0.035542","0.036564"
"2.2.1.2.6. 투입산출표 취업유발계수표(생산자가격, 대분류)","석탄 및 석유제품","전력, 가스 및 증기","명/십억원","원자료","0.029351","0.022023","0.018094","0.020375"
"2.2.1.2.6. 투입산출표 취업유발계수표(생산자가격, 대분류)","석탄 및 석유제품","수도, 폐기물처리 및 재활용서비스","명/십억원","원자료","0.021132","0.015858","0.010372","0.010264"
"2.2.1.2.6. 투입산출표 취업유발계수표(생산자가격, 대분류)","석탄 및 석유제품","건설","명/십억원","원자료","0.021171","0.013137","0.00866","0.006406"
"2.2.1.2.6. 투입산출표 취업유발계수표(생산자가격, 대분류)","석탄 및 석유제품","도소매 및 상품중개서비스","명/십억원","원자료","0.248129","0.164818","0.142136","0.139309"
"2.2.1.2.6. 투입산출표 취업유발계수표(생산자가격, 대분류)","석탄 및 석유제품","운송서비스","명/십억원","원자료","0.235829","0.158267","0.111221","0.121268"
"2.2.1.2.6. 투입산출표 취업유발계수표(생산자가격, 대분류)","석탄 및 석유제품","음식점 및 숙박서비스","명/십억원","원자료","0.073149","0.043122","0.039161","0.043077"
"2.2.1.2.6. 투입산출표 취업유발계수표(생산자가격, 대분류)","석탄 및 석유제품","정보통신 및 방송 서비스","명/십억원","원자료","0.052236","0.028457","0.028204","0.0286"
"2.2.1.2.6. 투입산출표 취업유발계수표(생산자가격, 대분류)","석탄 및 석유제품","금융 및 보험 서비스","명/십억원","원자료","0.040979","0.042643","0.037114","0.035841"
"2.2.1.2.6. 투입산출표 취업유발계수표(생산자가격, 대분류)","석탄 및 석유제품","부동산서비스","명/십억원","원자료","0.011963","0.007576","0.006912","0.0076"
"2.2.1.2.6. 투입산출표 취업유발계수표(생산자가격, 대분류)","석탄 및 석유제품","전문, 과학 및 기술 서비스","명/십억원","원자료","0.225701","0.137871","0.118009","0.132829"
"2.2.1.2.6. 투입산출표 취업유발계수표(생산자가격, 대분류)","석탄 및 석유제품","사업지원서비스","명/십억원","원자료","0.151898","0.095083","0.07745","0.077107"
"2.2.1.2.6. 투입산출표 취업유발계수표(생산자가격, 대분류)","석탄 및 석유제품","공공행정, 국방 및 사회보장","명/십억원","원자료","0.012181","0.006752","0.009126","0.007492"
"2.2.1.2.6. 투입산출표 취업유발계수표(생산자가격, 대분류)","석탄 및 석유제품","교육서비스","명/십억원","원자료","0.005037","0.005053","0.003926","0.003711"
"2.2.1.2.6. 투입산출표 취업유발계수표(생산자가격, 대분류)","석탄 및 석유제품","보건 및 사회복지 서비스","명/십억원","원자료","0.008311","0.005848","0.005236","0.005155"
"2.2.1.2.6. 투입산출표 취업유발계수표(생산자가격, 대분류)","석탄 및 석유제품","예술, 스포츠 및 여가 관련 서비스","명/십억원","원자료","0.013789","0.007926","0.006983","0.006666"
"2.2.1.2.6. 투입산출표 취업유발계수표(생산자가격, 대분류)","석탄 및 석유제품","기타 서비스","명/십억원","원자료","0.053588","0.03355","0.023904","0.024114"
"2.2.1.2.6. 투입산출표 취업유발계수표(생산자가격, 대분류)","석탄 및 석유제품","기타","명/십억원","원자료","0","0","0","0"
"2.2.1.2.6. 투입산출표 취업유발계수표(생산자가격, 대분류)","석탄 및 석유제품","열합","명/십억원","원자료","1.759862","1.141032","0.948459","0.966141"
"2.2.1.2.6. 투입산출표 취업유발계수표(생산자가격, 대분류)","화학제품","농림수산품","명/십억원","원자료","0.12306","0.105771","0.110991","0.113304"
"2.2.1.2.6. 투입산출표 취업유발계수표(생산자가격, 대분류)","화학제품","광산품","명/십억원","원자료","0.005046","0.004209","0.005171","0.003444"
"2.2.1.2.6. 투입산출표 취업유발계수표(생산자가격, 대분류)","화학제품","음식료품","명/십억원","원자료","0.028773","0.027584","0.027113","0.025178"
"2.2.1.2.6. 투입산출표 취업유발계수표(생산자가격, 대분류)","화학제품","섬유 및 가죽제품","명/십억원","원자료","0.036584","0.041132","0.032757","0.015905"
"2.2.1.2.6. 투입산출표 취업유발계수표(생산자가격, 대분류)","화학제품","목재 및 종이, 인쇄","명/십억원","원자료","0.050734","0.041045","0.037586","0.037205"
"2.2.1.2.6. 투입산출표 취업유발계수표(생산자가격, 대분류)","화학제품","석탄 및 석유제품","명/십억원","원자료","0.006434","0.006024","0.004815","0.005077"
"2.2.1.2.6. 투입산출표 취업유발계수표(생산자가격, 대분류)","화학제품","화학제품","명/십억원","원자료","1.921221","1.620945","1.462696","1.571595"
"2.2.1.2.6. 투입산출표 취업유발계수표(생산자가격, 대분류)","화학제품","비금속광물제품","명/십억원","원자료","0.017966","0.015405","0.011509","0.010148"
"2.2.1.2.6. 투입산출표 취업유발계수표(생산자가격, 대분류)","화학제품","1차 금속제품","명/십억원","원자료","0.013664","0.012429","0.009957","0.00908"
"2.2.1.2.6. 투입산출표 취업유발계수표(생산자가격, 대분류)","화학제품","금속가공제품","명/십억원","원자료","0.059623","0.048016","0.042012","0.038675"
"2.2.1.2.6. 투입산출표 취업유발계수표(생산자가격, 대분류)","화학제품","컴퓨터, 전자 및 광학기기","명/십억원","원자료","0.017111","0.012","0.011149","0.012997"
"2.2.1.2.6. 투입산출표 취업유발계수표(생산자가격, 대분류)","화학제품","전기장비","명/십억원","원자료","0.01934","0.015803","0.014754","0.015062"
"2.2.1.2.6. 투입산출표 취업유발계수표(생산자가격, 대분류)","화학제품","기계 및 장비","명/십억원","원자료","0.019753","0.016072","0.01596","0.012643"
"2.2.1.2.6. 투입산출표 취업유발계수표(생산자가격, 대분류)","화학제품","운송장비","명/십억원","원자료","0.014749","0.011655","0.009918","0.009257"
"2.2.1.2.6. 투입산출표 취업유발계수표(생산자가격, 대분류)","화학제품","기타 제조업 제품","명/십억원","원자료","0.007872","0.007438","0.006861","0.007275"
"2.2.1.2.6. 투입산출표 취업유발계수표(생산자가격, 대분류)","화학제품","제조임가공 및 산업용 장비 수리","명/십억원","원자료","0.242034","0.201072","0.191536","0.199694"
"2.2.1.2.6. 투입산출표 취업유발계수표(생산자가격, 대분류)","화학제품","전력, 가스 및 증기","명/십억원","원자료","0.042408","0.034006","0.031008","0.035694"
"2.2.1.2.6. 투입산출표 취업유발계수표(생산자가격, 대분류)","화학제품","수도, 폐기물처리 및 재활용서비스","명/십억원","원자료","0.100738","0.091223","0.079287","0.090556"
"2.2.1.2.6. 투입산출표 취업유발계수표(생산자가격, 대분류)","화학제품","건설","명/십억원","원자료","0.027196","0.02306","0.015907","0.01263"
"2.2.1.2.6. 투입산출표 취업유발계수표(생산자가격, 대분류)","화학제품","도소매 및 상품중개서비스","명/십억원","원자료","0.680031","0.576135","0.504331","0.515034"
"2.2.1.2.6. 투입산출표 취업유발계수표(생산자가격, 대분류)","화학제품","운송서비스","명/십억원","원자료","0.518256","0.44891","0.38795","0.416951"
"2.2.1.2.6. 투입산출표 취업유발계수표(생산자가격, 대분류)","화학제품","음식점 및 숙박서비스","명/십억원","원자료","0.162832","0.127341","0.124056","0.138505"
"2.2.1.2.6. 투입산출표 취업유발계수표(생산자가격, 대분류)","화학제품","정보통신 및 방송 서비스","명/십억원","원자료","0.073776","0.055951","0.05507","0.060634"
"2.2.1.2.6. 투입산출표 취업유발계수표(생산자가격, 대분류)","화학제품","금융 및 보험 서비스","명/십억원","원자료","0.105117","0.087875","0.080116","0.077809"
"2.2.1.2.6. 투입산출표 취업유발계수표(생산자가격, 대분류)","화학제품","부동산서비스","명/십억원","원자료","0.025568","0.021564","0.019906","0.022603"
"2.2.1.2.6. 투입산출표 취업유발계수표(생산자가격, 대분류)","화학제품","전문, 과학 및 기술 서비스","명/십억원","원자료","0.44533","0.371506","0.342998","0.402276"
"2.2.1.2.6. 투입산출표 취업유발계수표(생산자가격, 대분류)","화학제품","사업지원서비스","명/십억원","원자료","0.232265","0.195495","0.174412","0.181222"
"2.2.1.2.6. 투입산출표 취업유발계수표(생산자가격, 대분류)","화학제품","공공행정, 국방 및 사회보장","명/십억원","원자료","0.022456","0.020775","0.026924","0.023397"
"2.2.1.2.6. 투입산출표 취업유발계수표(생산자가격, 대분류)","화학제품","교육서비스","명/십억원","원자료","0.009505","0.013266","0.010025","0.009806"
"2.2.1.2.6. 투입산출표 취업유발계수표(생산자가격, 대분류)","화학제품","보건 및 사회복지 서비스","명/십억원","원자료","0.018665","0.018211","0.016241","0.016443"
"2.2.1.2.6. 투입산출표 취업유발계수표(생산자가격, 대분류)","화학제품","예술, 스포츠 및 여가 관련 서비스","명/십억원","원자료","0.025163","0.019406","0.017571","0.018186"
"2.2.1.2.6. 투입산출표 취업유발계수표(생산자가격, 대분류)","화학제품","기타 서비스","명/십억원","원자료","0.080765","0.063039","0.056603","0.057138"
"2.2.1.2.6. 투입산출표 취업유발계수표(생산자가격, 대분류)","화학제품","기타","명/십억원","원자료","0","0","0","0"
"2.2.1.2.6. 투입산출표 취업유발계수표(생산자가격, 대분류)","화학제품","열합","명/십억원","원자료","5.154034","4.354367","3.937191","4.165425"
"2.2.1.2.6. 투입산출표 취업유발계수표(생산자가격, 대분류)","비금속광물제품","농림수산품","명/십억원","원자료","0.088763","0.082301","0.085715","0.087903"
"2.2.1.2.6. 투입산출표 취업유발계수표(생산자가격, 대분류)","비금속광물제품","광산품","명/십억원","원자료","0.237119","0.193204","0.174952","0.167739"
"2.2.1.2.6. 투입산출표 취업유발계수표(생산자가격, 대분류)","비금속광물제품","음식료품","명/십억원","원자료","0.024126","0.02326","0.022943","0.023135"
"2.2.1.2.6. 투입산출표 취업유발계수표(생산자가격, 대분류)","비금속광물제품","섬유 및 가죽제품","명/십억원","원자료","0.03795","0.042762","0.033791","0.020625"
"2.2.1.2.6. 투입산출표 취업유발계수표(생산자가격, 대분류)","비금속광물제품","목재 및 종이, 인쇄","명/십억원","원자료","0.069678","0.059409","0.053371","0.053439"
"2.2.1.2.6. 투입산출표 취업유발계수표(생산자가격, 대분류)","비금속광물제품","석탄 및 석유제품","명/십억원","원자료","0.005478","0.005201","0.005381","0.005307"
"2.2.1.2.6. 투입산출표 취업유발계수표(생산자가격, 대분류)","비금속광물제품","화학제품","명/십억원","원자료","0.120325","0.110871","0.095163","0.095931"
"2.2.1.2.6. 투입산출표 취업유발계수표(생산자가격, 대분류)","비금속광물제품","비금속광물제품","명/십억원","원자료","2.878287","2.751227","2.505791","2.274537"
"2.2.1.2.6. 투입산출표 취업유발계수표(생산자가격, 대분류)","비금속광물제품","1차 금속제품","명/십억원","원자료","0.030978","0.032562","0.029592","0.026272"
"2.2.1.2.6. 투입산출표 취업유발계수표(생산자가격, 대분류)","비금속광물제품","금속가공제품","명/십억원","원자료","0.094149","0.087373","0.074591","0.069324"
"2.2.1.2.6. 투입산출표 취업유발계수표(생산자가격, 대분류)","비금속광물제품","컴퓨터, 전자 및 광학기기","명/십억원","원자료","0.021019","0.016022","0.014507","0.017223"
"2.2.1.2.6. 투입산출표 취업유발계수표(생산자가격, 대분류)","비금속광물제품","전기장비","명/십억원","원자료","0.04005","0.036997","0.034963","0.034506"
"2.2.1.2.6. 투입산출표 취업유발계수표(생산자가격, 대분류)","비금속광물제품","기계 및 장비","명/십억원","원자료","0.035929","0.030614","0.02749","0.024631"
"2.2.1.2.6. 투입산출표 취업유발계수표(생산자가격, 대분류)","비금속광물제품","운송장비","명/십억원","원자료","0.039334","0.033865","0.027982","0.025188"
"2.2.1.2.6. 투입산출표 취업유발계수표(생산자가격, 대분류)","비금속광물제품","기타 제조업 제품","명/십억원","원자료","0.010608","0.01094","0.009768","0.010158"
"2.2.1.2.6. 투입산출표 취업유발계수표(생산자가격, 대분류)","비금속광물제품","제조임가공 및 산업용 장비 수리","명/십억원","원자료","0.278236","0.242122","0.229618","0.242768"
"2.2.1.2.6. 투입산출표 취업유발계수표(생산자가격, 대분류)","비금속광물제품","전력, 가스 및 증기","명/십억원","원자료","0.051827","0.050197","0.048428","0.050486"
"2.2.1.2.6. 투입산출표 취업유발계수표(생산자가격, 대분류)","비금속광물제품","수도, 폐기물처리 및 재활용서비스","명/십억원","원자료","0.116922","0.115605","0.091039","0.092266"
"2.2.1.2.6. 투입산출표 취업유발계수표(생산자가격, 대분류)","비금속광물제품","건설","명/십억원","원자료","0.03528","0.034513","0.023247","0.018343"
"2.2.1.2.6. 투입산출표 취업유발계수표(생산자가격, 대분류)","비금속광물제품","도소매 및 상품중개서비스","명/십억원","원자료","0.73907","0.653551","0.560017","0.571264"
"2.2.1.2.6. 투입산출표 취업유발계수표(생산자가격, 대분류)","비금속광물제품","운송서비스","명/십억원","원자료","1.529989","1.429455","1.244279","1.263558"
"2.2.1.2.6. 투입산출표 취업유발계수표(생산자가격, 대분류)","비금속광물제품","음식점 및 숙박서비스","명/십억원","원자료","0.228461","0.196516","0.183034","0.206112"
"2.2.1.2.6. 투입산출표 취업유발계수표(생산자가격, 대분류)","비금속광물제품","정보통신 및 방송 서비스","명/십억원","원자료","0.094764","0.078354","0.074419","0.081037"
"2.2.1.2.6. 투입산출표 취업유발계수표(생산자가격, 대분류)","비금속광물제품","금융 및 보험 서비스","명/십억원","원자료","0.136469","0.12616","0.110002","0.1009"
"2.2.1.2.6. 투입산출표 취업유발계수표(생산자가격, 대분류)","비금속광물제품","부동산서비스","명/십억원","원자료","0.031912","0.028865","0.025849","0.028799"
"2.2.1.2.6. 투입산출표 취업유발계수표(생산자가격, 대분류)","비금속광물제품","전문, 과학 및 기술 서비스","명/십억원","원자료","0.463266","0.415794","0.362759","0.436913"
"2.2.1.2.6. 투입산출표 취업유발계수표(생산자가격, 대분류)","비금속광물제품","사업지원서비스","명/십억원","원자료","0.376918","0.35157","0.305863","0.303308"
"2.2.1.2.6. 투입산출표 취업유발계수표(생산자가격, 대분류)","비금속광물제품","공공행정, 국방 및 사회보장","명/십억원","원자료","0.013094","0.012241","0.015116","0.013938"
"2.2.1.2.6. 투입산출표 취업유발계수표(생산자가격, 대분류)","비금속광물제품","교육서비스","명/십억원","원자료","0.011405","0.016389","0.012268","0.011741"
"2.2.1.2.6. 투입산출표 취업유발계수표(생산자가격, 대분류)","비금속광물제품","보건 및 사회복지 서비스","명/십억원","원자료","0.026147","0.027182","0.024167","0.024402"
"2.2.1.2.6. 투입산출표 취업유발계수표(생산자가격, 대분류)","비금속광물제품","예술, 스포츠 및 여가 관련 서비스","명/십억원","원자료","0.038952","0.034023","0.029677","0.030401"
"2.2.1.2.6. 투입산출표 취업유발계수표(생산자가격, 대분류)","비금속광물제품","기타 서비스","명/십억원","원자료","0.165901","0.146855","0.122317","0.11961"
"2.2.1.2.6. 투입산출표 취업유발계수표(생산자가격, 대분류)","비금속광물제품","기타","명/십억원","원자료","0","0","0","0"
"2.2.1.2.6. 투입산출표 취업유발계수표(생산자가격, 대분류)","비금속광물제품","열합","명/십억원","원자료","8.072408","7.476001","6.658097","6.531763"
"2.2.1.2.6. 투입산출표 취업유발계수표(생산자가격, 대분류)","1차 금속제품","농림수산품","명/십억원","원자료","0.059662","0.040514","0.044025","0.053915"
"2.2.1.2.6. 투입산출표 취업유발계수표(생산자가격, 대분류)","1차 금속제품","광산품","명/십억원","원자료","0.012307","0.00599","0.007657","0.006299"
"2.2.1.2.6. 투입산출표 취업유발계수표(생산자가격, 대분류)","1차 금속제품","음식료품","명/십억원","원자료","0.016663","0.011874","0.012301","0.014833"
"2.2.1.2.6. 투입산출표 취업유발계수표(생산자가격, 대분류)","1차 금속제품","섬유 및 가죽제품","명/십억원","원자료","0.022417","0.014877","0.011556","0.009534"
"2.2.1.2.6. 투입산출표 취업유발계수표(생산자가격, 대분류)","1차 금속제품","목재 및 종이, 인쇄","명/십억원","원자료","0.025755","0.017003","0.015646","0.018478"
"2.2.1.2.6. 투입산출표 취업유발계수표(생산자가격, 대분류)","1차 금속제품","석탄 및 석유제품","명/십억원","원자료","0.001497","0.001027","0.000918","0.001042"
"2.2.1.2.6. 투입산출표 취업유발계수표(생산자가격, 대분류)","1차 금속제품","화학제품","명/십억원","원자료","0.052817","0.032723","0.026844","0.03698"
"2.2.1.2.6. 투입산출표 취업유발계수표(생산자가격, 대분류)","1차 금속제품","비금속광물제품","명/십억원","원자료","0.059172","0.041133","0.035389","0.0428"
"2.2.1.2.6. 투입산출표 취업유발계수표(생산자가격, 대분류)","1차 금속제품","1차 금속제품","명/십억원","원자료","1.154936","0.865885","0.800468","0.875249"
"2.2.1.2.6. 투입산출표 취업유발계수표(생산자가격, 대분류)","1차 금속제품","금속가공제품","명/십억원","원자료","0.064","0.043163","0.039048","0.042931"
"2.2.1.2.6. 투입산출표 취업유발계수표(생산자가격, 대분류)","1차 금속제품","컴퓨터, 전자 및 광학기기","명/십억원","원자료","0.017481","0.010475","0.00982","0.013685"
"2.2.1.2.6. 투입산출표 취업유발계수표(생산자가격, 대분류)","1차 금속제품","전기장비","명/십억원","원자료","0.023639","0.016899","0.015424","0.018246"
"2.2.1.2.6. 투입산출표 취업유발계수표(생산자가격, 대분류)","1차 금속제품","기계 및 장비","명/십억원","원자료","0.025708","0.018688","0.017318","0.01798"
"2.2.1.2.6. 투입산출표 취업유발계수표(생산자가격, 대분류)","1차 금속제품","운송장비","명/십억원","원자료","0.015536","0.010676","0.008927","0.009328"
"2.2.1.2.6. 투입산출표 취업유발계수표(생산자가격, 대분류)","1차 금속제품","기타 제조업 제품","명/십억원","원자료","0.008","0.006453","0.005778","0.007127"
"2.2.1.2.6. 투입산출표 취업유발계수표(생산자가격, 대분류)","1차 금속제품","제조임가공 및 산업용 장비 수리","명/십억원","원자료","0.229245","0.145229","0.14609","0.181311"
"2.2.1.2.6. 투입산출표 취업유발계수표(생산자가격, 대분류)","1차 금속제품","전력, 가스 및 증기","명/십억원","원자료","0.064268","0.051029","0.051711","0.061424"
"2.2.1.2.6. 투입산출표 취업유발계수표(생산자가격, 대분류)","1차 금속제품","수도, 폐기물처리 및 재활용서비스","명/십억원","원자료","0.239895","0.264105","0.185772","0.171584"
"2.2.1.2.6. 투입산출표 취업유발계수표(생산자가격, 대분류)","1차 금속제품","건설","명/십억원","원자료","0.030046","0.022097","0.015084","0.013861"
"2.2.1.2.6. 투입산출표 취업유발계수표(생산자가격, 대분류)","1차 금속제품","도소매 및 상품중개서비스","명/십억원","원자료","0.458566","0.341572","0.284026","0.332506"
"2.2.1.2.6. 투입산출표 취업유발계수표(생산자가격, 대분류)","1차 금속제품","운송서비스","명/십억원","원자료","0.518317","0.391321","0.333113","0.382337"
"2.2.1.2.6. 투입산출표 취업유발계수표(생산자가격, 대분류)","1차 금속제품","음식점 및 숙박서비스","명/십억원","원자료","0.157035","0.097117","0.091736","0.124012"
"2.2.1.2.6. 투입산출표 취업유발계수표(생산자가격, 대분류)","1차 금속제품","정보통신 및 방송 서비스","명/십억원","원자료","0.07117","0.045132","0.042335","0.055951"
"2.2.1.2.6. 투입산출표 취업유발계수표(생산자가격, 대분류)","1차 금속제품","금융 및 보험 서비스","명/십억원","원자료","0.10093","0.071878","0.06282","0.065803"
"2.2.1.2.6. 투입산출표 취업유발계수표(생산자가격, 대분류)","1차 금속제품","부동산서비스","명/십억원","원자료","0.025306","0.017574","0.014366","0.018616"
"2.2.1.2.6. 투입산출표 취업유발계수표(생산자가격, 대분류)","1차 금속제품","전문, 과학 및 기술 서비스","명/십억원","원자료","0.378587","0.24412","0.215185","0.312762"
"2.2.1.2.6. 투입산출표 취업유발계수표(생산자가격, 대분류)","1차 금속제품","사업지원서비스","명/십억원","원자료","0.332852","0.221691","0.190051","0.236711"
"2.2.1.2.6. 투입산출표 취업유발계수표(생산자가격, 대분류)","1차 금속제품","공공행정, 국방 및 사회보장","명/십억원","원자료","0.007401","0.005235","0.006556","0.006972"
"2.2.1.2.6. 투입산출표 취업유발계수표(생산자가격, 대분류)","1차 금속제품","교육서비스","명/십억원","원자료","0.010655","0.01094","0.008037","0.00974"
"2.2.1.2.6. 투입산출표 취업유발계수표(생산자가격, 대분류)","1차 금속제품","보건 및 사회복지 서비스","명/십억원","원자료","0.019456","0.01536","0.013108","0.01576"
"2.2.1.2.6. 투입산출표 취업유발계수표(생산자가격, 대분류)","1차 금속제품","예술, 스포츠 및 여가 관련 서비스","명/십억원","원자료","0.032638","0.020103","0.0172","0.021822"
"2.2.1.2.6. 투입산출표 취업유발계수표(생산자가격, 대분류)","1차 금속제품","기타 서비스","명/십억원","원자료","0.103764","0.066644","0.0579","0.068669"
"2.2.1.2.6. 투입산출표 취업유발계수표(생산자가격, 대분류)","1차 금속제품","기타","명/십억원","원자료","0","0","0","0"
"2.2.1.2.6. 투입산출표 취업유발계수표(생산자가격, 대분류)","1차 금속제품","열합","명/십억원","원자료","4.339721","3.168525","2.786208","3.248267"
"2.2.1.2.6. 투입산출표 취업유발계수표(생산자가격, 대분류)","금속가공제품","농림수산품","명/십억원","원자료","0.087506","0.073106","0.082986","0.085346"
"2.2.1.2.6. 투입산출표 취업유발계수표(생산자가격, 대분류)","금속가공제품","광산품","명/십억원","원자료","0.005296","0.003505","0.004454","0.003055"
"2.2.1.2.6. 투입산출표 취업유발계수표(생산자가격, 대분류)","금속가공제품","음식료품","명/십억원","원자료","0.023495","0.020265","0.021595","0.021741"
"2.2.1.2.6. 투입산출표 취업유발계수표(생산자가격, 대분류)","금속가공제품","섬유 및 가죽제품","명/십억원","원자료","0.0379","0.033337","0.026962","0.018993"
"2.2.1.2.6. 투입산출표 취업유발계수표(생산자가격, 대분류)","금속가공제품","목재 및 종이, 인쇄","명/십억원","원자료","0.063254","0.052079","0.050428","0.0488"
"2.2.1.2.6. 투입산출표 취업유발계수표(생산자가격, 대분류)","금속가공제품","석탄 및 석유제품","명/십억원","원자료","0.001797","0.001618","0.001447","0.001396"
"2.2.1.2.6. 투입산출표 취업유발계수표(생산자가격, 대분류)","금속가공제품","화학제품","명/십억원","원자료","0.149078","0.131485","0.119836","0.130729"
"2.2.1.2.6. 투입산출표 취업유발계수표(생산자가격, 대분류)","금속가공제품","비금속광물제품","명/십억원","원자료","0.030453","0.024798","0.022347","0.02082"
"2.2.1.2.6. 투입산출표 취업유발계수표(생산자가격, 대분류)","금속가공제품","1차 금속제품","명/십억원","원자료","0.21401","0.189979","0.175139","0.16942"
"2.2.1.2.6. 투입산출표 취업유발계수표(생산자가격, 대분류)","금속가공제품","금속가공제품","명/십억원","원자료","3.72952","3.303753","3.119942","2.952532"
"2.2.1.2.6. 투입산출표 취업유발계수표(생산자가격, 대분류)","금속가공제품","컴퓨터, 전자 및 광학기기","명/십억원","원자료","0.034114","0.023386","0.02324","0.026938"
"2.2.1.2.6. 투입산출표 취업유발계수표(생산자가격, 대분류)","금속가공제품","전기장비","명/십억원","원자료","0.044855","0.037267","0.036202","0.035326"
"2.2.1.2.6. 투입산출표 취업유발계수표(생산자가격, 대분류)","금속가공제품","기계 및 장비","명/십억원","원자료","0.075681","0.06211","0.060211","0.054586"
"2.2.1.2.6. 투입산출표 취업유발계수표(생산자가격, 대분류)","금속가공제품","운송장비","명/십억원","원자료","0.021692","0.017357","0.015182","0.013895"
"2.2.1.2.6. 투입산출표 취업유발계수표(생산자가격, 대분류)","금속가공제품","기타 제조업 제품","명/십억원","원자료","0.010475","0.010487","0.010587","0.012827"
"2.2.1.2.6. 투입산출표 취업유발계수표(생산자가격, 대분류)","금속가공제품","제조임가공 및 산업용 장비 수리","명/십억원","원자료","0.422679","0.331568","0.333894","0.360889"
"2.2.1.2.6. 투입산출표 취업유발계수표(생산자가격, 대분류)","금속가공제품","전력, 가스 및 증기","명/십억원","원자료","0.047191","0.032426","0.026233","0.029186"
"2.2.1.2.6. 투입산출표 취업유발계수표(생산자가격, 대분류)","금속가공제품","수도, 폐기물처리 및 재활용서비스","명/십억원","원자료","0.11835","0.120746","0.094007","0.085297"
"2.2.1.2.6. 투입산출표 취업유발계수표(생산자가격, 대분류)","금속가공제품","건설","명/십억원","원자료","0.034268","0.02993","0.021636","0.016883"
"2.2.1.2.6. 투입산출표 취업유발계수표(생산자가격, 대분류)","금속가공제품","도소매 및 상품중개서비스","명/십억원","원자료","0.685907","0.589422","0.511906","0.50653"
"2.2.1.2.6. 투입산출표 취업유발계수표(생산자가격, 대분류)","금속가공제품","운송서비스","명/십억원","원자료","0.565909","0.511245","0.440483","0.446323"
"2.2.1.2.6. 투입산출표 취업유발계수표(생산자가격, 대분류)","금속가공제품","음식점 및 숙박서비스","명/십억원","원자료","0.21895","0.169275","0.174674","0.195245"
"2.2.1.2.6. 투입산출표 취업유발계수표(생산자가격, 대분류)","금속가공제품","정보통신 및 방송 서비스","명/십억원","원자료","0.08832","0.066574","0.06937","0.074779"
"2.2.1.2.6. 투입산출표 취업유발계수표(생산자가격, 대분류)","금속가공제품","금융 및 보험 서비스","명/십억원","원자료","0.140914","0.119549","0.105383","0.096753"
"2.2.1.2.6. 투입산출표 취업유발계수표(생산자가격, 대분류)","금속가공제품","부동산서비스","명/십억원","원자료","0.030422","0.025177","0.023112","0.025515"
"2.2.1.2.6. 투입산출표 취업유발계수표(생산자가격, 대분류)","금속가공제품","전문, 과학 및 기술 서비스","명/십억원","원자료","0.385908","0.3106","0.300636","0.359212"
"2.2.1.2.6. 투입산출표 취업유발계수표(생산자가격, 대분류)","금속가공제품","사업지원서비스","명/십억원","원자료","0.344889","0.288417","0.270978","0.277266"
"2.2.1.2.6. 투입산출표 취업유발계수표(생산자가격, 대분류)","금속가공제품","공공행정, 국방 및 사회보장","명/십억원","원자료","0.014663","0.012807","0.017054","0.015588"
"2.2.1.2.6. 투입산출표 취업유발계수표(생산자가격, 대분류)","금속가공제품","교육서비스","명/십억원","원자료","0.015439","0.020886","0.01721","0.016711"
"2.2.1.2.6. 투입산출표 취업유발계수표(생산자가격, 대분류)","금속가공제품","보건 및 사회복지 서비스","명/십억원","원자료","0.029806","0.028441","0.027224","0.027292"
"2.2.1.2.6. 투입산출표 취업유발계수표(생산자가격, 대분류)","금속가공제품","예술, 스포츠 및 여가 관련 서비스","명/십억원","원자료","0.038728","0.030375","0.029823","0.030097"
"2.2.1.2.6. 투입산출표 취업유발계수표(생산자가격, 대분류)","금속가공제품","기타 서비스","명/십억원","원자료","0.125635","0.097331","0.094218","0.093064"
"2.2.1.2.6. 투입산출표 취업유발계수표(생산자가격, 대분류)","금속가공제품","기타","명/십억원","원자료","0","0","0","0"
"2.2.1.2.6. 투입산출표 취업유발계수표(생산자가격, 대분류)","금속가공제품","열합","명/십억원","원자료","7.837107","6.7693","6.328401","6.253032"
"2.2.1.2.6. 투입산출표 취업유발계수표(생산자가격, 대분류)","컴퓨터, 전자 및 광학기기","농림수산품","명/십억원","원자료","0.044788","0.043664","0.049307","0.053256"
"2.2.1.2.6. 투입산출표 취업유발계수표(생산자가격, 대분류)","컴퓨터, 전자 및 광학기기","광산품","명/십억원","원자료","0.002613","0.002182","0.002856","0.001544"
"2.2.1.2.6. 투입산출표 취업유발계수표(생산자가격, 대분류)","컴퓨터, 전자 및 광학기기","음식료품","명/십억원","원자료","0.011546","0.011425","0.012184","0.01299"
"2.2.1.2.6. 투입산출표 취업유발계수표(생산자가격, 대분류)","컴퓨터, 전자 및 광학기기","섬유 및 가죽제품","명/십억원","원자료","0.015621","0.017064","0.014197","0.010382"
"2.2.1.2.6. 투입산출표 취업유발계수표(생산자가격, 대분류)","컴퓨터, 전자 및 광학기기","목재 및 종이, 인쇄","명/십억원","원자료","0.016125","0.014535","0.013484","0.01441"
"2.2.1.2.6. 투입산출표 취업유발계수표(생산자가격, 대분류)","컴퓨터, 전자 및 광학기기","석탄 및 석유제품","명/십억원","원자료","0.000769","0.000743","0.000673","0.000705"
"2.2.1.2.6. 투입산출표 취업유발계수표(생산자가격, 대분류)","컴퓨터, 전자 및 광학기기","화학제품","명/십억원","원자료","0.078189","0.074098","0.066421","0.072786"
"2.2.1.2.6. 투입산출표 취업유발계수표(생산자가격, 대분류)","컴퓨터, 전자 및 광학기기","비금속광물제품","명/십억원","원자료","0.022405","0.022028","0.015249","0.013165"
"2.2.1.2.6. 투입산출표 취업유발계수표(생산자가격, 대분류)","컴퓨터, 전자 및 광학기기","1차 금속제품","명/십억원","원자료","0.022165","0.020706","0.015931","0.018641"
"2.2.1.2.6. 투입산출표 취업유발계수표(생산자가격, 대분류)","컴퓨터, 전자 및 광학기기","금속가공제품","명/십억원","원자료","0.043356","0.042551","0.036493","0.035993"
"2.2.1.2.6. 투입산출표 취업유발계수표(생산자가격, 대분류)","컴퓨터, 전자 및 광학기기","컴퓨터, 전자 및 광학기기","명/십억원","원자료","1.578881","1.328686","1.252978","1.430085"
"2.2.1.2.6. 투입산출표 취업유발계수표(생산자가격, 대분류)","컴퓨터, 전자 및 광학기기","전기장비","명/십억원","원자료","0.037274","0.037453","0.035034","0.036751"
"2.2.1.2.6. 투입산출표 취업유발계수표(생산자가격, 대분류)","컴퓨터, 전자 및 광학기기","기계 및 장비","명/십억원","원자료","0.025352","0.021235","0.017626","0.017038"
"2.2.1.2.6. 투입산출표 취업유발계수표(생산자가격, 대분류)","컴퓨터, 전자 및 광학기기","운송장비","명/십억원","원자료","0.009062","0.008581","0.007543","0.007581"
"2.2.1.2.6. 투입산출표 취업유발계수표(생산자가격, 대분류)","컴퓨터, 전자 및 광학기기","기타 제조업 제품","명/십억원","원자료","0.005284","0.005602","0.005331","0.005804"
"2.2.1.2.6. 투입산출표 취업유발계수표(생산자가격, 대분류)","컴퓨터, 전자 및 광학기기","제조임가공 및 산업용 장비 수리","명/십억원","원자료","0.332964","0.321066","0.308521","0.357773"
"2.2.1.2.6. 투입산출표 취업유발계수표(생산자가격, 대분류)","컴퓨터, 전자 및 광학기기","전력, 가스 및 증기","명/십억원","원자료","0.027129","0.023316","0.024285","0.031198"
"2.2.1.2.6. 투입산출표 취업유발계수표(생산자가격, 대분류)","컴퓨터, 전자 및 광학기기","수도, 폐기물처리 및 재활용서비스","명/십억원","원자료","0.021861","0.023106","0.017506","0.018064"
"2.2.1.2.6. 투입산출표 취업유발계수표(생산자가격, 대분류)","컴퓨터, 전자 및 광학기기","건설","명/십억원","원자료","0.012926","0.012491","0.008897","0.008137"
"2.2.1.2.6. 투입산출표 취업유발계수표(생산자가격, 대분류)","컴퓨터, 전자 및 광학기기","도소매 및 상품중개서비스","명/십억원","원자료","0.555884","0.474938","0.416859","0.449821"
"2.2.1.2.6. 투입산출표 취업유발계수표(생산자가격, 대분류)","컴퓨터, 전자 및 광학기기","운송서비스","명/십억원","원자료","0.2273","0.212713","0.189539","0.223465"
"2.2.1.2.6. 투입산출표 취업유발계수표(생산자가격, 대분류)","컴퓨터, 전자 및 광학기기","음식점 및 숙박서비스","명/십억원","원자료","0.112258","0.099991","0.101001","0.116736"
"2.2.1.2.6. 투입산출표 취업유발계수표(생산자가격, 대분류)","컴퓨터, 전자 및 광학기기","정보통신 및 방송 서비스","명/십억원","원자료","0.064757","0.050598","0.053829","0.056088"
"2.2.1.2.6. 투입산출표 취업유발계수표(생산자가격, 대분류)","컴퓨터, 전자 및 광학기기","금융 및 보험 서비스","명/십억원","원자료","0.079324","0.061796","0.058826","0.062648"
"2.2.1.2.6. 투입산출표 취업유발계수표(생산자가격, 대분류)","컴퓨터, 전자 및 광학기기","부동산서비스","명/십억원","원자료","0.018227","0.016397","0.015453","0.018244"
"2.2.1.2.6. 투입산출표 취업유발계수표(생산자가격, 대분류)","컴퓨터, 전자 및 광학기기","전문, 과학 및 기술 서비스","명/십억원","원자료","0.255145","0.243093","0.229506","0.263093"
"2.2.1.2.6. 투입산출표 취업유발계수표(생산자가격, 대분류)","컴퓨터, 전자 및 광학기기","사업지원서비스","명/십억원","원자료","0.208288","0.195342","0.184588","0.194703"
"2.2.1.2.6. 투입산출표 취업유발계수표(생산자가격, 대분류)","컴퓨터, 전자 및 광학기기","공공행정, 국방 및 사회보장","명/십억원","원자료","0.005637","0.005626","0.007265","0.007292"
"2.2.1.2.6. 투입산출표 취업유발계수표(생산자가격, 대분류)","컴퓨터, 전자 및 광학기기","교육서비스","명/십억원","원자료","0.00632","0.009862","0.008125","0.008483"
"2.2.1.2.6. 투입산출표 취업유발계수표(생산자가격, 대분류)","컴퓨터, 전자 및 광학기기","보건 및 사회복지 서비스","명/십억원","원자료","0.012812","0.013776","0.013047","0.013646"
"2.2.1.2.6. 투입산출표 취업유발계수표(생산자가격, 대분류)","컴퓨터, 전자 및 광학기기","예술, 스포츠 및 여가 관련 서비스","명/십억원","원자료","0.013539","0.011842","0.011311","0.011956"
"2.2.1.2.6. 투입산출표 취업유발계수표(생산자가격, 대분류)","컴퓨터, 전자 및 광학기기","기타 서비스","명/십억원","원자료","0.061943","0.050254","0.048557","0.04974"
"2.2.1.2.6. 투입산출표 취업유발계수표(생산자가격, 대분류)","컴퓨터, 전자 및 광학기기","기타","명/십억원","원자료","0","0","0","0"
"2.2.1.2.6. 투입산출표 취업유발계수표(생산자가격, 대분류)","컴퓨터, 전자 및 광학기기","열합","명/십억원","원자료","3.929743","3.47676","3.242421","3.622213"
"2.2.1.2.6. 투입산출표 취업유발계수표(생산자가격, 대분류)","전기장비","농림수산품","명/십억원","원자료","0.062563","0.056874","0.060713","0.060267"
"2.2.1.2.6. 투입산출표 취업유발계수표(생산자가격, 대분류)","전기장비","광산품","명/십억원","원자료","0.00393","0.002865","0.003511","0.002338"
"2.2.1.2.6. 투입산출표 취업유발계수표(생산자가격, 대분류)","전기장비","음식료품","명/십억원","원자료","0.016483","0.015451","0.015456","0.015124"
"2.2.1.2.6. 투입산출표 취업유발계수표(생산자가격, 대분류)","전기장비","섬유 및 가죽제품","명/십억원","원자료","0.022516","0.022548","0.017497","0.010569"
"2.2.1.2.6. 투입산출표 취업유발계수표(생산자가격, 대분류)","전기장비","목재 및 종이, 인쇄","명/십억원","원자료","0.039528","0.034137","0.030273","0.028954"
"2.2.1.2.6. 투입산출표 취업유발계수표(생산자가격, 대분류)","전기장비","석탄 및 석유제품","명/십억원","원자료","0.001448","0.001356","0.001212","0.0012"
"2.2.1.2.6. 투입산출표 취업유발계수표(생산자가격, 대분류)","전기장비","화학제품","명/십억원","원자료","0.162695","0.138033","0.131339","0.127915"
"2.2.1.2.6. 투입산출표 취업유발계수표(생산자가격, 대분류)","전기장비","비금속광물제품","명/십억원","원자료","0.030326","0.027379","0.024685","0.021463"
"2.2.1.2.6. 투입산출표 취업유발계수표(생산자가격, 대분류)","전기장비","1차 금속제품","명/십억원","원자료","0.11901","0.110393","0.099165","0.093824"
"2.2.1.2.6. 투입산출표 취업유발계수표(생산자가격, 대분류)","전기장비","금속가공제품","명/십억원","원자료","0.16795","0.158611","0.130721","0.118839"
"2.2.1.2.6. 투입산출표 취업유발계수표(생산자가격, 대분류)","전기장비","컴퓨터, 전자 및 광학기기","명/십억원","원자료","0.129914","0.092159","0.078756","0.092422"
"2.2.1.2.6. 투입산출표 취업유발계수표(생산자가격, 대분류)","전기장비","전기장비","명/십억원","원자료","2.37029","2.061044","1.69035","1.722348"
"2.2.1.2.6. 투입산출표 취업유발계수표(생산자가격, 대분류)","전기장비","기계 및 장비","명/십억원","원자료","0.037181","0.03267","0.030849","0.026122"
"2.2.1.2.6. 투입산출표 취업유발계수표(생산자가격, 대분류)","전기장비","운송장비","명/십억원","원자료","0.013229","0.011555","0.00967","0.008637"
"2.2.1.2.6. 투입산출표 취업유발계수표(생산자가격, 대분류)","전기장비","기타 제조업 제품","명/십억원","원자료","0.007709","0.007997","0.007281","0.007714"
"2.2.1.2.6. 투입산출표 취업유발계수표(생산자가격, 대분류)","전기장비","제조임가공 및 산업용 장비 수리","명/십억원","원자료","0.311584","0.283037","0.26907","0.266274"
"2.2.1.2.6. 투입산출표 취업유발계수표(생산자가격, 대분류)","전기장비","전력, 가스 및 증기","명/십억원","원자료","0.026836","0.022303","0.019401","0.022276"
"2.2.1.2.6. 투입산출표 취업유발계수표(생산자가격, 대분류)","전기장비","수도, 폐기물처리 및 재활용서비스","명/십억원","원자료","0.057655","0.064513","0.047627","0.04233"
"2.2.1.2.6. 투입산출표 취업유발계수표(생산자가격, 대분류)","전기장비","건설","명/십억원","원자료","0.025132","0.02401","0.016618","0.013105"
"2.2.1.2.6. 투입산출표 취업유발계수표(생산자가격, 대분류)","전기장비","도소매 및 상품중개서비스","명/십억원","원자료","0.74467","0.649421","0.543995","0.565669"
"2.2.1.2.6. 투입산출표 취업유발계수표(생산자가격, 대분류)","전기장비","운송서비스","명/십억원","원자료","0.416461","0.377909","0.309554","0.320527"
"2.2.1.2.6. 투입산출표 취업유발계수표(생산자가격, 대분류)","전기장비","음식점 및 숙박서비스","명/십억원","원자료","0.156326","0.131967","0.126088","0.137149"
"2.2.1.2.6. 투입산출표 취업유발계수표(생산자가격, 대분류)","전기장비","정보통신 및 방송 서비스","명/십억원","원자료","0.075629","0.061985","0.059542","0.06261"
"2.2.1.2.6. 투입산출표 취업유발계수표(생산자가격, 대분류)","전기장비","금융 및 보험 서비스","명/십억원","원자료","0.103887","0.092772","0.080434","0.078306"
"2.2.1.2.6. 투입산출표 취업유발계수표(생산자가격, 대분류)","전기장비","부동산서비스","명/십억원","원자료","0.028731","0.025466","0.023013","0.024971"
"2.2.1.2.6. 투입산출표 취업유발계수표(생산자가격, 대분류)","전기장비","전문, 과학 및 기술 서비스","명/십억원","원자료","0.401086","0.364171","0.337351","0.364089"
"2.2.1.2.6. 투입산출표 취업유발계수표(생산자가격, 대분류)","전기장비","사업지원서비스","명/십억원","원자료","0.254005","0.228821","0.200892","0.200292"
"2.2.1.2.6. 투입산출표 취업유발계수표(생산자가격, 대분류)","전기장비","공공행정, 국방 및 사회보장","명/십억원","원자료","0.009135","0.0086","0.010651","0.009347"
"2.2.1.2.6. 투입산출표 취업유발계수표(생산자가격, 대분류)","전기장비","교육서비스","명/십억원","원자료","0.01156","0.017238","0.013388","0.01209"
"2.2.1.2.6. 투입산출표 취업유발계수표(생산자가격, 대분류)","전기장비","보건 및 사회복지 서비스","명/십억원","원자료","0.021307","0.022332","0.019952","0.019094"
"2.2.1.2.6. 투입산출표 취업유발계수표(생산자가격, 대분류)","전기장비","예술, 스포츠 및 여가 관련 서비스","명/십억원","원자료","0.024808","0.021009","0.019058","0.018354"
"2.2.1.2.6. 투입산출표 취업유발계수표(생산자가격, 대분류)","전기장비","기타 서비스","명/십억원","원자료","0.097248","0.078723","0.071021","0.06857"
"2.2.1.2.6. 투입산출표 취업유발계수표(생산자가격, 대분류)","전기장비","기타","명/십억원","원자료","0","0","0","0"
"2.2.1.2.6. 투입산출표 취업유발계수표(생산자가격, 대분류)","전기장비","열합","명/십억원","원자료","5.950832","5.24735","4.499131","4.562787"
"2.2.1.2.6. 투입산출표 취업유발계수표(생산자가격, 대분류)","기계 및 장비","농림수산품","명/십억원","원자료","0.075459","0.071807","0.080987","0.085877"
"2.2.1.2.6. 투입산출표 취업유발계수표(생산자가격, 대분류)","기계 및 장비","광산품","명/십억원","원자료","0.002925","0.002149","0.002914","0.00187"
"2.2.1.2.6. 투입산출표 취업유발계수표(생산자가격, 대분류)","기계 및 장비","음식료품","명/십억원","원자료","0.019888","0.019219","0.020225","0.021127"
"2.2.1.2.6. 투입산출표 취업유발계수표(생산자가격, 대분류)","기계 및 장비","섬유 및 가죽제품","명/십억원","원자료","0.026001","0.025112","0.020782","0.014878"
"2.2.1.2.6. 투입산출표 취업유발계수표(생산자가격, 대분류)","기계 및 장비","목재 및 종이, 인쇄","명/십억원","원자료","0.03384","0.030584","0.029066","0.029137"
"2.2.1.2.6. 투입산출표 취업유발계수표(생산자가격, 대분류)","기계 및 장비","석탄 및 석유제품","명/십억원","원자료","0.001301","0.001268","0.001136","0.001126"
"2.2.1.2.6. 투입산출표 취업유발계수표(생산자가격, 대분류)","기계 및 장비","화학제품","명/십억원","원자료","0.10249","0.095597","0.086115","0.089512"
"2.2.1.2.6. 투입산출표 취업유발계수표(생산자가격, 대분류)","기계 및 장비","비금속광물제품","명/십억원","원자료","0.018001","0.01645","0.014858","0.013894"
"2.2.1.2.6. 투입산출표 취업유발계수표(생산자가격, 대분류)","기계 및 장비","1차 금속제품","명/십억원","원자료","0.106749","0.100205","0.092846","0.092033"
"2.2.1.2.6. 투입산출표 취업유발계수표(생산자가격, 대분류)","기계 및 장비","금속가공제품","명/십억원","원자료","0.436485","0.414785","0.385984","0.365292"
"2.2.1.2.6. 투입산출표 취업유발계수표(생산자가격, 대분류)","기계 및 장비","컴퓨터, 전자 및 광학기기","명/십억원","원자료","0.091571","0.071094","0.063787","0.073281"
"2.2.1.2.6. 투입산출표 취업유발계수표(생산자가격, 대분류)","기계 및 장비","전기장비","명/십억원","원자료","0.099623","0.10099","0.092368","0.088375"
"2.2.1.2.6. 투입산출표 취업유발계수표(생산자가격, 대분류)","기계 및 장비","기계 및 장비","명/십억원","원자료","3.102124","2.683603","2.591448","2.559185"
"2.2.1.2.6. 투입산출표 취업유발계수표(생산자가격, 대분류)","기계 및 장비","운송장비","명/십억원","원자료","0.023764","0.02239","0.019119","0.017739"
"2.2.1.2.6. 투입산출표 취업유발계수표(생산자가격, 대분류)","기계 및 장비","기타 제조업 제품","명/십억원","원자료","0.00867","0.009411","0.009125","0.010243"
"2.2.1.2.6. 투입산출표 취업유발계수표(생산자가격, 대분류)","기계 및 장비","제조임가공 및 산업용 장비 수리","명/십억원","원자료","0.483115","0.461825","0.465208","0.521001"
"2.2.1.2.6. 투입산출표 취업유발계수표(생산자가격, 대분류)","기계 및 장비","전력, 가스 및 증기","명/십억원","원자료","0.026321","0.021462","0.019667","0.023543"
"2.2.1.2.6. 투입산출표 취업유발계수표(생산자가격, 대분류)","기계 및 장비","수도, 폐기물처리 및 재활용서비스","명/십억원","원자료","0.073074","0.092031","0.067607","0.05778"
"2.2.1.2.6. 투입산출표 취업유발계수표(생산자가격, 대분류)","기계 및 장비","건설","명/십억원","원자료","0.022258","0.021832","0.01595","0.013293"
"2.2.1.2.6. 투입산출표 취업유발계수표(생산자가격, 대분류)","기계 및 장비","도소매 및 상품중개서비스","명/십억원","원자료","0.725356","0.641165","0.547288","0.576422"
"2.2.1.2.6. 투입산출표 취업유발계수표(생산자가격, 대분류)","기계 및 장비","운송서비스","명/십억원","원자료","0.456247","0.430668","0.370774","0.395077"
"2.2.1.2.6. 투입산출표 취업유발계수표(생산자가격, 대분류)","기계 및 장비","음식점 및 숙박서비스","명/십억원","원자료","0.193883","0.169856","0.171837","0.197184"
"2.2.1.2.6. 투입산출표 취업유발계수표(생산자가격, 대분류)","기계 및 장비","정보통신 및 방송 서비스","명/십억원","원자료","0.081233","0.067462","0.068563","0.075013"
"2.2.1.2.6. 투입산출표 취업유발계수표(생산자가격, 대분류)","기계 및 장비","금융 및 보험 서비스","명/십억원","원자료","0.141193","0.121907","0.107478","0.102351"
"2.2.1.2.6. 투입산출표 취업유발계수표(생산자가격, 대분류)","기계 및 장비","부동산서비스","명/십억원","원자료","0.026611","0.024202","0.022455","0.025964"
"2.2.1.2.6. 투입산출표 취업유발계수표(생산자가격, 대분류)","기계 및 장비","전문, 과학 및 기술 서비스","명/십억원","원자료","0.371496","0.347899","0.335092","0.400025"
"2.2.1.2.6. 투입산출표 취업유발계수표(생산자가격, 대분류)","기계 및 장비","사업지원서비스","명/십억원","원자료","0.251969","0.236644","0.220686","0.234015"
"2.2.1.2.6. 투입산출표 취업유발계수표(생산자가격, 대분류)","기계 및 장비","공공행정, 국방 및 사회보장","명/십억원","원자료","0.010256","0.010143","0.013369","0.012842"
"2.2.1.2.6. 투입산출표 취업유발계수표(생산자가격, 대분류)","기계 및 장비","교육서비스","명/십억원","원자료","0.012649","0.019406","0.015895","0.015586"
"2.2.1.2.6. 투입산출표 취업유발계수표(생산자가격, 대분류)","기계 및 장비","보건 및 사회복지 서비스","명/십억원","원자료","0.026648","0.028735","0.027184","0.027523"
"2.2.1.2.6. 투입산출표 취업유발계수표(생산자가격, 대분류)","기계 및 장비","예술, 스포츠 및 여가 관련 서비스","명/십억원","원자료","0.029611","0.026176","0.025055","0.025655"
"2.2.1.2.6. 투입산출표 취업유발계수표(생산자가격, 대분류)","기계 및 장비","기타 서비스","명/십억원","원자료","0.106217","0.090302","0.08752","0.087866"
"2.2.1.2.6. 투입산출표 취업유발계수표(생산자가격, 대분류)","기계 및 장비","기타","명/십억원","원자료","0","0","0","0"
"2.2.1.2.6. 투입산출표 취업유발계수표(생산자가격, 대분류)","기계 및 장비","열합","명/십억원","원자료","7.18703","6.476378","6.092391","6.25471"
"2.2.1.2.6. 투입산출표 취업유발계수표(생산자가격, 대분류)","운송장비","농림수산품","명/십억원","원자료","0.07048","0.063285","0.07116","0.069546"
"2.2.1.2.6. 투입산출표 취업유발계수표(생산자가격, 대분류)","운송장비","광산품","명/십억원","원자료","0.004068","0.00312","0.004229","0.002613"
"2.2.1.2.6. 투입산출표 취업유발계수표(생산자가격, 대분류)","운송장비","음식료품","명/십억원","원자료","0.01843","0.017185","0.018108","0.017362"
"2.2.1.2.6. 투입산출표 취업유발계수표(생산자가격, 대분류)","운송장비","섬유 및 가죽제품","명/십억원","원자료","0.04189","0.039079","0.032377","0.019873"
"2.2.1.2.6. 투입산출표 취업유발계수표(생산자가격, 대분류)","운송장비","목재 및 종이, 인쇄","명/십억원","원자료","0.029453","0.025201","0.023961","0.022683"
"2.2.1.2.6. 투입산출표 취업유발계수표(생산자가격, 대분류)","운송장비","석탄 및 석유제품","명/십억원","원자료","0.001612","0.001517","0.001409","0.001278"
"2.2.1.2.6. 투입산출표 취업유발계수표(생산자가격, 대분류)","운송장비","화학제품","명/십억원","원자료","0.196952","0.171799","0.159786","0.160314"
"2.2.1.2.6. 투입산출표 취업유발계수표(생산자가격, 대분류)","운송장비","비금속광물제품","명/십억원","원자료","0.031837","0.030258","0.028507","0.024662"
"2.2.1.2.6. 투입산출표 취업유발계수표(생산자가격, 대분류)","운송장비","1차 금속제품","명/십억원","원자료","0.116962","0.115792","0.107168","0.094789"
"2.2.1.2.6. 투입산출표 취업유발계수표(생산자가격, 대분류)","운송장비","금속가공제품","명/십억원","원자료","0.351296","0.303967","0.272996","0.233048"
"2.2.1.2.6. 투입산출표 취업유발계수표(생산자가격, 대분류)","운송장비","컴퓨터, 전자 및 광학기기","명/십억원","원자료","0.069839","0.050058","0.053052","0.055152"
"2.2.1.2.6. 투입산출표 취업유발계수표(생산자가격, 대분류)","운송장비","전기장비","명/십억원","원자료","0.160398","0.156839","0.153141","0.147904"
"2.2.1.2.6. 투입산출표 취업유발계수표(생산자가격, 대분류)","운송장비","기계 및 장비","명/십억원","원자료","0.096296","0.075141","0.08815","0.07313"
"2.2.1.2.6. 투입산출표 취업유발계수표(생산자가격, 대분류)","운송장비","운송장비","명/십억원","원자료","2.224262","2.043009","1.730523","1.546872"
"2.2.1.2.6. 투입산출표 취업유발계수표(생산자가격, 대분류)","운송장비","기타 제조업 제품","명/십억원","원자료","0.008635","0.008666","0.008323","0.008206"
"2.2.1.2.6. 투입산출표 취업유발계수표(생산자가격, 대분류)","운송장비","제조임가공 및 산업용 장비 수리","명/십억원","원자료","0.356479","0.2972","0.305131","0.300845"
"2.2.1.2.6. 투입산출표 취업유발계수표(생산자가격, 대분류)","운송장비","전력, 가스 및 증기","명/십억원","원자료","0.028668","0.025618","0.026503","0.028695"
"2.2.1.2.6. 투입산출표 취업유발계수표(생산자가격, 대분류)","운송장비","수도, 폐기물처리 및 재활용서비스","명/십억원","원자료","0.062846","0.0726","0.055335","0.04712"
"2.2.1.2.6. 투입산출표 취업유발계수표(생산자가격, 대분류)","운송장비","건설","명/십억원","원자료","0.019315","0.018336","0.013895","0.011054"
"2.2.1.2.6. 투입산출표 취업유발계수표(생산자가격, 대분류)","운송장비","도소매 및 상품중개서비스","명/십억원","원자료","0.879645","0.778031","0.687628","0.663735"
"2.2.1.2.6. 투입산출표 취업유발계수표(생산자가격, 대분류)","운송장비","운송서비스","명/십억원","원자료","0.421086","0.393627","0.340476","0.331863"
"2.2.1.2.6. 투입산출표 취업유발계수표(생산자가격, 대분류)","운송장비","음식점 및 숙박서비스","명/십억원","원자료","0.18098","0.151485","0.152769","0.16204"
"2.2.1.2.6. 투입산출표 취업유발계수표(생산자가격, 대분류)","운송장비","정보통신 및 방송 서비스","명/십억원","원자료","0.082092","0.066781","0.067894","0.069567"
"2.2.1.2.6. 투입산출표 취업유발계수표(생산자가격, 대분류)","운송장비","금융 및 보험 서비스","명/십억원","원자료","0.13565","0.116213","0.10099","0.089099"
"2.2.1.2.6. 투입산출표 취업유발계수표(생산자가격, 대분류)","운송장비","부동산서비스","명/십억원","원자료","0.030123","0.026559","0.02479","0.026088"
"2.2.1.2.6. 투입산출표 취업유발계수표(생산자가격, 대분류)","운송장비","전문, 과학 및 기술 서비스","명/십억원","원자료","0.422061","0.373861","0.366774","0.397949"
"2.2.1.2.6. 투입산출표 취업유발계수표(생산자가격, 대분류)","운송장비","사업지원서비스","명/십억원","원자료","0.412183","0.349764","0.331755","0.313552"
"2.2.1.2.6. 투입산출표 취업유발계수표(생산자가격, 대분류)","운송장비","공공행정, 국방 및 사회보장","명/십억원","원자료","0.008372","0.007797","0.010437","0.008979"
"2.2.1.2.6. 투입산출표 취업유발계수표(생산자가격, 대분류)","운송장비","교육서비스","명/십억원","원자료","0.010318","0.014905","0.012055","0.011014"
"2.2.1.2.6. 투입산출표 취업유발계수표(생산자가격, 대분류)","운송장비","보건 및 사회복지 서비스","명/십억원","원자료","0.026681","0.027448","0.026078","0.024711"
"2.2.1.2.6. 투입산출표 취업유발계수표(생산자가격, 대분류)","운송장비","예술, 스포츠 및 여가 관련 서비스","명/십억원","원자료","0.023841","0.019558","0.018467","0.017758"
"2.2.1.2.6. 투입산출표 취업유발계수표(생산자가격, 대분류)","운송장비","기타 서비스","명/십억원","원자료","0.095714","0.078821","0.075823","0.071235"
"2.2.1.2.6. 투입산출표 취업유발계수표(생산자가격, 대분류)","운송장비","기타","명/십억원","원자료","0","0","0","0"
"2.2.1.2.6. 투입산출표 취업유발계수표(생산자가격, 대분류)","운송장비","열합","명/십억원","원자료","6.618463","5.923521","5.369689","5.052735"
"2.2.1.2.6. 투입산출표 취업유발계수표(생산자가격, 대분류)","기타 제조업 제품","농림수산품","명/십억원","원자료","0.106839","0.102418","0.106092","0.113153"
"2.2.1.2.6. 투입산출표 취업유발계수표(생산자가격, 대분류)","기타 제조업 제품","광산품","명/십억원","원자료","0.004003","0.002581","0.003218","0.002525"
"2.2.1.2.6. 투입산출표 취업유발계수표(생산자가격, 대분류)","기타 제조업 제품","음식료품","명/십억원","원자료","0.024008","0.023326","0.02362","0.02458"
"2.2.1.2.6. 투입산출표 취업유발계수표(생산자가격, 대분류)","기타 제조업 제품","섬유 및 가죽제품","명/십억원","원자료","0.22908","0.339276","0.293317","0.140272"
"2.2.1.2.6. 투입산출표 취업유발계수표(생산자가격, 대분류)","기타 제조업 제품","목재 및 종이, 인쇄","명/십억원","원자료","0.249339","0.205377","0.208627","0.2076"
"2.2.1.2.6. 투입산출표 취업유발계수표(생산자가격, 대분류)","기타 제조업 제품","석탄 및 석유제품","명/십억원","원자료","0.001843","0.001702","0.001528","0.001565"
"2.2.1.2.6. 투입산출표 취업유발계수표(생산자가격, 대분류)","기타 제조업 제품","화학제품","명/십억원","원자료","0.209907","0.169357","0.155171","0.182326"
"2.2.1.2.6. 투입산출표 취업유발계수표(생산자가격, 대분류)","기타 제조업 제품","비금속광물제품","명/십억원","원자료","0.032211","0.023378","0.02047","0.022343"
"2.2.1.2.6. 투입산출표 취업유발계수표(생산자가격, 대분류)","기타 제조업 제품","1차 금속제품","명/십억원","원자료","0.075583","0.059388","0.052444","0.060482"
"2.2.1.2.6. 투입산출표 취업유발계수표(생산자가격, 대분류)","기타 제조업 제품","금속가공제품","명/십억원","원자료","0.209789","0.153653","0.145217","0.162539"
"2.2.1.2.6. 투입산출표 취업유발계수표(생산자가격, 대분류)","기타 제조업 제품","컴퓨터, 전자 및 광학기기","명/십억원","원자료","0.029745","0.018395","0.018098","0.022811"
"2.2.1.2.6. 투입산출표 취업유발계수표(생산자가격, 대분류)","기타 제조업 제품","전기장비","명/십억원","원자료","0.038958","0.032681","0.032703","0.036125"
"2.2.1.2.6. 투입산출표 취업유발계수표(생산자가격, 대분류)","기타 제조업 제품","기계 및 장비","명/십억원","원자료","0.020978","0.016498","0.016446","0.016451"
"2.2.1.2.6. 투입산출표 취업유발계수표(생산자가격, 대분류)","기타 제조업 제품","운송장비","명/십억원","원자료","0.018247","0.015579","0.013885","0.013745"
"2.2.1.2.6. 투입산출표 취업유발계수표(생산자가격, 대분류)","기타 제조업 제품","기타 제조업 제품","명/십억원","원자료","5.132704","5.055612","4.837482","4.677622"
"2.2.1.2.6. 투입산출표 취업유발계수표(생산자가격, 대분류)","기타 제조업 제품","제조임가공 및 산업용 장비 수리","명/십억원","원자료","0.466296","0.402821","0.414689","0.486345"
"2.2.1.2.6. 투입산출표 취업유발계수표(생산자가격, 대분류)","기타 제조업 제품","전력, 가스 및 증기","명/십억원","원자료","0.021179","0.019994","0.017756","0.021094"
"2.2.1.2.6. 투입산출표 취업유발계수표(생산자가격, 대분류)","기타 제조업 제품","수도, 폐기물처리 및 재활용서비스","명/십억원","원자료","0.058334","0.060825","0.046198","0.047063"
"2.2.1.2.6. 투입산출표 취업유발계수표(생산자가격, 대분류)","기타 제조업 제품","건설","명/십억원","원자료","0.025717","0.023343","0.018337","0.016733"
"2.2.1.2.6. 투입산출표 취업유발계수표(생산자가격, 대분류)","기타 제조업 제품","도소매 및 상품중개서비스","명/십억원","원자료","1.294809","1.181265","0.997823","0.957903"
"2.2.1.2.6. 투입산출표 취업유발계수표(생산자가격, 대분류)","기타 제조업 제품","운송서비스","명/십억원","원자료","0.611826","0.583103","0.523426","0.55005"
"2.2.1.2.6. 투입산출표 취업유발계수표(생산자가격, 대분류)","기타 제조업 제품","음식점 및 숙박서비스","명/십억원","원자료","0.225927","0.188044","0.191092","0.226032"
"2.2.1.2.6. 투입산출표 취업유발계수표(생산자가격, 대분류)","기타 제조업 제품","정보통신 및 방송 서비스","명/십억원","원자료","0.109949","0.088772","0.102688","0.113369"
"2.2.1.2.6. 투입산출표 취업유발계수표(생산자가격, 대분류)","기타 제조업 제품","금융 및 보험 서비스","명/십억원","원자료","0.14366","0.11918","0.108864","0.102299"
"2.2.1.2.6. 투입산출표 취업유발계수표(생산자가격, 대분류)","기타 제조업 제품","부동산서비스","명/십억원","원자료","0.044676","0.038617","0.037378","0.042519"
"2.2.1.2.6. 투입산출표 취업유발계수표(생산자가격, 대분류)","기타 제조업 제품","전문, 과학 및 기술 서비스","명/십억원","원자료","0.431897","0.353143","0.344407","0.452807"
"2.2.1.2.6. 투입산출표 취업유발계수표(생산자가격, 대분류)","기타 제조업 제품","사업지원서비스","명/십억원","원자료","0.308095","0.27045","0.261555","0.279808"
"2.2.1.2.6. 투입산출표 취업유발계수표(생산자가격, 대분류)","기타 제조업 제품","공공행정, 국방 및 사회보장","명/십억원","원자료","0.012898","0.011304","0.015228","0.015494"
"2.2.1.2.6. 투입산출표 취업유발계수표(생산자가격, 대분류)","기타 제조업 제품","교육서비스","명/십억원","원자료","0.009797","0.014296","0.011509","0.011694"
"2.2.1.2.6. 투입산출표 취업유발계수표(생산자가격, 대분류)","기타 제조업 제품","보건 및 사회복지 서비스","명/십억원","원자료","0.027059","0.026636","0.025387","0.027388"
"2.2.1.2.6. 투입산출표 취업유발계수표(생산자가격, 대분류)","기타 제조업 제품","예술, 스포츠 및 여가 관련 서비스","명/십억원","원자료","0.030438","0.024004","0.023606","0.025975"
"2.2.1.2.6. 투입산출표 취업유발계수표(생산자가격, 대분류)","기타 제조업 제품","기타 서비스","명/십억원","원자료","0.103922","0.084392","0.080448","0.084246"
"2.2.1.2.6. 투입산출표 취업유발계수표(생산자가격, 대분류)","기타 제조업 제품","기타","명/십억원","원자료","0","0","0","0"
"2.2.1.2.6. 투입산출표 취업유발계수표(생산자가격, 대분류)","기타 제조업 제품","열합","명/십억원","원자료","10.309714","9.709407","9.148708","9.14496"
"2.2.1.2.6. 투입산출표 취업유발계수표(생산자가격, 대분류)","제조임가공 및 산업용 장비 수리","농림수산품","명/십억원","원자료","0.234494","0.251762","0.281123","0.280032"
"2.2.1.2.6. 투입산출표 취업유발계수표(생산자가격, 대분류)","제조임가공 및 산업용 장비 수리","광산품","명/십억원","원자료","0.001736","0.001545","0.00215","0.001382"
"2.2.1.2.6. 투입산출표 취업유발계수표(생산자가격, 대분류)","제조임가공 및 산업용 장비 수리","음식료품","명/십억원","원자료","0.044266","0.046439","0.048826","0.04917"
"2.2.1.2.6. 투입산출표 취업유발계수표(생산자가격, 대분류)","제조임가공 및 산업용 장비 수리","섬유 및 가죽제품","명/십억원","원자료","0.149475","0.141414","0.115399","0.081108"
"2.2.1.2.6. 투입산출표 취업유발계수표(생산자가격, 대분류)","제조임가공 및 산업용 장비 수리","목재 및 종이, 인쇄","명/십억원","원자료","0.038184","0.036533","0.035743","0.035468"
"2.2.1.2.6. 투입산출표 취업유발계수표(생산자가격, 대분류)","제조임가공 및 산업용 장비 수리","석탄 및 석유제품","명/십억원","원자료","0.001419","0.001442","0.001475","0.001361"
"2.2.1.2.6. 투입산출표 취업유발계수표(생산자가격, 대분류)","제조임가공 및 산업용 장비 수리","화학제품","명/십억원","원자료","0.077906","0.073054","0.06615","0.068967"
"2.2.1.2.6. 투입산출표 취업유발계수표(생산자가격, 대분류)","제조임가공 및 산업용 장비 수리","비금속광물제품","명/십억원","원자료","0.010461","0.010654","0.009457","0.008597"
"2.2.1.2.6. 투입산출표 취업유발계수표(생산자가격, 대분류)","제조임가공 및 산업용 장비 수리","1차 금속제품","명/십억원","원자료","0.025515","0.026475","0.024046","0.022474"
"2.2.1.2.6. 투입산출표 취업유발계수표(생산자가격, 대분류)","제조임가공 및 산업용 장비 수리","금속가공제품","명/십억원","원자료","0.08552","0.076431","0.06871","0.06899"
"2.2.1.2.6. 투입산출표 취업유발계수표(생산자가격, 대분류)","제조임가공 및 산업용 장비 수리","컴퓨터, 전자 및 광학기기","명/십억원","원자료","0.06094","0.044357","0.04225","0.050866"
"2.2.1.2.6. 투입산출표 취업유발계수표(생산자가격, 대분류)","제조임가공 및 산업용 장비 수리","전기장비","명/십억원","원자료","0.05479","0.050423","0.057868","0.057033"
"2.2.1.2.6. 투입산출표 취업유발계수표(생산자가격, 대분류)","제조임가공 및 산업용 장비 수리","기계 및 장비","명/십억원","원자료","0.053647","0.04182","0.040915","0.038863"
"2.2.1.2.6. 투입산출표 취업유발계수표(생산자가격, 대분류)","제조임가공 및 산업용 장비 수리","운송장비","명/십억원","원자료","0.094541","0.094563","0.078232","0.072242"
"2.2.1.2.6. 투입산출표 취업유발계수표(생산자가격, 대분류)","제조임가공 및 산업용 장비 수리","기타 제조업 제품","명/십억원","원자료","0.018632","0.020875","0.02026","0.019875"
"2.2.1.2.6. 투입산출표 취업유발계수표(생산자가격, 대분류)","제조임가공 및 산업용 장비 수리","제조임가공 및 산업용 장비 수리","명/십억원","원자료","6.593584","6.138051","5.505015","5.811266"
"2.2.1.2.6. 투입산출표 취업유발계수표(생산자가격, 대분류)","제조임가공 및 산업용 장비 수리","전력, 가스 및 증기","명/십억원","원자료","0.014903","0.013943","0.013263","0.015545"
"2.2.1.2.6. 투입산출표 취업유발계수표(생산자가격, 대분류)","제조임가공 및 산업용 장비 수리","수도, 폐기물처리 및 재활용서비스","명/십억원","원자료","0.04209","0.044178","0.03516","0.034958"
"2.2.1.2.6. 투입산출표 취업유발계수표(생산자가격, 대분류)","제조임가공 및 산업용 장비 수리","건설","명/십억원","원자료","0.017482","0.018294","0.014477","0.012664"
"2.2.1.2.6. 투입산출표 취업유발계수표(생산자가격, 대분류)","제조임가공 및 산업용 장비 수리","도소매 및 상품중개서비스","명/십억원","원자료","0.538416","0.489495","0.438399","0.429236"
"2.2.1.2.6. 투입산출표 취업유발계수표(생산자가격, 대분류)","제조임가공 및 산업용 장비 수리","운송서비스","명/십억원","원자료","0.356674","0.326658","0.273114","0.285628"
"2.2.1.2.6. 투입산출표 취업유발계수표(생산자가격, 대분류)","제조임가공 및 산업용 장비 수리","음식점 및 숙박서비스","명/십억원","원자료","0.331959","0.310618","0.32181","0.360377"
"2.2.1.2.6. 투입산출표 취업유발계수표(생산자가격, 대분류)","제조임가공 및 산업용 장비 수리","정보통신 및 방송 서비스","명/십억원","원자료","0.081278","0.070342","0.073903","0.081318"
"2.2.1.2.6. 투입산출표 취업유발계수표(생산자가격, 대분류)","제조임가공 및 산업용 장비 수리","금융 및 보험 서비스","명/십억원","원자료","0.107101","0.073748","0.06961","0.067004"
"2.2.1.2.6. 투입산출표 취업유발계수표(생산자가격, 대분류)","제조임가공 및 산업용 장비 수리","부동산서비스","명/십억원","원자료","0.0372","0.034449","0.030987","0.034424"
"2.2.1.2.6. 투입산출표 취업유발계수표(생산자가격, 대분류)","제조임가공 및 산업용 장비 수리","전문, 과학 및 기술 서비스","명/십억원","원자료","0.329015","0.325953","0.31647","0.378461"
"2.2.1.2.6. 투입산출표 취업유발계수표(생산자가격, 대분류)","제조임가공 및 산업용 장비 수리","사업지원서비스","명/십억원","원자료","0.581883","0.586271","0.567964","0.588568"
"2.2.1.2.6. 투입산출표 취업유발계수표(생산자가격, 대분류)","제조임가공 및 산업용 장비 수리","공공행정, 국방 및 사회보장","명/십억원","원자료","0.030796","0.032844","0.04339","0.040818"
"2.2.1.2.6. 투입산출표 취업유발계수표(생산자가격, 대분류)","제조임가공 및 산업용 장비 수리","교육서비스","명/십억원","원자료","0.026223","0.042639","0.035747","0.035193"
"2.2.1.2.6. 투입산출표 취업유발계수표(생산자가격, 대분류)","제조임가공 및 산업용 장비 수리","보건 및 사회복지 서비스","명/십억원","원자료","0.031377","0.035937","0.035281","0.0359"
"2.2.1.2.6. 투입산출표 취업유발계수표(생산자가격, 대분류)","제조임가공 및 산업용 장비 수리","예술, 스포츠 및 여가 관련 서비스","명/십억원","원자료","0.037517","0.035489","0.035011","0.035841"
"2.2.1.2.6. 투입산출표 취업유발계수표(생산자가격, 대분류)","제조임가공 및 산업용 장비 수리","기타 서비스","명/십억원","원자료","0.147791","0.132918","0.139654","0.141245"
"2.2.1.2.6. 투입산출표 취업유발계수표(생산자가격, 대분류)","제조임가공 및 산업용 장비 수리","기타","명/십억원","원자료","0","0","0","0"
"2.2.1.2.6. 투입산출표 취업유발계수표(생산자가격, 대분류)","제조임가공 및 산업용 장비 수리","열합","명/십억원","원자료","10.256813","9.629616","8.841859","9.244875"
"2.2.1.2.6. 투입산출표 취업유발계수표(생산자가격, 대분류)","전력, 가스 및 증기","농림수산품","명/십억원","원자료","0.045687","0.052556","0.06782","0.066313"
"2.2.1.2.6. 투입산출표 취업유발계수표(생산자가격, 대분류)","전력, 가스 및 증기","광산품","명/십억원","원자료","0.008003","0.005561","0.03618","0.002024"
"2.2.1.2.6. 투입산출표 취업유발계수표(생산자가격, 대분류)","전력, 가스 및 증기","음식료품","명/십억원","원자료","0.015656","0.020967","0.027403","0.026818"
"2.2.1.2.6. 투입산출표 취업유발계수표(생산자가격, 대분류)","전력, 가스 및 증기","섬유 및 가죽제품","명/십억원","원자료","0.009705","0.007132","0.004795","0.003654"
"2.2.1.2.6. 투입산출표 취업유발계수표(생산자가격, 대분류)","전력, 가스 및 증기","목재 및 종이, 인쇄","명/십억원","원자료","0.021015","0.023955","0.01997","0.020073"
"2.2.1.2.6. 투입산출표 취업유발계수표(생산자가격, 대분류)","전력, 가스 및 증기","석탄 및 석유제품","명/십억원","원자료","0.002838","0.001983","0.001745","0.00172"
"2.2.1.2.6. 투입산출표 취업유발계수표(생산자가격, 대분류)","전력, 가스 및 증기","화학제품","명/십억원","원자료","0.060472","0.034528","0.022745","0.040435"
"2.2.1.2.6. 투입산출표 취업유발계수표(생산자가격, 대분류)","전력, 가스 및 증기","비금속광물제품","명/십억원","원자료","0.002948","0.001453","-0.000091","-0.000801"
"2.2.1.2.6. 투입산출표 취업유발계수표(생산자가격, 대분류)","전력, 가스 및 증기","1차 금속제품","명/십억원","원자료","0.012135","0.010505","0.007602","0.007044"
"2.2.1.2.6. 투입산출표 취업유발계수표(생산자가격, 대분류)","전력, 가스 및 증기","금속가공제품","명/십억원","원자료","0.049399","0.039981","0.029373","0.029333"
"2.2.1.2.6. 투입산출표 취업유발계수표(생산자가격, 대분류)","전력, 가스 및 증기","컴퓨터, 전자 및 광학기기","명/십억원","원자료","0.026508","0.018856","0.014011","0.017196"
"2.2.1.2.6. 투입산출표 취업유발계수표(생산자가격, 대분류)","전력, 가스 및 증기","전기장비","명/십억원","원자료","0.049468","0.040074","0.022414","0.028507"
"2.2.1.2.6. 투입산출표 취업유발계수표(생산자가격, 대분류)","전력, 가스 및 증기","기계 및 장비","명/십억원","원자료","0.031701","0.031869","0.027116","0.02074"
"2.2.1.2.6. 투입산출표 취업유발계수표(생산자가격, 대분류)","전력, 가스 및 증기","운송장비","명/십억원","원자료","0.007052","0.00528","0.005635","0.004359"
"2.2.1.2.6. 투입산출표 취업유발계수표(생산자가격, 대분류)","전력, 가스 및 증기","기타 제조업 제품","명/십억원","원자료","0.004807","0.004471","0.003713","0.003644"
"2.2.1.2.6. 투입산출표 취업유발계수표(생산자가격, 대분류)","전력, 가스 및 증기","제조임가공 및 산업용 장비 수리","명/십억원","원자료","0.07744","0.059064","0.045996","0.044952"
"2.2.1.2.6. 투입산출표 취업유발계수표(생산자가격, 대분류)","전력, 가스 및 증기","전력, 가스 및 증기","명/십억원","원자료","0.837961","0.736287","0.62812","0.645345"
"2.2.1.2.6. 투입산출표 취업유발계수표(생산자가격, 대분류)","전력, 가스 및 증기","수도, 폐기물처리 및 재활용서비스","명/십억원","원자료","0.034011","0.028515","0.022184","0.020014"
"2.2.1.2.6. 투입산출표 취업유발계수표(생산자가격, 대분류)","전력, 가스 및 증기","건설","명/십억원","원자료","0.054126","0.045314","0.02194","0.016564"
"2.2.1.2.6. 투입산출표 취업유발계수표(생산자가격, 대분류)","전력, 가스 및 증기","도소매 및 상품중개서비스","명/십억원","원자료","0.315314","0.300382","0.308283","0.282882"
"2.2.1.2.6. 투입산출표 취업유발계수표(생산자가격, 대분류)","전력, 가스 및 증기","운송서비스","명/십억원","원자료","0.156959","0.123833","0.116862","0.10716"
"2.2.1.2.6. 투입산출표 취업유발계수표(생산자가격, 대분류)","전력, 가스 및 증기","음식점 및 숙박서비스","명/십억원","원자료","0.080145","0.065012","0.059142","0.067962"
"2.2.1.2.6. 투입산출표 취업유발계수표(생산자가격, 대분류)","전력, 가스 및 증기","정보통신 및 방송 서비스","명/십억원","원자료","0.03854","0.028648","0.025561","0.028508"
"2.2.1.2.6. 투입산출표 취업유발계수표(생산자가격, 대분류)","전력, 가스 및 증기","금융 및 보험 서비스","명/십억원","원자료","0.085352","0.087411","0.064571","0.057305"
"2.2.1.2.6. 투입산출표 취업유발계수표(생산자가격, 대분류)","전력, 가스 및 증기","부동산서비스","명/십억원","원자료","0.013795","0.011501","0.009785","0.010724"
"2.2.1.2.6. 투입산출표 취업유발계수표(생산자가격, 대분류)","전력, 가스 및 증기","전문, 과학 및 기술 서비스","명/십억원","원자료","0.215638","0.150016","0.105193","0.149198"
"2.2.1.2.6. 투입산출표 취업유발계수표(생산자가격, 대분류)","전력, 가스 및 증기","사업지원서비스","명/십억원","원자료","0.246046","0.18173","0.133309","0.149667"
"2.2.1.2.6. 투입산출표 취업유발계수표(생산자가격, 대분류)","전력, 가스 및 증기","공공행정, 국방 및 사회보장","명/십억원","원자료","0.01375","0.012296","0.013155","0.010182"
"2.2.1.2.6. 투입산출표 취업유발계수표(생산자가격, 대분류)","전력, 가스 및 증기","교육서비스","명/십억원","원자료","0.004835","0.006862","0.004419","0.004617"
"2.2.1.2.6. 투입산출표 취업유발계수표(생산자가격, 대분류)","전력, 가스 및 증기","보건 및 사회복지 서비스","명/십억원","원자료","0.010598","0.009598","0.007306","0.007512"
"2.2.1.2.6. 투입산출표 취업유발계수표(생산자가격, 대분류)","전력, 가스 및 증기","예술, 스포츠 및 여가 관련 서비스","명/십억원","원자료","0.011436","0.008681","0.007791","0.007859"
"2.2.1.2.6. 투입산출표 취업유발계수표(생산자가격, 대분류)","전력, 가스 및 증기","기타 서비스","명/십억원","원자료","0.040108","0.028471","0.024448","0.023843"
"2.2.1.2.6. 투입산출표 취업유발계수표(생산자가격, 대분류)","전력, 가스 및 증기","기타","명/십억원","원자료","0","0","0","0"
"2.2.1.2.6. 투입산출표 취업유발계수표(생산자가격, 대분류)","전력, 가스 및 증기","열합","명/십억원","원자료","2.583445","2.182792","1.888495","1.905351"
"2.2.1.2.6. 투입산출표 취업유발계수표(생산자가격, 대분류)","수도, 폐기물처리 및 재활용서비스","농림수산품","명/십억원","원자료","0.100581","0.09663","0.101849","0.106809"
"2.2.1.2.6. 투입산출표 취업유발계수표(생산자가격, 대분류)","수도, 폐기물처리 및 재활용서비스","광산품","명/십억원","원자료","0.006725","0.0053","0.006091","0.004132"
"2.2.1.2.6. 투입산출표 취업유발계수표(생산자가격, 대분류)","수도, 폐기물처리 및 재활용서비스","음식료품","명/십억원","원자료","0.02836","0.028384","0.027142","0.028422"
"2.2.1.2.6. 투입산출표 취업유발계수표(생산자가격, 대분류)","수도, 폐기물처리 및 재활용서비스","섬유 및 가죽제품","명/십억원","원자료","0.050484","0.04509","0.034641","0.024237"
"2.2.1.2.6. 투입산출표 취업유발계수표(생산자가격, 대분류)","수도, 폐기물처리 및 재활용서비스","목재 및 종이, 인쇄","명/십억원","원자료","0.025473","0.021919","0.021685","0.021194"
"2.2.1.2.6. 투입산출표 취업유발계수표(생산자가격, 대분류)","수도, 폐기물처리 및 재활용서비스","석탄 및 석유제품","명/십억원","원자료","0.002693","0.002606","0.002834","0.002431"
"2.2.1.2.6. 투입산출표 취업유발계수표(생산자가격, 대분류)","수도, 폐기물처리 및 재활용서비스","화학제품","명/십억원","원자료","0.121039","0.108746","0.095462","0.10827"
"2.2.1.2.6. 투입산출표 취업유발계수표(생산자가격, 대분류)","수도, 폐기물처리 및 재활용서비스","비금속광물제품","명/십억원","원자료","0.019752","0.02158","0.01937","0.015666"
"2.2.1.2.6. 투입산출표 취업유발계수표(생산자가격, 대분류)","수도, 폐기물처리 및 재활용서비스","1차 금속제품","명/십억원","원자료","0.018801","0.016768","0.015979","0.016172"
"2.2.1.2.6. 투입산출표 취업유발계수표(생산자가격, 대분류)","수도, 폐기물처리 및 재활용서비스","금속가공제품","명/십억원","원자료","0.089631","0.080436","0.071454","0.073653"
"2.2.1.2.6. 투입산출표 취업유발계수표(생산자가격, 대분류)","수도, 폐기물처리 및 재활용서비스","컴퓨터, 전자 및 광학기기","명/십억원","원자료","0.034015","0.027853","0.027331","0.032475"
"2.2.1.2.6. 투입산출표 취업유발계수표(생산자가격, 대분류)","수도, 폐기물처리 및 재활용서비스","전기장비","명/십억원","원자료","0.066538","0.065228","0.061733","0.062024"
"2.2.1.2.6. 투입산출표 취업유발계수표(생산자가격, 대분류)","수도, 폐기물처리 및 재활용서비스","기계 및 장비","명/십억원","원자료","0.091516","0.090067","0.089793","0.082292"
"2.2.1.2.6. 투입산출표 취업유발계수표(생산자가격, 대분류)","수도, 폐기물처리 및 재활용서비스","운송장비","명/십억원","원자료","0.051285","0.042189","0.03523","0.033036"
"2.2.1.2.6. 투입산출표 취업유발계수표(생산자가격, 대분류)","수도, 폐기물처리 및 재활용서비스","기타 제조업 제품","명/십억원","원자료","0.030742","0.031815","0.030703","0.031601"
"2.2.1.2.6. 투입산출표 취업유발계수표(생산자가격, 대분류)","수도, 폐기물처리 및 재활용서비스","제조임가공 및 산업용 장비 수리","명/십억원","원자료","0.14647","0.118883","0.113108","0.129691"
"2.2.1.2.6. 투입산출표 취업유발계수표(생산자가격, 대분류)","수도, 폐기물처리 및 재활용서비스","전력, 가스 및 증기","명/십억원","원자료","0.027602","0.021593","0.020568","0.024782"
"2.2.1.2.6. 투입산출표 취업유발계수표(생산자가격, 대분류)","수도, 폐기물처리 및 재활용서비스","수도, 폐기물처리 및 재활용서비스","명/십억원","원자료","6.001504","5.679631","4.696009","4.904283"
"2.2.1.2.6. 투입산출표 취업유발계수표(생산자가격, 대분류)","수도, 폐기물처리 및 재활용서비스","건설","명/십억원","원자료","0.054687","0.055262","0.039777","0.03151"
"2.2.1.2.6. 투입산출표 취업유발계수표(생산자가격, 대분류)","수도, 폐기물처리 및 재활용서비스","도소매 및 상품중개서비스","명/십억원","원자료","0.499344","0.446086","0.405547","0.405426"
"2.2.1.2.6. 투입산출표 취업유발계수표(생산자가격, 대분류)","수도, 폐기물처리 및 재활용서비스","운송서비스","명/십억원","원자료","0.843346","0.801464","0.722282","0.734466"
"2.2.1.2.6. 투입산출표 취업유발계수표(생산자가격, 대분류)","수도, 폐기물처리 및 재활용서비스","음식점 및 숙박서비스","명/십억원","원자료","0.258907","0.245347","0.24291","0.26437"
"2.2.1.2.6. 투입산출표 취업유발계수표(생산자가격, 대분류)","수도, 폐기물처리 및 재활용서비스","정보통신 및 방송 서비스","명/십억원","원자료","0.123298","0.129489","0.130514","0.125257"
"2.2.1.2.6. 투입산출표 취업유발계수표(생산자가격, 대분류)","수도, 폐기물처리 및 재활용서비스","금융 및 보험 서비스","명/십억원","원자료","0.13305","0.129613","0.11195","0.107545"
"2.2.1.2.6. 투입산출표 취업유발계수표(생산자가격, 대분류)","수도, 폐기물처리 및 재활용서비스","부동산서비스","명/십억원","원자료","0.057691","0.070208","0.058244","0.055074"
"2.2.1.2.6. 투입산출표 취업유발계수표(생산자가격, 대분류)","수도, 폐기물처리 및 재활용서비스","전문, 과학 및 기술 서비스","명/십억원","원자료","0.478899","0.577077","0.525506","0.546486"
"2.2.1.2.6. 투입산출표 취업유발계수표(생산자가격, 대분류)","수도, 폐기물처리 및 재활용서비스","사업지원서비스","명/십억원","원자료","0.485142","0.595645","0.554664","0.504515"
"2.2.1.2.6. 투입산출표 취업유발계수표(생산자가격, 대분류)","수도, 폐기물처리 및 재활용서비스","공공행정, 국방 및 사회보장","명/십억원","원자료","0.012782","0.012135","0.014864","0.014348"
"2.2.1.2.6. 투입산출표 취업유발계수표(생산자가격, 대분류)","수도, 폐기물처리 및 재활용서비스","교육서비스","명/십억원","원자료","0.010202","0.016707","0.01333","0.012852"
"2.2.1.2.6. 투입산출표 취업유발계수표(생산자가격, 대분류)","수도, 폐기물처리 및 재활용서비스","보건 및 사회복지 서비스","명/십억원","원자료","0.042202","0.056344","0.052994","0.048287"
"2.2.1.2.6. 투입산출표 취업유발계수표(생산자가격, 대분류)","수도, 폐기물처리 및 재활용서비스","예술, 스포츠 및 여가 관련 서비스","명/십억원","원자료","0.04349","0.044265","0.041001","0.038643"
"2.2.1.2.6. 투입산출표 취업유발계수표(생산자가격, 대분류)","수도, 폐기물처리 및 재활용서비스","기타 서비스","명/십억원","원자료","0.210889","0.201894","0.192389","0.179974"
"2.2.1.2.6. 투입산출표 취업유발계수표(생산자가격, 대분류)","수도, 폐기물처리 및 재활용서비스","기타","명/십억원","원자료","0","0","0","0"
"2.2.1.2.6. 투입산출표 취업유발계수표(생산자가격, 대분류)","수도, 폐기물처리 및 재활용서비스","열합","명/십억원","원자료","10.167138","9.886253","8.576954","8.769923"
"2.2.1.2.6. 투입산출표 취업유발계수표(생산자가격, 대분류)","건설","농림수산품","명/십억원","원자료","0.080759","0.070118","0.089387","0.085461"
"2.2.1.2.6. 투입산출표 취업유발계수표(생산자가격, 대분류)","건설","광산품","명/십억원","원자료","0.021771","0.017157","0.016444","0.016095"
"2.2.1.2.6. 투입산출표 취업유발계수표(생산자가격, 대분류)","건설","음식료품","명/십억원","원자료","0.017057","0.015398","0.016065","0.016945"
"2.2.1.2.6. 투입산출표 취업유발계수표(생산자가격, 대분류)","건설","섬유 및 가죽제품","명/십억원","원자료","0.019901","0.018797","0.015067","0.010142"
"2.2.1.2.6. 투입산출표 취업유발계수표(생산자가격, 대분류)","건설","목재 및 종이, 인쇄","명/십억원","원자료","0.095273","0.087535","0.080664","0.078094"
"2.2.1.2.6. 투입산출표 취업유발계수표(생산자가격, 대분류)","건설","석탄 및 석유제품","명/십억원","원자료","0.002341","0.00215","0.002399","0.0022"
"2.2.1.2.6. 투입산출표 취업유발계수표(생산자가격, 대분류)","건설","화학제품","명/십억원","원자료","0.121332","0.101662","0.090262","0.096627"
"2.2.1.2.6. 투입산출표 취업유발계수표(생산자가격, 대분류)","건설","비금속광물제품","명/십억원","원자료","0.225628","0.214489","0.197318","0.191688"
"2.2.1.2.6. 투입산출표 취업유발계수표(생산자가격, 대분류)","건설","1차 금속제품","명/십억원","원자료","0.092527","0.085201","0.081786","0.083274"
"2.2.1.2.6. 투입산출표 취업유발계수표(생산자가격, 대분류)","건설","금속가공제품","명/십억원","원자료","0.279281","0.261499","0.241869","0.247835"
"2.2.1.2.6. 투입산출표 취업유발계수표(생산자가격, 대분류)","건설","컴퓨터, 전자 및 광학기기","명/십억원","원자료","0.025949","0.018552","0.01749","0.021665"
"2.2.1.2.6. 투입산출표 취업유발계수표(생산자가격, 대분류)","건설","전기장비","명/십억원","원자료","0.119853","0.099354","0.08576","0.087385"
"2.2.1.2.6. 투입산출표 취업유발계수표(생산자가격, 대분류)","건설","기계 및 장비","명/십억원","원자료","0.088099","0.081835","0.094176","0.083544"
"2.2.1.2.6. 투입산출표 취업유발계수표(생산자가격, 대분류)","건설","운송장비","명/십억원","원자료","0.011975","0.010092","0.009057","0.008908"
"2.2.1.2.6. 투입산출표 취업유발계수표(생산자가격, 대분류)","건설","기타 제조업 제품","명/십억원","원자료","0.050075","0.044513","0.041218","0.040824"
"2.2.1.2.6. 투입산출표 취업유발계수표(생산자가격, 대분류)","건설","제조임가공 및 산업용 장비 수리","명/십억원","원자료","0.121797","0.102451","0.102621","0.11371"
"2.2.1.2.6. 투입산출표 취업유발계수표(생산자가격, 대분류)","건설","전력, 가스 및 증기","명/십억원","원자료","0.019885","0.016948","0.016284","0.018705"
"2.2.1.2.6. 투입산출표 취업유발계수표(생산자가격, 대분류)","건설","수도, 폐기물처리 및 재활용서비스","명/십억원","원자료","0.053239","0.057453","0.044538","0.043829"
"2.2.1.2.6. 투입산출표 취업유발계수표(생산자가격, 대분류)","건설","건설","명/십억원","원자료","6.31686","6.17589","5.720014","5.488632"
"2.2.1.2.6. 투입산출표 취업유발계수표(생산자가격, 대분류)","건설","도소매 및 상품중개서비스","명/십억원","원자료","0.656057","0.573965","0.507578","0.516947"
"2.2.1.2.6. 투입산출표 취업유발계수표(생산자가격, 대분류)","건설","운송서비스","명/십억원","원자료","0.407887","0.368111","0.322773","0.351527"
"2.2.1.2.6. 투입산출표 취업유발계수표(생산자가격, 대분류)","건설","음식점 및 숙박서비스","명/십억원","원자료","0.161768","0.132417","0.131064","0.15515"
"2.2.1.2.6. 투입산출표 취업유발계수표(생산자가격, 대분류)","건설","정보통신 및 방송 서비스","명/십억원","원자료","0.088933","0.072125","0.072066","0.079792"
"2.2.1.2.6. 투입산출표 취업유발계수표(생산자가격, 대분류)","건설","금융 및 보험 서비스","명/십억원","원자료","0.131222","0.112943","0.101695","0.094879"
"2.2.1.2.6. 투입산출표 취업유발계수표(생산자가격, 대분류)","건설","부동산서비스","명/십억원","원자료","0.030302","0.025864","0.023671","0.027433"
"2.2.1.2.6. 투입산출표 취업유발계수표(생산자가격, 대분류)","건설","전문, 과학 및 기술 서비스","명/십억원","원자료","0.660938","0.611123","0.562026","0.611461"
"2.2.1.2.6. 투입산출표 취업유발계수표(생산자가격, 대분류)","건설","사업지원서비스","명/십억원","원자료","0.511867","0.423338","0.402721","0.439036"
"2.2.1.2.6. 투입산출표 취업유발계수표(생산자가격, 대분류)","건설","공공행정, 국방 및 사회보장","명/십억원","원자료","0.00699","0.006314","0.008178","0.007781"
"2.2.1.2.6. 투입산출표 취업유발계수표(생산자가격, 대분류)","건설","교육서비스","명/십억원","원자료","0.008609","0.012224","0.009741","0.009768"
"2.2.1.2.6. 투입산출표 취업유발계수표(생산자가격, 대분류)","건설","보건 및 사회복지 서비스","명/십억원","원자료","0.025449","0.024852","0.023842","0.025585"
"2.2.1.2.6. 투입산출표 취업유발계수표(생산자가격, 대분류)","건설","예술, 스포츠 및 여가 관련 서비스","명/십억원","원자료","0.027424","0.022294","0.020758","0.022248"
"2.2.1.2.6. 투입산출표 취업유발계수표(생산자가격, 대분류)","건설","기타 서비스","명/십억원","원자료","0.100489","0.079133","0.075152","0.079854"
"2.2.1.2.6. 투입산출표 취업유발계수표(생산자가격, 대분류)","건설","기타","명/십억원","원자료","0","0","0","0"
"2.2.1.2.6. 투입산출표 취업유발계수표(생산자가격, 대분류)","건설","열합","명/십억원","원자료","10.581535","9.945799","9.223687","9.157025"
"2.2.1.2.6. 투입산출표 취업유발계수표(생산자가격, 대분류)","도소매 및 상품중개서비스","농림수산품","명/십억원","원자료","0.169182","0.15814","0.165628","0.162495"
"2.2.1.2.6. 투입산출표 취업유발계수표(생산자가격, 대분류)","도소매 및 상품중개서비스","광산품","명/십억원","원자료","0.000923","0.000718","0.001252","0.000526"
"2.2.1.2.6. 투입산출표 취업유발계수표(생산자가격, 대분류)","도소매 및 상품중개서비스","음식료품","명/십억원","원자료","0.051031","0.049039","0.048284","0.046408"
"2.2.1.2.6. 투입산출표 취업유발계수표(생산자가격, 대분류)","도소매 및 상품중개서비스","섬유 및 가죽제품","명/십억원","원자료","0.036854","0.027226","0.020438","0.015556"
"2.2.1.2.6. 투입산출표 취업유발계수표(생산자가격, 대분류)","도소매 및 상품중개서비스","목재 및 종이, 인쇄","명/십억원","원자료","0.076648","0.069381","0.062496","0.058159"
"2.2.1.2.6. 투입산출표 취업유발계수표(생산자가격, 대분류)","도소매 및 상품중개서비스","석탄 및 석유제품","명/십억원","원자료","0.002877","0.002933","0.002851","0.002545"
"2.2.1.2.6. 투입산출표 취업유발계수표(생산자가격, 대분류)","도소매 및 상품중개서비스","화학제품","명/십억원","원자료","0.058353","0.05216","0.042127","0.042059"
"2.2.1.2.6. 투입산출표 취업유발계수표(생산자가격, 대분류)","도소매 및 상품중개서비스","비금속광물제품","명/십억원","원자료","0.005762","0.005565","0.004693","0.00401"
"2.2.1.2.6. 투입산출표 취업유발계수표(생산자가격, 대분류)","도소매 및 상품중개서비스","1차 금속제품","명/십억원","원자료","0.005637","0.005335","0.004842","0.004399"
"2.2.1.2.6. 투입산출표 취업유발계수표(생산자가격, 대분류)","도소매 및 상품중개서비스","금속가공제품","명/십억원","원자료","0.033406","0.030683","0.026804","0.024085"
"2.2.1.2.6. 투입산출표 취업유발계수표(생산자가격, 대분류)","도소매 및 상품중개서비스","컴퓨터, 전자 및 광학기기","명/십억원","원자료","0.025108","0.021358","0.019171","0.02146"
"2.2.1.2.6. 투입산출표 취업유발계수표(생산자가격, 대분류)","도소매 및 상품중개서비스","전기장비","명/십억원","원자료","0.026098","0.024228","0.022905","0.021858"
"2.2.1.2.6. 투입산출표 취업유발계수표(생산자가격, 대분류)","도소매 및 상품중개서비스","기계 및 장비","명/십억원","원자료","0.011916","0.011469","0.012148","0.009416"
"2.2.1.2.6. 투입산출표 취업유발계수표(생산자가격, 대분류)","도소매 및 상품중개서비스","운송장비","명/십억원","원자료","0.017228","0.014828","0.012434","0.011033"
"2.2.1.2.6. 투입산출표 취업유발계수표(생산자가격, 대분류)","도소매 및 상품중개서비스","기타 제조업 제품","명/십억원","원자료","0.023782","0.025415","0.02279","0.020807"
"2.2.1.2.6. 투입산출표 취업유발계수표(생산자가격, 대분류)","도소매 및 상품중개서비스","제조임가공 및 산업용 장비 수리","명/십억원","원자료","0.053638","0.046156","0.042087","0.043072"
"2.2.1.2.6. 투입산출표 취업유발계수표(생산자가격, 대분류)","도소매 및 상품중개서비스","전력, 가스 및 증기","명/십억원","원자료","0.014517","0.011953","0.011319","0.013237"
"2.2.1.2.6. 투입산출표 취업유발계수표(생산자가격, 대분류)","도소매 및 상품중개서비스","수도, 폐기물처리 및 재활용서비스","명/십억원","원자료","0.023783","0.023234","0.018428","0.018596"
"2.2.1.2.6. 투입산출표 취업유발계수표(생산자가격, 대분류)","도소매 및 상품중개서비스","건설","명/십억원","원자료","0.039851","0.041865","0.03713","0.03388"
"2.2.1.2.6. 투입산출표 취업유발계수표(생산자가격, 대분류)","도소매 및 상품중개서비스","도소매 및 상품중개서비스","명/십억원","원자료","9.796513","8.632608","8.095016","7.911383"
"2.2.1.2.6. 투입산출표 취업유발계수표(생산자가격, 대분류)","도소매 및 상품중개서비스","운송서비스","명/십억원","원자료","0.736237","0.696249","0.64809","0.710828"
"2.2.1.2.6. 투입산출표 취업유발계수표(생산자가격, 대분류)","도소매 및 상품중개서비스","음식점 및 숙박서비스","명/십억원","원자료","0.485801","0.434956","0.41398","0.442196"
"2.2.1.2.6. 투입산출표 취업유발계수표(생산자가격, 대분류)","도소매 및 상품중개서비스","정보통신 및 방송 서비스","명/십억원","원자료","0.207849","0.178487","0.172648","0.178287"
"2.2.1.2.6. 투입산출표 취업유발계수표(생산자가격, 대분류)","도소매 및 상품중개서비스","금융 및 보험 서비스","명/십억원","원자료","0.174042","0.164425","0.144399","0.129942"
"2.2.1.2.6. 투입산출표 취업유발계수표(생산자가격, 대분류)","도소매 및 상품중개서비스","부동산서비스","명/십억원","원자료","0.144084","0.13288","0.129316","0.136018"
"2.2.1.2.6. 투입산출표 취업유발계수표(생산자가격, 대분류)","도소매 및 상품중개서비스","전문, 과학 및 기술 서비스","명/십억원","원자료","0.427808","0.407413","0.350944","0.386162"
"2.2.1.2.6. 투입산출표 취업유발계수표(생산자가격, 대분류)","도소매 및 상품중개서비스","사업지원서비스","명/십억원","원자료","0.481061","0.457357","0.39937","0.394434"
"2.2.1.2.6. 투입산출표 취업유발계수표(생산자가격, 대분류)","도소매 및 상품중개서비스","공공행정, 국방 및 사회보장","명/십억원","원자료","0.01366","0.013047","0.016507","0.014766"
"2.2.1.2.6. 투입산출표 취업유발계수표(생산자가격, 대분류)","도소매 및 상품중개서비스","교육서비스","명/십억원","원자료","0.024651","0.039045","0.029843","0.02736"
"2.2.1.2.6. 투입산출표 취업유발계수표(생산자가격, 대분류)","도소매 및 상품중개서비스","보건 및 사회복지 서비스","명/십억원","원자료","0.047103","0.051732","0.046025","0.043857"
"2.2.1.2.6. 투입산출표 취업유발계수표(생산자가격, 대분류)","도소매 및 상품중개서비스","예술, 스포츠 및 여가 관련 서비스","명/십억원","원자료","0.027328","0.023834","0.020865","0.020467"
"2.2.1.2.6. 투입산출표 취업유발계수표(생산자가격, 대분류)","도소매 및 상품중개서비스","기타 서비스","명/십억원","원자료","0.207745","0.16628","0.162762","0.15868"
"2.2.1.2.6. 투입산출표 취업유발계수표(생산자가격, 대분류)","도소매 및 상품중개서비스","기타","명/십억원","원자료","0","0","0","0"
"2.2.1.2.6. 투입산출표 취업유발계수표(생산자가격, 대분류)","도소매 및 상품중개서비스","열합","명/십억원","원자료","13.450477","12.019999","11.207594","11.107982"
"2.2.1.2.6. 투입산출표 취업유발계수표(생산자가격, 대분류)","운송서비스","농림수산품","명/십억원","원자료","0.075199","0.06841","0.067638","0.058986"
"2.2.1.2.6. 투입산출표 취업유발계수표(생산자가격, 대분류)","운송서비스","광산품","명/십억원","원자료","0.001402","0.000905","0.001692","0.000546"
"2.2.1.2.6. 투입산출표 취업유발계수표(생산자가격, 대분류)","운송서비스","음식료품","명/십억원","원자료","0.022139","0.021008","0.019399","0.016599"
"2.2.1.2.6. 투입산출표 취업유발계수표(생산자가격, 대분류)","운송서비스","섬유 및 가죽제품","명/십억원","원자료","0.067136","0.053287","0.039163","0.026691"
"2.2.1.2.6. 투입산출표 취업유발계수표(생산자가격, 대분류)","운송서비스","목재 및 종이, 인쇄","명/십억원","원자료","0.047326","0.042476","0.037883","0.03593"
"2.2.1.2.6. 투입산출표 취업유발계수표(생산자가격, 대분류)","운송서비스","석탄 및 석유제품","명/십억원","원자료","0.00979","0.008235","0.006187","0.00589"
"2.2.1.2.6. 투입산출표 취업유발계수표(생산자가격, 대분류)","운송서비스","화학제품","명/십억원","원자료","0.054002","0.044596","0.035611","0.03303"
"2.2.1.2.6. 투입산출표 취업유발계수표(생산자가격, 대분류)","운송서비스","비금속광물제품","명/십억원","원자료","0.0068","0.005975","0.00477","0.003591"
"2.2.1.2.6. 투입산출표 취업유발계수표(생산자가격, 대분류)","운송서비스","1차 금속제품","명/십억원","원자료","0.011944","0.010208","0.008879","0.007144"
"2.2.1.2.6. 투입산출표 취업유발계수표(생산자가격, 대분류)","운송서비스","금속가공제품","명/십억원","원자료","0.058138","0.047696","0.039345","0.031544"
"2.2.1.2.6. 투입산출표 취업유발계수표(생산자가격, 대분류)","운송서비스","컴퓨터, 전자 및 광학기기","명/십억원","원자료","0.02237","0.016202","0.014112","0.014863"
"2.2.1.2.6. 투입산출표 취업유발계수표(생산자가격, 대분류)","운송서비스","전기장비","명/십억원","원자료","0.047364","0.040646","0.040008","0.036766"
"2.2.1.2.6. 투입산출표 취업유발계수표(생산자가격, 대분류)","운송서비스","기계 및 장비","명/십억원","원자료","0.023458","0.020245","0.019243","0.014015"
"2.2.1.2.6. 투입산출표 취업유발계수표(생산자가격, 대분류)","운송서비스","운송장비","명/십억원","원자료","0.104392","0.084173","0.064044","0.048991"
"2.2.1.2.6. 투입산출표 취업유발계수표(생산자가격, 대분류)","운송서비스","기타 제조업 제품","명/십억원","원자료","0.015149","0.015104","0.012667","0.010914"
"2.2.1.2.6. 투입산출표 취업유발계수표(생산자가격, 대분류)","운송서비스","제조임가공 및 산업용 장비 수리","명/십억원","원자료","0.063329","0.050364","0.044996","0.040569"
"2.2.1.2.6. 투입산출표 취업유발계수표(생산자가격, 대분류)","운송서비스","전력, 가스 및 증기","명/십억원","원자료","0.023795","0.017896","0.016285","0.017566"
"2.2.1.2.6. 투입산출표 취업유발계수표(생산자가격, 대분류)","운송서비스","수도, 폐기물처리 및 재활용서비스","명/십억원","원자료","0.041904","0.035393","0.025799","0.021935"
"2.2.1.2.6. 투입산출표 취업유발계수표(생산자가격, 대분류)","운송서비스","건설","명/십억원","원자료","0.027525","0.026605","0.018168","0.013204"
"2.2.1.2.6. 투입산출표 취업유발계수표(생산자가격, 대분류)","운송서비스","도소매 및 상품중개서비스","명/십억원","원자료","0.386502","0.331805","0.283506","0.246115"
"2.2.1.2.6. 투입산출표 취업유발계수표(생산자가격, 대분류)","운송서비스","운송서비스","명/십억원","원자료","10.139998","8.962355","7.946909","7.979097"
"2.2.1.2.6. 투입산출표 취업유발계수표(생산자가격, 대분류)","운송서비스","음식점 및 숙박서비스","명/십억원","원자료","0.204519","0.177231","0.160964","0.151622"
"2.2.1.2.6. 투입산출표 취업유발계수표(생산자가격, 대분류)","운송서비스","정보통신 및 방송 서비스","명/십억원","원자료","0.115903","0.096752","0.090109","0.08677"
"2.2.1.2.6. 투입산출표 취업유발계수표(생산자가격, 대분류)","운송서비스","금융 및 보험 서비스","명/십억원","원자료","0.120659","0.102062","0.082924","0.072096"
"2.2.1.2.6. 투입산출표 취업유발계수표(생산자가격, 대분류)","운송서비스","부동산서비스","명/십억원","원자료","0.040653","0.037968","0.035242","0.033846"
"2.2.1.2.6. 투입산출표 취업유발계수표(생산자가격, 대분류)","운송서비스","전문, 과학 및 기술 서비스","명/십억원","원자료","0.327784","0.300255","0.260509","0.279924"
"2.2.1.2.6. 투입산출표 취업유발계수표(생산자가격, 대분류)","운송서비스","사업지원서비스","명/십억원","원자료","0.623838","0.630186","0.520211","0.433495"
"2.2.1.2.6. 투입산출표 취업유발계수표(생산자가격, 대분류)","운송서비스","공공행정, 국방 및 사회보장","명/십억원","원자료","0.01553","0.013615","0.017824","0.015826"
"2.2.1.2.6. 투입산출표 취업유발계수표(생산자가격, 대분류)","운송서비스","교육서비스","명/십억원","원자료","0.007821","0.011761","0.008639","0.007034"
"2.2.1.2.6. 투입산출표 취업유발계수표(생산자가격, 대분류)","운송서비스","보건 및 사회복지 서비스","명/십억원","원자료","0.020622","0.020076","0.017179","0.014537"
"2.2.1.2.6. 투입산출표 취업유발계수표(생산자가격, 대분류)","운송서비스","예술, 스포츠 및 여가 관련 서비스","명/십억원","원자료","0.04919","0.037139","0.030497","0.031653"
"2.2.1.2.6. 투입산출표 취업유발계수표(생산자가격, 대분류)","운송서비스","기타 서비스","명/십억원","원자료","0.411537","0.377871","0.272623","0.24181"
"2.2.1.2.6. 투입산출표 취업유발계수표(생산자가격, 대분류)","운송서비스","기타","명/십억원","원자료","0","0","0","0"
"2.2.1.2.6. 투입산출표 취업유발계수표(생산자가격, 대분류)","운송서비스","열합","명/십억원","원자료","13.187719","11.7085","10.243025","10.032599"
"2.2.1.2.6. 투입산출표 취업유발계수표(생산자가격, 대분류)","음식점 및 숙박서비스","농림수산품","명/십억원","원자료","2.681824","2.485782","2.402489","2.321266"
"2.2.1.2.6. 투입산출표 취업유발계수표(생산자가격, 대분류)","음식점 및 숙박서비스","광산품","명/십억원","원자료","0.002458","0.002022","0.002593","0.001653"
"2.2.1.2.6. 투입산출표 취업유발계수표(생산자가격, 대분류)","음식점 및 숙박서비스","음식료품","명/십억원","원자료","0.711053","0.670224","0.624011","0.583197"
"2.2.1.2.6. 투입산출표 취업유발계수표(생산자가격, 대분류)","음식점 및 숙박서비스","섬유 및 가죽제품","명/십억원","원자료","0.057703","0.052044","0.038522","0.028819"
"2.2.1.2.6. 투입산출표 취업유발계수표(생산자가격, 대분류)","음식점 및 숙박서비스","목재 및 종이, 인쇄","명/십억원","원자료","0.098098","0.089317","0.080969","0.079224"
"2.2.1.2.6. 투입산출표 취업유발계수표(생산자가격, 대분류)","음식점 및 숙박서비스","석탄 및 석유제품","명/십억원","원자료","0.002181","0.002133","0.00204","0.0021"
"2.2.1.2.6. 투입산출표 취업유발계수표(생산자가격, 대분류)","음식점 및 숙박서비스","화학제품","명/십억원","원자료","0.107061","0.095161","0.077816","0.081016"
"2.2.1.2.6. 투입산출표 취업유발계수표(생산자가격, 대분류)","음식점 및 숙박서비스","비금속광물제품","명/십억원","원자료","0.018492","0.018199","0.015902","0.01443"
"2.2.1.2.6. 투입산출표 취업유발계수표(생산자가격, 대분류)","음식점 및 숙박서비스","1차 금속제품","명/십억원","원자료","0.009825","0.009007","0.007951","0.007657"
"2.2.1.2.6. 투입산출표 취업유발계수표(생산자가격, 대분류)","음식점 및 숙박서비스","금속가공제품","명/십억원","원자료","0.066031","0.058718","0.05235","0.050213"
"2.2.1.2.6. 투입산출표 취업유발계수표(생산자가격, 대분류)","음식점 및 숙박서비스","컴퓨터, 전자 및 광학기기","명/십억원","원자료","0.024236","0.020541","0.018776","0.021591"
"2.2.1.2.6. 투입산출표 취업유발계수표(생산자가격, 대분류)","음식점 및 숙박서비스","전기장비","명/십억원","원자료","0.042302","0.037101","0.032982","0.033069"
"2.2.1.2.6. 투입산출표 취업유발계수표(생산자가격, 대분류)","음식점 및 숙박서비스","기계 및 장비","명/십억원","원자료","0.01716","0.016248","0.016567","0.013825"
"2.2.1.2.6. 투입산출표 취업유발계수표(생산자가격, 대분류)","음식점 및 숙박서비스","운송장비","명/십억원","원자료","0.013059","0.010938","0.009646","0.008866"
"2.2.1.2.6. 투입산출표 취업유발계수표(생산자가격, 대분류)","음식점 및 숙박서비스","기타 제조업 제품","명/십억원","원자료","0.076101","0.078271","0.070401","0.066554"
"2.2.1.2.6. 투입산출표 취업유발계수표(생산자가격, 대분류)","음식점 및 숙박서비스","제조임가공 및 산업용 장비 수리","명/십억원","원자료","0.119083","0.103331","0.105721","0.106524"
"2.2.1.2.6. 투입산출표 취업유발계수표(생산자가격, 대분류)","음식점 및 숙박서비스","전력, 가스 및 증기","명/십억원","원자료","0.020052","0.016139","0.016072","0.017613"
"2.2.1.2.6. 투입산출표 취업유발계수표(생산자가격, 대분류)","음식점 및 숙박서비스","수도, 폐기물처리 및 재활용서비스","명/십억원","원자료","0.118278","0.10665","0.084783","0.087109"
"2.2.1.2.6. 투입산출표 취업유발계수표(생산자가격, 대분류)","음식점 및 숙박서비스","건설","명/십억원","원자료","0.075083","0.074483","0.05844","0.051275"
"2.2.1.2.6. 투입산출표 취업유발계수표(생산자가격, 대분류)","음식점 및 숙박서비스","도소매 및 상품중개서비스","명/십억원","원자료","1.286832","1.12395","0.971308","0.964132"
"2.2.1.2.6. 투입산출표 취업유발계수표(생산자가격, 대분류)","음식점 및 숙박서비스","운송서비스","명/십억원","원자료","0.456126","0.40746","0.360803","0.391002"
"2.2.1.2.6. 투입산출표 취업유발계수표(생산자가격, 대분류)","음식점 및 숙박서비스","음식점 및 숙박서비스","명/십억원","원자료","11.113841","10.114841","8.848952","8.644624"
"2.2.1.2.6. 투입산출표 취업유발계수표(생산자가격, 대분류)","음식점 및 숙박서비스","정보통신 및 방송 서비스","명/십억원","원자료","0.121128","0.101333","0.101634","0.112028"
"2.2.1.2.6. 투입산출표 취업유발계수표(생산자가격, 대분류)","음식점 및 숙박서비스","금융 및 보험 서비스","명/십억원","원자료","0.173706","0.163173","0.139615","0.125064"
"2.2.1.2.6. 투입산출표 취업유발계수표(생산자가격, 대분류)","음식점 및 숙박서비스","부동산서비스","명/십억원","원자료","0.138296","0.123526","0.121393","0.137068"
"2.2.1.2.6. 투입산출표 취업유발계수표(생산자가격, 대분류)","음식점 및 숙박서비스","전문, 과학 및 기술 서비스","명/십억원","원자료","0.335932","0.315946","0.295993","0.347041"
"2.2.1.2.6. 투입산출표 취업유발계수표(생산자가격, 대분류)","음식점 및 숙박서비스","사업지원서비스","명/십억원","원자료","0.299945","0.279029","0.252225","0.256681"
"2.2.1.2.6. 투입산출표 취업유발계수표(생산자가격, 대분류)","음식점 및 숙박서비스","공공행정, 국방 및 사회보장","명/십억원","원자료","0.01722","0.016994","0.020341","0.018252"
"2.2.1.2.6. 투입산출표 취업유발계수표(생산자가격, 대분류)","음식점 및 숙박서비스","교육서비스","명/십억원","원자료","0.010221","0.01568","0.012228","0.011934"
"2.2.1.2.6. 투입산출표 취업유발계수표(생산자가격, 대분류)","음식점 및 숙박서비스","보건 및 사회복지 서비스","명/십억원","원자료","0.037793","0.040456","0.037974","0.038062"
"2.2.1.2.6. 투입산출표 취업유발계수표(생산자가격, 대분류)","음식점 및 숙박서비스","예술, 스포츠 및 여가 관련 서비스","명/십억원","원자료","0.02348","0.020117","0.018884","0.018908"
"2.2.1.2.6. 투입산출표 취업유발계수표(생산자가격, 대분류)","음식점 및 숙박서비스","기타 서비스","명/십억원","원자료","0.114618","0.09606","0.095593","0.095418"
"2.2.1.2.6. 투입산출표 취업유발계수표(생산자가격, 대분류)","음식점 및 숙박서비스","기타","명/십억원","원자료","0","0","0","0"
"2.2.1.2.6. 투입산출표 취업유발계수표(생산자가격, 대분류)","음식점 및 숙박서비스","열합","명/십억원","원자료","18.389217","16.764875","14.994976","14.736212"
"2.2.1.2.6. 투입산출표 취업유발계수표(생산자가격, 대분류)","정보통신 및 방송 서비스","농림수산품","명/십억원","원자료","0.080926","0.07651","0.090257","0.085416"
"2.2.1.2.6. 투입산출표 취업유발계수표(생산자가격, 대분류)","정보통신 및 방송 서비스","광산품","명/십억원","원자료","0.000624","0.000508","0.00088","0.00038"
"2.2.1.2.6. 투입산출표 취업유발계수표(생산자가격, 대분류)","정보통신 및 방송 서비스","음식료품","명/십억원","원자료","0.023635","0.02336","0.02609","0.023997"
"2.2.1.2.6. 투입산출표 취업유발계수표(생산자가격, 대분류)","정보통신 및 방송 서비스","섬유 및 가죽제품","명/십억원","원자료","0.016392","0.014744","0.012568","0.008688"
"2.2.1.2.6. 투입산출표 취업유발계수표(생산자가격, 대분류)","정보통신 및 방송 서비스","목재 및 종이, 인쇄","명/십억원","원자료","0.068697","0.054134","0.052324","0.05061"
"2.2.1.2.6. 투입산출표 취업유발계수표(생산자가격, 대분류)","정보통신 및 방송 서비스","석탄 및 석유제품","명/십억원","원자료","0.000709","0.000684","0.00073","0.000637"
"2.2.1.2.6. 투입산출표 취업유발계수표(생산자가격, 대분류)","정보통신 및 방송 서비스","화학제품","명/십억원","원자료","0.031379","0.030125","0.027081","0.026126"
"2.2.1.2.6. 투입산출표 취업유발계수표(생산자가격, 대분류)","정보통신 및 방송 서비스","비금속광물제품","명/십억원","원자료","0.004205","0.004292","0.003781","0.00303"
"2.2.1.2.6. 투입산출표 취업유발계수표(생산자가격, 대분류)","정보통신 및 방송 서비스","1차 금속제품","명/십억원","원자료","0.004946","0.004959","0.005018","0.004341"
"2.2.1.2.6. 투입산출표 취업유발계수표(생산자가격, 대분류)","정보통신 및 방송 서비스","금속가공제품","명/십억원","원자료","0.019737","0.018966","0.01854","0.016416"
"2.2.1.2.6. 투입산출표 취업유발계수표(생산자가격, 대분류)","정보통신 및 방송 서비스","컴퓨터, 전자 및 광학기기","명/십억원","원자료","0.054635","0.042545","0.041068","0.051609"
"2.2.1.2.6. 투입산출표 취업유발계수표(생산자가격, 대분류)","정보통신 및 방송 서비스","전기장비","명/십억원","원자료","0.04192","0.042711","0.044944","0.038267"
"2.2.1.2.6. 투입산출표 취업유발계수표(생산자가격, 대분류)","정보통신 및 방송 서비스","기계 및 장비","명/십억원","원자료","0.00715","0.006865","0.007806","0.00597"
"2.2.1.2.6. 투입산출표 취업유발계수표(생산자가격, 대분류)","정보통신 및 방송 서비스","운송장비","명/십억원","원자료","0.007563","0.006748","0.006541","0.005834"
"2.2.1.2.6. 투입산출표 취업유발계수표(생산자가격, 대분류)","정보통신 및 방송 서비스","기타 제조업 제품","명/십억원","원자료","0.019647","0.021846","0.022331","0.019068"
"2.2.1.2.6. 투입산출표 취업유발계수표(생산자가격, 대분류)","정보통신 및 방송 서비스","제조임가공 및 산업용 장비 수리","명/십억원","원자료","0.046094","0.041727","0.042082","0.043744"
"2.2.1.2.6. 투입산출표 취업유발계수표(생산자가격, 대분류)","정보통신 및 방송 서비스","전력, 가스 및 증기","명/십억원","원자료","0.010452","0.008173","0.008056","0.009432"
"2.2.1.2.6. 투입산출표 취업유발계수표(생산자가격, 대분류)","정보통신 및 방송 서비스","수도, 폐기물처리 및 재활용서비스","명/십억원","원자료","0.02654","0.02504","0.02101","0.01985"
"2.2.1.2.6. 투입산출표 취업유발계수표(생산자가격, 대분류)","정보통신 및 방송 서비스","건설","명/십억원","원자료","0.035082","0.03967","0.030742","0.02284"
"2.2.1.2.6. 투입산출표 취업유발계수표(생산자가격, 대분류)","정보통신 및 방송 서비스","도소매 및 상품중개서비스","명/십억원","원자료","0.71457","0.564597","0.50499","0.474434"
"2.2.1.2.6. 투입산출표 취업유발계수표(생산자가격, 대분류)","정보통신 및 방송 서비스","운송서비스","명/십억원","원자료","0.188751","0.156163","0.147698","0.166386"
"2.2.1.2.6. 투입산출표 취업유발계수표(생산자가격, 대분류)","정보통신 및 방송 서비스","음식점 및 숙박서비스","명/십억원","원자료","0.234161","0.211335","0.226585","0.232647"
"2.2.1.2.6. 투입산출표 취업유발계수표(생산자가격, 대분류)","정보통신 및 방송 서비스","정보통신 및 방송 서비스","명/십억원","원자료","4.930661","4.381371","4.492479","4.755994"
"2.2.1.2.6. 투입산출표 취업유발계수표(생산자가격, 대분류)","정보통신 및 방송 서비스","금융 및 보험 서비스","명/십억원","원자료","0.088499","0.08597","0.079506","0.074202"
"2.2.1.2.6. 투입산출표 취업유발계수표(생산자가격, 대분류)","정보통신 및 방송 서비스","부동산서비스","명/십억원","원자료","0.048593","0.045666","0.045844","0.04593"
"2.2.1.2.6. 투입산출표 취업유발계수표(생산자가격, 대분류)","정보통신 및 방송 서비스","전문, 과학 및 기술 서비스","명/십억원","원자료","0.440349","0.431587","0.422328","0.407241"
"2.2.1.2.6. 투입산출표 취업유발계수표(생산자가격, 대분류)","정보통신 및 방송 서비스","사업지원서비스","명/십억원","원자료","0.576993","0.556038","0.554455","0.523096"
"2.2.1.2.6. 투입산출표 취업유발계수표(생산자가격, 대분류)","정보통신 및 방송 서비스","공공행정, 국방 및 사회보장","명/십억원","원자료","0.01344","0.017704","0.022408","0.019231"
"2.2.1.2.6. 투입산출표 취업유발계수표(생산자가격, 대분류)","정보통신 및 방송 서비스","교육서비스","명/십억원","원자료","0.010325","0.01625","0.013833","0.012248"
"2.2.1.2.6. 투입산출표 취업유발계수표(생산자가격, 대분류)","정보통신 및 방송 서비스","보건 및 사회복지 서비스","명/십억원","원자료","0.0236","0.027401","0.02725","0.024848"
"2.2.1.2.6. 투입산출표 취업유발계수표(생산자가격, 대분류)","정보통신 및 방송 서비스","예술, 스포츠 및 여가 관련 서비스","명/십억원","원자료","0.113965","0.091798","0.083964","0.075666"
"2.2.1.2.6. 투입산출표 취업유발계수표(생산자가격, 대분류)","정보통신 및 방송 서비스","기타 서비스","명/십억원","원자료","0.100494","0.086023","0.090936","0.08319"
"2.2.1.2.6. 투입산출표 취업유발계수표(생산자가격, 대분류)","정보통신 및 방송 서비스","기타","명/십억원","원자료","0","0","0","0"
"2.2.1.2.6. 투입산출표 취업유발계수표(생산자가격, 대분류)","정보통신 및 방송 서비스","열합","명/십억원","원자료","7.984734","7.135511","7.174127","7.331367"
"2.2.1.2.6. 투입산출표 취업유발계수표(생산자가격, 대분류)","금융 및 보험 서비스","농림수산품","명/십억원","원자료","0.084781","0.0755","0.081918","0.078252"
"2.2.1.2.6. 투입산출표 취업유발계수표(생산자가격, 대분류)","금융 및 보험 서비스","광산품","명/십억원","원자료","0.000374","0.000288","0.00054","0.000217"
"2.2.1.2.6. 투입산출표 취업유발계수표(생산자가격, 대분류)","금융 및 보험 서비스","음식료품","명/십억원","원자료","0.023663","0.021714","0.022375","0.020881"
"2.2.1.2.6. 투입산출표 취업유발계수표(생산자가격, 대분류)","금융 및 보험 서비스","섬유 및 가죽제품","명/십억원","원자료","0.011696","0.008855","0.006858","0.005045"
"2.2.1.2.6. 투입산출표 취업유발계수표(생산자가격, 대분류)","금융 및 보험 서비스","목재 및 종이, 인쇄","명/십억원","원자료","0.056779","0.049446","0.044751","0.039872"
"2.2.1.2.6. 투입산출표 취업유발계수표(생산자가격, 대분류)","금융 및 보험 서비스","석탄 및 석유제품","명/십억원","원자료","0.000375","0.000349","0.00035","0.000316"
"2.2.1.2.6. 투입산출표 취업유발계수표(생산자가격, 대분류)","금융 및 보험 서비스","화학제품","명/십억원","원자료","0.017034","0.015135","0.013012","0.013033"
"2.2.1.2.6. 투입산출표 취업유발계수표(생산자가격, 대분류)","금융 및 보험 서비스","비금속광물제품","명/십억원","원자료","0.002331","0.002242","0.001976","0.001673"
"2.2.1.2.6. 투입산출표 취업유발계수표(생산자가격, 대분류)","금융 및 보험 서비스","1차 금속제품","명/십억원","원자료","0.002325","0.002136","0.002006","0.001826"
"2.2.1.2.6. 투입산출표 취업유발계수표(생산자가격, 대분류)","금융 및 보험 서비스","금속가공제품","명/십억원","원자료","0.012536","0.011121","0.010125","0.009337"
"2.2.1.2.6. 투입산출표 취업유발계수표(생산자가격, 대분류)","금융 및 보험 서비스","컴퓨터, 전자 및 광학기기","명/십억원","원자료","0.01249","0.010207","0.009384","0.010521"
"2.2.1.2.6. 투입산출표 취업유발계수표(생산자가격, 대분류)","금융 및 보험 서비스","전기장비","명/십억원","원자료","0.013028","0.011988","0.011871","0.010914"
"2.2.1.2.6. 투입산출표 취업유발계수표(생산자가격, 대분류)","금융 및 보험 서비스","기계 및 장비","명/십억원","원자료","0.004046","0.003666","0.003848","0.003042"
"2.2.1.2.6. 투입산출표 취업유발계수표(생산자가격, 대분류)","금융 및 보험 서비스","운송장비","명/십억원","원자료","0.004853","0.003892","0.003566","0.003226"
"2.2.1.2.6. 투입산출표 취업유발계수표(생산자가격, 대분류)","금융 및 보험 서비스","기타 제조업 제품","명/십억원","원자료","0.014029","0.014413","0.013267","0.011574"
"2.2.1.2.6. 투입산출표 취업유발계수표(생산자가격, 대분류)","금융 및 보험 서비스","제조임가공 및 산업용 장비 수리","명/십억원","원자료","0.023118","0.019579","0.018631","0.018837"
"2.2.1.2.6. 투입산출표 취업유발계수표(생산자가격, 대분류)","금융 및 보험 서비스","전력, 가스 및 증기","명/십억원","원자료","0.00729","0.005686","0.005482","0.006305"
"2.2.1.2.6. 투입산출표 취업유발계수표(생산자가격, 대분류)","금융 및 보험 서비스","수도, 폐기물처리 및 재활용서비스","명/십억원","원자료","0.023651","0.022174","0.017091","0.015881"
"2.2.1.2.6. 투입산출표 취업유발계수표(생산자가격, 대분류)","금융 및 보험 서비스","건설","명/십억원","원자료","0.020214","0.020552","0.017363","0.014697"
"2.2.1.2.6. 투입산출표 취업유발계수표(생산자가격, 대분류)","금융 및 보험 서비스","도소매 및 상품중개서비스","명/십억원","원자료","0.1644","0.13318","0.119152","0.111607"
"2.2.1.2.6. 투입산출표 취업유발계수표(생산자가격, 대분류)","금융 및 보험 서비스","운송서비스","명/십억원","원자료","0.095765","0.078819","0.070135","0.077891"
"2.2.1.2.6. 투입산출표 취업유발계수표(생산자가격, 대분류)","금융 및 보험 서비스","음식점 및 숙박서비스","명/십억원","원자료","0.283641","0.243563","0.240544","0.241018"
"2.2.1.2.6. 투입산출표 취업유발계수표(생산자가격, 대분류)","금융 및 보험 서비스","정보통신 및 방송 서비스","명/십억원","원자료","0.294515","0.250743","0.247323","0.248397"
"2.2.1.2.6. 투입산출표 취업유발계수표(생산자가격, 대분류)","금융 및 보험 서비스","금융 및 보험 서비스","명/십억원","원자료","4.242241","3.855697","3.569064","3.63262"
"2.2.1.2.6. 투입산출표 취업유발계수표(생산자가격, 대분류)","금융 및 보험 서비스","부동산서비스","명/십억원","원자료","0.081439","0.068776","0.059468","0.056715"
"2.2.1.2.6. 투입산출표 취업유발계수표(생산자가격, 대분류)","금융 및 보험 서비스","전문, 과학 및 기술 서비스","명/십억원","원자료","0.244935","0.22471","0.20272","0.212092"
"2.2.1.2.6. 투입산출표 취업유발계수표(생산자가격, 대분류)","금융 및 보험 서비스","사업지원서비스","명/십억원","원자료","0.641585","0.553609","0.51261","0.487497"
"2.2.1.2.6. 투입산출표 취업유발계수표(생산자가격, 대분류)","금융 및 보험 서비스","공공행정, 국방 및 사회보장","명/십억원","원자료","0.004825","0.004964","0.006002","0.005252"
"2.2.1.2.6. 투입산출표 취업유발계수표(생산자가격, 대분류)","금융 및 보험 서비스","교육서비스","명/십억원","원자료","0.019704","0.02824","0.023029","0.020192"
"2.2.1.2.6. 투입산출표 취업유발계수표(생산자가격, 대분류)","금융 및 보험 서비스","보건 및 사회복지 서비스","명/십억원","원자료","0.032239","0.034686","0.03169","0.028134"
"2.2.1.2.6. 투입산출표 취업유발계수표(생산자가격, 대분류)","금융 및 보험 서비스","예술, 스포츠 및 여가 관련 서비스","명/십억원","원자료","0.046165","0.039379","0.036371","0.032887"
"2.2.1.2.6. 투입산출표 취업유발계수표(생산자가격, 대분류)","금융 및 보험 서비스","기타 서비스","명/십억원","원자료","0.122789","0.094924","0.096237","0.085565"
"2.2.1.2.6. 투입산출표 취업유발계수표(생산자가격, 대분류)","금융 및 보험 서비스","기타","명/십억원","원자료","0","0","0","0"
"2.2.1.2.6. 투입산출표 취업유발계수표(생산자가격, 대분류)","금융 및 보험 서비스","열합","명/십억원","원자료","6.608856","5.910235","5.498756","5.505315"
"2.2.1.2.6. 투입산출표 취업유발계수표(생산자가격, 대분류)","부동산서비스","농림수산품","명/십억원","원자료","0.035009","0.036187","0.0462","0.050226"
"2.2.1.2.6. 투입산출표 취업유발계수표(생산자가격, 대분류)","부동산서비스","광산품","명/십억원","원자료","0.001083","0.001003","0.001631","0.001395"
"2.2.1.2.6. 투입산출표 취업유발계수표(생산자가격, 대분류)","부동산서비스","음식료품","명/십억원","원자료","0.009527","0.010178","0.01201","0.01284"
"2.2.1.2.6. 투입산출표 취업유발계수표(생산자가격, 대분류)","부동산서비스","섬유 및 가죽제품","명/십억원","원자료","0.009326","0.009128","0.007284","0.005729"
"2.2.1.2.6. 투입산출표 취업유발계수표(생산자가격, 대분류)","부동산서비스","목재 및 종이, 인쇄","명/십억원","원자료","0.017565","0.017913","0.018138","0.017438"
"2.2.1.2.6. 투입산출표 취업유발계수표(생산자가격, 대분류)","부동산서비스","석탄 및 석유제품","명/십억원","원자료","0.000496","0.000547","0.000669","0.000618"
"2.2.1.2.6. 투입산출표 취업유발계수표(생산자가격, 대분류)","부동산서비스","화학제품","명/십억원","원자료","0.016016","0.016702","0.016485","0.018445"
"2.2.1.2.6. 투입산출표 취업유발계수표(생산자가격, 대분류)","부동산서비스","비금속광물제품","명/십억원","원자료","0.009834","0.011206","0.014481","0.015573"
"2.2.1.2.6. 투입산출표 취업유발계수표(생산자가격, 대분류)","부동산서비스","1차 금속제품","명/십억원","원자료","0.005108","0.005566","0.007101","0.007803"
"2.2.1.2.6. 투입산출표 취업유발계수표(생산자가격, 대분류)","부동산서비스","금속가공제품","명/십억원","원자료","0.018581","0.020181","0.024324","0.02675"
"2.2.1.2.6. 투입산출표 취업유발계수표(생산자가격, 대분류)","부동산서비스","컴퓨터, 전자 및 광학기기","명/십억원","원자료","0.008737","0.008482","0.00835","0.009514"
"2.2.1.2.6. 투입산출표 취업유발계수표(생산자가격, 대분류)","부동산서비스","전기장비","명/십억원","원자료","0.015461","0.016138","0.01724","0.017532"
"2.2.1.2.6. 투입산출표 취업유발계수표(생산자가격, 대분류)","부동산서비스","기계 및 장비","명/십억원","원자료","0.007929","0.008792","0.012555","0.01184"
"2.2.1.2.6. 투입산출표 취업유발계수표(생산자가격, 대분류)","부동산서비스","운송장비","명/십억원","원자료","0.003454","0.003307","0.003317","0.00331"
"2.2.1.2.6. 투입산출표 취업유발계수표(생산자가격, 대분류)","부동산서비스","기타 제조업 제품","명/십억원","원자료","0.020614","0.024149","0.024883","0.02513"
"2.2.1.2.6. 투입산출표 취업유발계수표(생산자가격, 대분류)","부동산서비스","제조임가공 및 산업용 장비 수리","명/십억원","원자료","0.019889","0.019773","0.021921","0.025057"
"2.2.1.2.6. 투입산출표 취업유발계수표(생산자가격, 대분류)","부동산서비스","전력, 가스 및 증기","명/십억원","원자료","0.007643","0.006648","0.007167","0.008806"
"2.2.1.2.6. 투입산출표 취업유발계수표(생산자가격, 대분류)","부동산서비스","수도, 폐기물처리 및 재활용서비스","명/십억원","원자료","0.039986","0.042281","0.047752","0.056167"
"2.2.1.2.6. 투입산출표 취업유발계수표(생산자가격, 대분류)","부동산서비스","건설","명/십억원","원자료","0.235697","0.275529","0.369849","0.396134"
"2.2.1.2.6. 투입산출표 취업유발계수표(생산자가격, 대분류)","부동산서비스","도소매 및 상품중개서비스","명/십억원","원자료","0.110426","0.110747","0.115563","0.118982"
"2.2.1.2.6. 투입산출표 취업유발계수표(생산자가격, 대분류)","부동산서비스","운송서비스","명/십억원","원자료","0.082211","0.075838","0.076898","0.09031"
"2.2.1.2.6. 투입산출표 취업유발계수표(생산자가격, 대분류)","부동산서비스","음식점 및 숙박서비스","명/십억원","원자료","0.112394","0.110956","0.127595","0.149043"
"2.2.1.2.6. 투입산출표 취업유발계수표(생산자가격, 대분류)","부동산서비스","정보통신 및 방송 서비스","명/십억원","원자료","0.063187","0.059756","0.063016","0.064712"
"2.2.1.2.6. 투입산출표 취업유발계수표(생산자가격, 대분류)","부동산서비스","금융 및 보험 서비스","명/십억원","원자료","0.443007","0.44323","0.367691","0.298872"
"2.2.1.2.6. 투입산출표 취업유발계수표(생산자가격, 대분류)","부동산서비스","부동산서비스","명/십억원","원자료","2.185378","2.079585","2.166908","2.278909"
"2.2.1.2.6. 투입산출표 취업유발계수표(생산자가격, 대분류)","부동산서비스","전문, 과학 및 기술 서비스","명/십억원","원자료","0.13317","0.145635","0.157098","0.183828"
"2.2.1.2.6. 투입산출표 취업유발계수표(생산자가격, 대분류)","부동산서비스","사업지원서비스","명/십억원","원자료","0.544128","0.577609","0.519478","0.531458"
"2.2.1.2.6. 투입산출표 취업유발계수표(생산자가격, 대분류)","부동산서비스","공공행정, 국방 및 사회보장","명/십억원","원자료","0.008522","0.010425","0.015316","0.016582"
"2.2.1.2.6. 투입산출표 취업유발계수표(생산자가격, 대분류)","부동산서비스","교육서비스","명/십억원","원자료","0.006628","0.011587","0.010718","0.010667"
"2.2.1.2.6. 투입산출표 취업유발계수표(생산자가격, 대분류)","부동산서비스","보건 및 사회복지 서비스","명/십억원","원자료","0.011664","0.014484","0.015323","0.016099"
"2.2.1.2.6. 투입산출표 취업유발계수표(생산자가격, 대분류)","부동산서비스","예술, 스포츠 및 여가 관련 서비스","명/십억원","원자료","0.01577","0.016207","0.016251","0.016067"
"2.2.1.2.6. 투입산출표 취업유발계수표(생산자가격, 대분류)","부동산서비스","기타 서비스","명/십억원","원자료","0.046071","0.042468","0.046954","0.048322"
"2.2.1.2.6. 투입산출표 취업유발계수표(생산자가격, 대분류)","부동산서비스","기타","명/십억원","원자료","0","0","0","0"
"2.2.1.2.6. 투입산출표 취업유발계수표(생산자가격, 대분류)","부동산서비스","열합","명/십억원","원자료","4.244512","4.23224","4.360166","4.534158"
"2.2.1.2.6. 투입산출표 취업유발계수표(생산자가격, 대분류)","전문, 과학 및 기술 서비스","농림수산품","명/십억원","원자료","0.142303","0.12787","0.141405","0.150773"
"2.2.1.2.6. 투입산출표 취업유발계수표(생산자가격, 대분류)","전문, 과학 및 기술 서비스","광산품","명/십억원","원자료","0.001222","0.000951","0.001732","0.000768"
"2.2.1.2.6. 투입산출표 취업유발계수표(생산자가격, 대분류)","전문, 과학 및 기술 서비스","음식료품","명/십억원","원자료","0.042289","0.039276","0.040389","0.042855"
"2.2.1.2.6. 투입산출표 취업유발계수표(생산자가격, 대분류)","전문, 과학 및 기술 서비스","섬유 및 가죽제품","명/십억원","원자료","0.021299","0.019022","0.014914","0.011019"
"2.2.1.2.6. 투입산출표 취업유발계수표(생산자가격, 대분류)","전문, 과학 및 기술 서비스","목재 및 종이, 인쇄","명/십억원","원자료","0.083541","0.07164","0.06731","0.071875"
"2.2.1.2.6. 투입산출표 취업유발계수표(생산자가격, 대분류)","전문, 과학 및 기술 서비스","석탄 및 석유제품","명/십억원","원자료","0.001529","0.001523","0.001644","0.001549"
"2.2.1.2.6. 투입산출표 취업유발계수표(생산자가격, 대분류)","전문, 과학 및 기술 서비스","화학제품","명/십억원","원자료","0.074035","0.068389","0.060834","0.06887"
"2.2.1.2.6. 투입산출표 취업유발계수표(생산자가격, 대분류)","전문, 과학 및 기술 서비스","비금속광물제품","명/십억원","원자료","0.007755","0.00742","0.006591","0.005785"
"2.2.1.2.6. 투입산출표 취업유발계수표(생산자가격, 대분류)","전문, 과학 및 기술 서비스","1차 금속제품","명/십억원","원자료","0.009487","0.008856","0.008733","0.008437"
"2.2.1.2.6. 투입산출표 취업유발계수표(생산자가격, 대분류)","전문, 과학 및 기술 서비스","금속가공제품","명/십억원","원자료","0.037476","0.03358","0.031881","0.030233"
"2.2.1.2.6. 투입산출표 취업유발계수표(생산자가격, 대분류)","전문, 과학 및 기술 서비스","컴퓨터, 전자 및 광학기기","명/십억원","원자료","0.070329","0.052435","0.048498","0.056965"
"2.2.1.2.6. 투입산출표 취업유발계수표(생산자가격, 대분류)","전문, 과학 및 기술 서비스","전기장비","명/십억원","원자료","0.055485","0.051126","0.054378","0.054581"
"2.2.1.2.6. 투입산출표 취업유발계수표(생산자가격, 대분류)","전문, 과학 및 기술 서비스","기계 및 장비","명/십억원","원자료","0.021299","0.018694","0.018572","0.014792"
"2.2.1.2.6. 투입산출표 취업유발계수표(생산자가격, 대분류)","전문, 과학 및 기술 서비스","운송장비","명/십억원","원자료","0.016107","0.015791","0.01885","0.021073"
"2.2.1.2.6. 투입산출표 취업유발계수표(생산자가격, 대분류)","전문, 과학 및 기술 서비스","기타 제조업 제품","명/십억원","원자료","0.035802","0.036844","0.034189","0.036004"
"2.2.1.2.6. 투입산출표 취업유발계수표(생산자가격, 대분류)","전문, 과학 및 기술 서비스","제조임가공 및 산업용 장비 수리","명/십억원","원자료","0.063888","0.054895","0.054496","0.060596"
"2.2.1.2.6. 투입산출표 취업유발계수표(생산자가격, 대분류)","전문, 과학 및 기술 서비스","전력, 가스 및 증기","명/십억원","원자료","0.02196","0.017176","0.016674","0.020581"
"2.2.1.2.6. 투입산출표 취업유발계수표(생산자가격, 대분류)","전문, 과학 및 기술 서비스","수도, 폐기물처리 및 재활용서비스","명/십억원","원자료","0.040165","0.038132","0.030323","0.031886"
"2.2.1.2.6. 투입산출표 취업유발계수표(생산자가격, 대분류)","전문, 과학 및 기술 서비스","건설","명/십억원","원자료","0.051838","0.050833","0.038032","0.032915"
"2.2.1.2.6. 투입산출표 취업유발계수표(생산자가격, 대분류)","전문, 과학 및 기술 서비스","도소매 및 상품중개서비스","명/십억원","원자료","0.416423","0.358756","0.330194","0.345279"
"2.2.1.2.6. 투입산출표 취업유발계수표(생산자가격, 대분류)","전문, 과학 및 기술 서비스","운송서비스","명/십억원","원자료","0.25066","0.215078","0.193547","0.22165"
"2.2.1.2.6. 투입산출표 취업유발계수표(생산자가격, 대분류)","전문, 과학 및 기술 서비스","음식점 및 숙박서비스","명/십억원","원자료","0.399472","0.345993","0.345687","0.406129"
"2.2.1.2.6. 투입산출표 취업유발계수표(생산자가격, 대분류)","전문, 과학 및 기술 서비스","정보통신 및 방송 서비스","명/십억원","원자료","0.384544","0.334115","0.344213","0.349037"
"2.2.1.2.6. 투입산출표 취업유발계수표(생산자가격, 대분류)","전문, 과학 및 기술 서비스","금융 및 보험 서비스","명/십억원","원자료","0.134734","0.087653","0.07865","0.076284"
"2.2.1.2.6. 투입산출표 취업유발계수표(생산자가격, 대분류)","전문, 과학 및 기술 서비스","부동산서비스","명/십억원","원자료","0.082643","0.073073","0.068413","0.081516"
"2.2.1.2.6. 투입산출표 취업유발계수표(생산자가격, 대분류)","전문, 과학 및 기술 서비스","전문, 과학 및 기술 서비스","명/십억원","원자료","6.397595","6.05645","5.775633","5.578269"
"2.2.1.2.6. 투입산출표 취업유발계수표(생산자가격, 대분류)","전문, 과학 및 기술 서비스","사업지원서비스","명/십억원","원자료","0.621591","0.570926","0.521634","0.571507"
"2.2.1.2.6. 투입산출표 취업유발계수표(생산자가격, 대분류)","전문, 과학 및 기술 서비스","공공행정, 국방 및 사회보장","명/십억원","원자료","0.009467","0.008947","0.011656","0.01097"
"2.2.1.2.6. 투입산출표 취업유발계수표(생산자가격, 대분류)","전문, 과학 및 기술 서비스","교육서비스","명/십억원","원자료","0.015422","0.022864","0.018351","0.017293"
"2.2.1.2.6. 투입산출표 취업유발계수표(생산자가격, 대분류)","전문, 과학 및 기술 서비스","보건 및 사회복지 서비스","명/십억원","원자료","0.031117","0.033319","0.031554","0.03334"
"2.2.1.2.6. 투입산출표 취업유발계수표(생산자가격, 대분류)","전문, 과학 및 기술 서비스","예술, 스포츠 및 여가 관련 서비스","명/십억원","원자료","0.074169","0.062203","0.055424","0.055381"
"2.2.1.2.6. 투입산출표 취업유발계수표(생산자가격, 대분류)","전문, 과학 및 기술 서비스","기타 서비스","명/십억원","원자료","0.162831","0.134606","0.131165","0.138301"
"2.2.1.2.6. 투입산출표 취업유발계수표(생산자가격, 대분류)","전문, 과학 및 기술 서비스","기타","명/십억원","원자료","0","0","0","0"
"2.2.1.2.6. 투입산출표 취업유발계수표(생산자가격, 대분류)","전문, 과학 및 기술 서비스","열합","명/십억원","원자료","9.778477","9.018435","8.595565","8.606516"
"2.2.1.2.6. 투입산출표 취업유발계수표(생산자가격, 대분류)","사업지원서비스","농림수산품","명/십억원","원자료","0.121097","0.122456","0.142353","0.139957"
"2.2.1.2.6. 투입산출표 취업유발계수표(생산자가격, 대분류)","사업지원서비스","광산품","명/십억원","원자료","0.001327","0.001183","0.001475","0.000969"
"2.2.1.2.6. 투입산출표 취업유발계수표(생산자가격, 대분류)","사업지원서비스","음식료품","명/십억원","원자료","0.037057","0.038929","0.042583","0.040863"
"2.2.1.2.6. 투입산출표 취업유발계수표(생산자가격, 대분류)","사업지원서비스","섬유 및 가죽제품","명/십억원","원자료","0.050482","0.042222","0.032958","0.027328"
"2.2.1.2.6. 투입산출표 취업유발계수표(생산자가격, 대분류)","사업지원서비스","목재 및 종이, 인쇄","명/십억원","원자료","0.036317","0.035426","0.034468","0.032864"
"2.2.1.2.6. 투입산출표 취업유발계수표(생산자가격, 대분류)","사업지원서비스","석탄 및 석유제품","명/십억원","원자료","0.001101","0.001121","0.00123","0.0011"
"2.2.1.2.6. 투입산출표 취업유발계수표(생산자가격, 대분류)","사업지원서비스","화학제품","명/십억원","원자료","0.071842","0.072414","0.064068","0.065964"
"2.2.1.2.6. 투입산출표 취업유발계수표(생산자가격, 대분류)","사업지원서비스","비금속광물제품","명/십억원","원자료","0.008968","0.009947","0.008857","0.007371"
"2.2.1.2.6. 투입산출표 취업유발계수표(생산자가격, 대분류)","사업지원서비스","1차 금속제품","명/십억원","원자료","0.007594","0.007691","0.007318","0.006832"
"2.2.1.2.6. 투입산출표 취업유발계수표(생산자가격, 대분류)","사업지원서비스","금속가공제품","명/십억원","원자료","0.045515","0.044391","0.041328","0.040106"
"2.2.1.2.6. 투입산출표 취업유발계수표(생산자가격, 대분류)","사업지원서비스","컴퓨터, 전자 및 광학기기","명/십억원","원자료","0.027005","0.022921","0.022931","0.026333"
"2.2.1.2.6. 투입산출표 취업유발계수표(생산자가격, 대분류)","사업지원서비스","전기장비","명/십억원","원자료","0.04578","0.045092","0.043075","0.042062"
"2.2.1.2.6. 투입산출표 취업유발계수표(생산자가격, 대분류)","사업지원서비스","기계 및 장비","명/십억원","원자료","0.014626","0.014168","0.014984","0.012279"
"2.2.1.2.6. 투입산출표 취업유발계수표(생산자가격, 대분류)","사업지원서비스","운송장비","명/십억원","원자료","0.020249","0.019023","0.018063","0.015978"
"2.2.1.2.6. 투입산출표 취업유발계수표(생산자가격, 대분류)","사업지원서비스","기타 제조업 제품","명/십억원","원자료","0.04138","0.047388","0.046841","0.039829"
"2.2.1.2.6. 투입산출표 취업유발계수표(생산자가격, 대분류)","사업지원서비스","제조임가공 및 산업용 장비 수리","명/십억원","원자료","0.097324","0.086876","0.083523","0.087462"
"2.2.1.2.6. 투입산출표 취업유발계수표(생산자가격, 대분류)","사업지원서비스","전력, 가스 및 증기","명/십억원","원자료","0.008477","0.007415","0.00726","0.008573"
"2.2.1.2.6. 투입산출표 취업유발계수표(생산자가격, 대분류)","사업지원서비스","수도, 폐기물처리 및 재활용서비스","명/십억원","원자료","0.035482","0.03634","0.030423","0.031043"
"2.2.1.2.6. 투입산출표 취업유발계수표(생산자가격, 대분류)","사업지원서비스","건설","명/십억원","원자료","0.044063","0.049805","0.037596","0.028374"
"2.2.1.2.6. 투입산출표 취업유발계수표(생산자가격, 대분류)","사업지원서비스","도소매 및 상품중개서비스","명/십억원","원자료","0.356141","0.329174","0.303726","0.299217"
"2.2.1.2.6. 투입산출표 취업유발계수표(생산자가격, 대분류)","사업지원서비스","운송서비스","명/십억원","원자료","0.256194","0.248574","0.225819","0.235991"
"2.2.1.2.6. 투입산출표 취업유발계수표(생산자가격, 대분류)","사업지원서비스","음식점 및 숙박서비스","명/십억원","원자료","0.339707","0.330121","0.345671","0.369719"
"2.2.1.2.6. 투입산출표 취업유발계수표(생산자가격, 대분류)","사업지원서비스","정보통신 및 방송 서비스","명/십억원","원자료","0.126814","0.11835","0.127409","0.134351"
"2.2.1.2.6. 투입산출표 취업유발계수표(생산자가격, 대분류)","사업지원서비스","금융 및 보험 서비스","명/십억원","원자료","0.088181","0.08932","0.079479","0.072198"
"2.2.1.2.6. 투입산출표 취업유발계수표(생산자가격, 대분류)","사업지원서비스","부동산서비스","명/십억원","원자료","0.05383","0.053302","0.05154","0.054594"
"2.2.1.2.6. 투입산출표 취업유발계수표(생산자가격, 대분류)","사업지원서비스","전문, 과학 및 기술 서비스","명/십억원","원자료","0.308215","0.317493","0.307676","0.351024"
"2.2.1.2.6. 투입산출표 취업유발계수표(생산자가격, 대분류)","사업지원서비스","사업지원서비스","명/십억원","원자료","11.323018","11.162291","10.441333","9.789451"
"2.2.1.2.6. 투입산출표 취업유발계수표(생산자가격, 대분류)","사업지원서비스","공공행정, 국방 및 사회보장","명/십억원","원자료","0.010822","0.011533","0.015288","0.013856"
"2.2.1.2.6. 투입산출표 취업유발계수표(생산자가격, 대분류)","사업지원서비스","교육서비스","명/십억원","원자료","0.007908","0.013232","0.011043","0.010491"
"2.2.1.2.6. 투입산출표 취업유발계수표(생산자가격, 대분류)","사업지원서비스","보건 및 사회복지 서비스","명/십억원","원자료","0.02466","0.029243","0.029041","0.028879"
"2.2.1.2.6. 투입산출표 취업유발계수표(생산자가격, 대분류)","사업지원서비스","예술, 스포츠 및 여가 관련 서비스","명/십억원","원자료","0.041536","0.041238","0.04041","0.039455"
"2.2.1.2.6. 투입산출표 취업유발계수표(생산자가격, 대분류)","사업지원서비스","기타 서비스","명/십억원","원자료","0.18596","0.171278","0.183066","0.173042"
"2.2.1.2.6. 투입산출표 취업유발계수표(생산자가격, 대분류)","사업지원서비스","기타","명/십억원","원자료","0","0","0","0"
"2.2.1.2.6. 투입산출표 취업유발계수표(생산자가격, 대분류)","사업지원서비스","열합","명/십억원","원자료","13.838672","13.619959","12.842835","12.227555"
"2.2.1.2.6. 투입산출표 취업유발계수표(생산자가격, 대분류)","공공행정, 국방 및 사회보장","농림수산품","명/십억원","원자료","0.146478","0.13663","0.145334","0.141534"
"2.2.1.2.6. 투입산출표 취업유발계수표(생산자가격, 대분류)","공공행정, 국방 및 사회보장","광산품","명/십억원","원자료","0.001415","0.001287","0.001494","0.000807"
"2.2.1.2.6. 투입산출표 취업유발계수표(생산자가격, 대분류)","공공행정, 국방 및 사회보장","음식료품","명/십억원","원자료","0.037545","0.037087","0.036492","0.034991"
"2.2.1.2.6. 투입산출표 취업유발계수표(생산자가격, 대분류)","공공행정, 국방 및 사회보장","섬유 및 가죽제품","명/십억원","원자료","0.032368","0.024893","0.018011","0.01229"
"2.2.1.2.6. 투입산출표 취업유발계수표(생산자가격, 대분류)","공공행정, 국방 및 사회보장","목재 및 종이, 인쇄","명/십억원","원자료","0.038408","0.034544","0.030908","0.025993"
"2.2.1.2.6. 투입산출표 취업유발계수표(생산자가격, 대분류)","공공행정, 국방 및 사회보장","석탄 및 석유제품","명/십억원","원자료","0.001606","0.001873","0.002102","0.001547"
"2.2.1.2.6. 투입산출표 취업유발계수표(생산자가격, 대분류)","공공행정, 국방 및 사회보장","화학제품","명/십억원","원자료","0.035194","0.033858","0.030637","0.028052"
"2.2.1.2.6. 투입산출표 취업유발계수표(생산자가격, 대분류)","공공행정, 국방 및 사회보장","비금속광물제품","명/십억원","원자료","0.010092","0.011371","0.009746","0.006543"
"2.2.1.2.6. 투입산출표 취업유발계수표(생산자가격, 대분류)","공공행정, 국방 및 사회보장","1차 금속제품","명/십억원","원자료","0.00658","0.006645","0.006459","0.005264"
"2.2.1.2.6. 투입산출표 취업유발계수표(생산자가격, 대분류)","공공행정, 국방 및 사회보장","금속가공제품","명/십억원","원자료","0.050702","0.047466","0.043674","0.036391"
"2.2.1.2.6. 투입산출표 취업유발계수표(생산자가격, 대분류)","공공행정, 국방 및 사회보장","컴퓨터, 전자 및 광학기기","명/십억원","원자료","0.014505","0.011582","0.010684","0.011644"
"2.2.1.2.6. 투입산출표 취업유발계수표(생산자가격, 대분류)","공공행정, 국방 및 사회보장","전기장비","명/십억원","원자료","0.019505","0.019839","0.019839","0.016599"
"2.2.1.2.6. 투입산출표 취업유발계수표(생산자가격, 대분류)","공공행정, 국방 및 사회보장","기계 및 장비","명/십억원","원자료","0.013433","0.014292","0.015113","0.010608"
"2.2.1.2.6. 투입산출표 취업유발계수표(생산자가격, 대분류)","공공행정, 국방 및 사회보장","운송장비","명/십억원","원자료","0.023807","0.025233","0.031046","0.026266"
"2.2.1.2.6. 투입산출표 취업유발계수표(생산자가격, 대분류)","공공행정, 국방 및 사회보장","기타 제조업 제품","명/십억원","원자료","0.023251","0.025822","0.023395","0.018918"
"2.2.1.2.6. 투입산출표 취업유발계수표(생산자가격, 대분류)","공공행정, 국방 및 사회보장","제조임가공 및 산업용 장비 수리","명/십억원","원자료","0.044763","0.039916","0.038242","0.035738"
"2.2.1.2.6. 투입산출표 취업유발계수표(생산자가격, 대분류)","공공행정, 국방 및 사회보장","전력, 가스 및 증기","명/십억원","원자료","0.008308","0.006865","0.006776","0.007199"
"2.2.1.2.6. 투입산출표 취업유발계수표(생산자가격, 대분류)","공공행정, 국방 및 사회보장","수도, 폐기물처리 및 재활용서비스","명/십억원","원자료","0.049945","0.050469","0.037854","0.033392"
"2.2.1.2.6. 투입산출표 취업유발계수표(생산자가격, 대분류)","공공행정, 국방 및 사회보장","건설","명/십억원","원자료","0.070688","0.075182","0.045958","0.028995"
"2.2.1.2.6. 투입산출표 취업유발계수표(생산자가격, 대분류)","공공행정, 국방 및 사회보장","도소매 및 상품중개서비스","명/십억원","원자료","0.261803","0.236674","0.214239","0.190357"
"2.2.1.2.6. 투입산출표 취업유발계수표(생산자가격, 대분류)","공공행정, 국방 및 사회보장","운송서비스","명/십억원","원자료","0.194679","0.173363","0.152319","0.162829"
"2.2.1.2.6. 투입산출표 취업유발계수표(생산자가격, 대분류)","공공행정, 국방 및 사회보장","음식점 및 숙박서비스","명/십억원","원자료","0.244844","0.207566","0.217819","0.281978"
"2.2.1.2.6. 투입산출표 취업유발계수표(생산자가격, 대분류)","공공행정, 국방 및 사회보장","정보통신 및 방송 서비스","명/십억원","원자료","0.143753","0.13699","0.121943","0.117639"
"2.2.1.2.6. 투입산출표 취업유발계수표(생산자가격, 대분류)","공공행정, 국방 및 사회보장","금융 및 보험 서비스","명/십억원","원자료","0.086952","0.087757","0.090276","0.092059"
"2.2.1.2.6. 투입산출표 취업유발계수표(생산자가격, 대분류)","공공행정, 국방 및 사회보장","부동산서비스","명/십억원","원자료","0.019959","0.01862","0.017138","0.017667"
"2.2.1.2.6. 투입산출표 취업유발계수표(생산자가격, 대분류)","공공행정, 국방 및 사회보장","전문, 과학 및 기술 서비스","명/십억원","원자료","0.178913","0.191419","0.163052","0.151632"
"2.2.1.2.6. 투입산출표 취업유발계수표(생산자가격, 대분류)","공공행정, 국방 및 사회보장","사업지원서비스","명/십억원","원자료","0.417581","0.418565","0.359509","0.315554"
"2.2.1.2.6. 투입산출표 취업유발계수표(생산자가격, 대분류)","공공행정, 국방 및 사회보장","공공행정, 국방 및 사회보장","명/십억원","원자료","9.128565","8.334023","7.8316","7.790186"
"2.2.1.2.6. 투입산출표 취업유발계수표(생산자가격, 대분류)","공공행정, 국방 및 사회보장","교육서비스","명/십억원","원자료","0.002778","0.004447","0.003549","0.003089"
"2.2.1.2.6. 투입산출표 취업유발계수표(생산자가격, 대분류)","공공행정, 국방 및 사회보장","보건 및 사회복지 서비스","명/십억원","원자료","0.010607","0.011796","0.010844","0.009672"
"2.2.1.2.6. 투입산출표 취업유발계수표(생산자가격, 대분류)","공공행정, 국방 및 사회보장","예술, 스포츠 및 여가 관련 서비스","명/십억원","원자료","0.020118","0.017356","0.013719","0.012087"
"2.2.1.2.6. 투입산출표 취업유발계수표(생산자가격, 대분류)","공공행정, 국방 및 사회보장","기타 서비스","명/십억원","원자료","0.062913","0.05765","0.05151","0.045317"
"2.2.1.2.6. 투입산출표 취업유발계수표(생산자가격, 대분류)","공공행정, 국방 및 사회보장","기타","명/십억원","원자료","0","0","0","0"
"2.2.1.2.6. 투입산출표 취업유발계수표(생산자가격, 대분류)","공공행정, 국방 및 사회보장","열합","명/십억원","원자료","11.402059","10.501081","9.801282","9.672833"
"2.2.1.2.6. 투입산출표 취업유발계수표(생산자가격, 대분류)","교육서비스","농림수산품","명/십억원","원자료","0.281546","0.247748","0.269661","0.281026"
"2.2.1.2.6. 투입산출표 취업유발계수표(생산자가격, 대분류)","교육서비스","광산품","명/십억원","원자료","0.001048","0.000782","0.001641","0.000623"
"2.2.1.2.6. 투입산출표 취업유발계수표(생산자가격, 대분류)","교육서비스","음식료품","명/십억원","원자료","0.077419","0.070349","0.073608","0.072847"
"2.2.1.2.6. 투입산출표 취업유발계수표(생산자가격, 대분류)","교육서비스","섬유 및 가죽제품","명/십억원","원자료","0.019685","0.01829","0.014307","0.010182"
"2.2.1.2.6. 투입산출표 취업유발계수표(생산자가격, 대분류)","교육서비스","목재 및 종이, 인쇄","명/십억원","원자료","0.047755","0.039279","0.039022","0.039681"
"2.2.1.2.6. 투입산출표 취업유발계수표(생산자가격, 대분류)","교육서비스","석탄 및 석유제품","명/십억원","원자료","0.00141","0.001381","0.001549","0.001475"
"2.2.1.2.6. 투입산출표 취업유발계수표(생산자가격, 대분류)","교육서비스","화학제품","명/십억원","원자료","0.038328","0.034249","0.030114","0.033189"
"2.2.1.2.6. 투입산출표 취업유발계수표(생산자가격, 대분류)","교육서비스","비금속광물제품","명/십억원","원자료","0.006998","0.006479","0.005577","0.005081"
"2.2.1.2.6. 투입산출표 취업유발계수표(생산자가격, 대분류)","교육서비스","1차 금속제품","명/십억원","원자료","0.005365","0.004729","0.004362","0.004349"
"2.2.1.2.6. 투입산출표 취업유발계수표(생산자가격, 대분류)","교육서비스","금속가공제품","명/십억원","원자료","0.030812","0.027474","0.024722","0.023791"
"2.2.1.2.6. 투입산출표 취업유발계수표(생산자가격, 대분류)","교육서비스","컴퓨터, 전자 및 광학기기","명/십억원","원자료","0.024113","0.018556","0.018333","0.022086"
"2.2.1.2.6. 투입산출표 취업유발계수표(생산자가격, 대분류)","교육서비스","전기장비","명/십억원","원자료","0.021908","0.019213","0.018721","0.01883"
"2.2.1.2.6. 투입산출표 취업유발계수표(생산자가격, 대분류)","교육서비스","기계 및 장비","명/십억원","원자료","0.012354","0.012137","0.01327","0.011153"
"2.2.1.2.6. 투입산출표 취업유발계수표(생산자가격, 대분류)","교육서비스","운송장비","명/십억원","원자료","0.008935","0.007669","0.006659","0.006369"
"2.2.1.2.6. 투입산출표 취업유발계수표(생산자가격, 대분류)","교육서비스","기타 제조업 제품","명/십억원","원자료","0.087986","0.089853","0.080044","0.074208"
"2.2.1.2.6. 투입산출표 취업유발계수표(생산자가격, 대분류)","교육서비스","제조임가공 및 산업용 장비 수리","명/십억원","원자료","0.054549","0.045592","0.044322","0.048901"
"2.2.1.2.6. 투입산출표 취업유발계수표(생산자가격, 대분류)","교육서비스","전력, 가스 및 증기","명/십억원","원자료","0.022276","0.01688","0.017902","0.019706"
"2.2.1.2.6. 투입산출표 취업유발계수표(생산자가격, 대분류)","교육서비스","수도, 폐기물처리 및 재활용서비스","명/십억원","원자료","0.072004","0.067158","0.052998","0.055962"
"2.2.1.2.6. 투입산출표 취업유발계수표(생산자가격, 대분류)","교육서비스","건설","명/십억원","원자료","0.029364","0.029466","0.024696","0.022844"
"2.2.1.2.6. 투입산출표 취업유발계수표(생산자가격, 대분류)","교육서비스","도소매 및 상품중개서비스","명/십억원","원자료","0.342399","0.293875","0.270539","0.270997"
"2.2.1.2.6. 투입산출표 취업유발계수표(생산자가격, 대분류)","교육서비스","운송서비스","명/십억원","원자료","0.150776","0.131136","0.118859","0.132838"
"2.2.1.2.6. 투입산출표 취업유발계수표(생산자가격, 대분류)","교육서비스","음식점 및 숙박서비스","명/십억원","원자료","0.298396","0.260689","0.25864","0.292534"
"2.2.1.2.6. 투입산출표 취업유발계수표(생산자가격, 대분류)","교육서비스","정보통신 및 방송 서비스","명/십억원","원자료","0.167454","0.145861","0.151471","0.170106"
"2.2.1.2.6. 투입산출표 취업유발계수표(생산자가격, 대분류)","교육서비스","금융 및 보험 서비스","명/십억원","원자료","0.09054","0.104958","0.101861","0.102512"
"2.2.1.2.6. 투입산출표 취업유발계수표(생산자가격, 대분류)","교육서비스","부동산서비스","명/십억원","원자료","0.067271","0.063638","0.063806","0.073625"
"2.2.1.2.6. 투입산출표 취업유발계수표(생산자가격, 대분류)","교육서비스","전문, 과학 및 기술 서비스","명/십억원","원자료","0.236619","0.222182","0.210586","0.250945"
"2.2.1.2.6. 투입산출표 취업유발계수표(생산자가격, 대분류)","교육서비스","사업지원서비스","명/십억원","원자료","0.363346","0.330223","0.313086","0.339047"
"2.2.1.2.6. 투입산출표 취업유발계수표(생산자가격, 대분류)","교육서비스","공공행정, 국방 및 사회보장","명/십억원","원자료","0.005098","0.00474","0.006216","0.006189"
"2.2.1.2.6. 투입산출표 취업유발계수표(생산자가격, 대분류)","교육서비스","교육서비스","명/십억원","원자료","11.147053","10.819781","10.39207","9.998929"
"2.2.1.2.6. 투입산출표 취업유발계수표(생산자가격, 대분류)","교육서비스","보건 및 사회복지 서비스","명/십억원","원자료","0.027605","0.029902","0.027596","0.027476"
"2.2.1.2.6. 투입산출표 취업유발계수표(생산자가격, 대분류)","교육서비스","예술, 스포츠 및 여가 관련 서비스","명/십억원","원자료","0.084824","0.07025","0.061728","0.063183"
"2.2.1.2.6. 투입산출표 취업유발계수표(생산자가격, 대분류)","교육서비스","기타 서비스","명/십억원","원자료","0.171253","0.153174","0.143009","0.143246"
"2.2.1.2.6. 투입산출표 취업유발계수표(생산자가격, 대분류)","교육서비스","기타","명/십억원","원자료","0","0","0","0"
"2.2.1.2.6. 투입산출표 취업유발계수표(생산자가격, 대분류)","교육서비스","열합","명/십억원","원자료","13.996487","13.387694","12.860976","12.623932"
"2.2.1.2.6. 투입산출표 취업유발계수표(생산자가격, 대분류)","보건 및 사회복지 서비스","농림수산품","명/십억원","원자료","0.273425","0.232635","0.207554","0.226858"
"2.2.1.2.6. 투입산출표 취업유발계수표(생산자가격, 대분류)","보건 및 사회복지 서비스","광산품","명/십억원","원자료","0.001262","0.001045","0.001565","0.000864"
"2.2.1.2.6. 투입산출표 취업유발계수표(생산자가격, 대분류)","보건 및 사회복지 서비스","음식료품","명/십억원","원자료","0.064039","0.061337","0.052776","0.053481"
"2.2.1.2.6. 투입산출표 취업유발계수표(생산자가격, 대분류)","보건 및 사회복지 서비스","섬유 및 가죽제품","명/십억원","원자료","0.036594","0.038599","0.025164","0.016017"
"2.2.1.2.6. 투입산출표 취업유발계수표(생산자가격, 대분류)","보건 및 사회복지 서비스","목재 및 종이, 인쇄","명/십억원","원자료","0.053729","0.046031","0.038189","0.037553"
"2.2.1.2.6. 투입산출표 취업유발계수표(생산자가격, 대분류)","보건 및 사회복지 서비스","석탄 및 석유제품","명/십억원","원자료","0.00165","0.001596","0.001503","0.001449"
"2.2.1.2.6. 투입산출표 취업유발계수표(생산자가격, 대분류)","보건 및 사회복지 서비스","화학제품","명/십억원","원자료","0.200067","0.173689","0.166996","0.183064"
"2.2.1.2.6. 투입산출표 취업유발계수표(생산자가격, 대분류)","보건 및 사회복지 서비스","비금속광물제품","명/십억원","원자료","0.005867","0.005373","0.004198","0.003853"
"2.2.1.2.6. 투입산출표 취업유발계수표(생산자가격, 대분류)","보건 및 사회복지 서비스","1차 금속제품","명/십억원","원자료","0.006531","0.006265","0.004753","0.00428"
"2.2.1.2.6. 투입산출표 취업유발계수표(생산자가격, 대분류)","보건 및 사회복지 서비스","금속가공제품","명/십억원","원자료","0.027818","0.025026","0.019798","0.018636"
"2.2.1.2.6. 투입산출표 취업유발계수표(생산자가격, 대분류)","보건 및 사회복지 서비스","컴퓨터, 전자 및 광학기기","명/십억원","원자료","0.024414","0.017137","0.01555","0.019084"
"2.2.1.2.6. 투입산출표 취업유발계수표(생산자가격, 대분류)","보건 및 사회복지 서비스","전기장비","명/십억원","원자료","0.017333","0.01507","0.012314","0.012968"
"2.2.1.2.6. 투입산출표 취업유발계수표(생산자가격, 대분류)","보건 및 사회복지 서비스","기계 및 장비","명/십억원","원자료","0.010888","0.010509","0.00947","0.007944"
"2.2.1.2.6. 투입산출표 취업유발계수표(생산자가격, 대분류)","보건 및 사회복지 서비스","운송장비","명/십억원","원자료","0.009648","0.007898","0.00618","0.005964"
"2.2.1.2.6. 투입산출표 취업유발계수표(생산자가격, 대분류)","보건 및 사회복지 서비스","기타 제조업 제품","명/십억원","원자료","0.027666","0.027999","0.023228","0.02261"
"2.2.1.2.6. 투입산출표 취업유발계수표(생산자가격, 대분류)","보건 및 사회복지 서비스","제조임가공 및 산업용 장비 수리","명/십억원","원자료","0.100921","0.082146","0.06845","0.075801"
"2.2.1.2.6. 투입산출표 취업유발계수표(생산자가격, 대분류)","보건 및 사회복지 서비스","전력, 가스 및 증기","명/십억원","원자료","0.016175","0.011929","0.012508","0.013485"
"2.2.1.2.6. 투입산출표 취업유발계수표(생산자가격, 대분류)","보건 및 사회복지 서비스","수도, 폐기물처리 및 재활용서비스","명/십억원","원자료","0.092276","0.085664","0.060186","0.062235"
"2.2.1.2.6. 투입산출표 취업유발계수표(생산자가격, 대분류)","보건 및 사회복지 서비스","건설","명/십억원","원자료","0.023372","0.023062","0.017992","0.017095"
"2.2.1.2.6. 투입산출표 취업유발계수표(생산자가격, 대분류)","보건 및 사회복지 서비스","도소매 및 상품중개서비스","명/십억원","원자료","0.814117","0.708048","0.624021","0.629449"
"2.2.1.2.6. 투입산출표 취업유발계수표(생산자가격, 대분류)","보건 및 사회복지 서비스","운송서비스","명/십억원","원자료","0.246368","0.208187","0.178115","0.198859"
"2.2.1.2.6. 투입산출표 취업유발계수표(생산자가격, 대분류)","보건 및 사회복지 서비스","음식점 및 숙박서비스","명/십억원","원자료","0.343476","0.289027","0.253923","0.289806"
"2.2.1.2.6. 투입산출표 취업유발계수표(생산자가격, 대분류)","보건 및 사회복지 서비스","정보통신 및 방송 서비스","명/십억원","원자료","0.085972","0.070432","0.064826","0.070457"
"2.2.1.2.6. 투입산출표 취업유발계수표(생산자가격, 대분류)","보건 및 사회복지 서비스","금융 및 보험 서비스","명/십억원","원자료","0.119959","0.117099","0.105503","0.107239"
"2.2.1.2.6. 투입산출표 취업유발계수표(생산자가격, 대분류)","보건 및 사회복지 서비스","부동산서비스","명/십억원","원자료","0.067028","0.060714","0.054096","0.062186"
"2.2.1.2.6. 투입산출표 취업유발계수표(생산자가격, 대분류)","보건 및 사회복지 서비스","전문, 과학 및 기술 서비스","명/십억원","원자료","0.17479","0.159301","0.137998","0.159221"
"2.2.1.2.6. 투입산출표 취업유발계수표(생산자가격, 대분류)","보건 및 사회복지 서비스","사업지원서비스","명/십억원","원자료","0.314627","0.273584","0.234966","0.237791"
"2.2.1.2.6. 투입산출표 취업유발계수표(생산자가격, 대분류)","보건 및 사회복지 서비스","공공행정, 국방 및 사회보장","명/십억원","원자료","0.018293","0.017476","0.018858","0.017768"
"2.2.1.2.6. 투입산출표 취업유발계수표(생산자가격, 대분류)","보건 및 사회복지 서비스","교육서비스","명/십억원","원자료","0.005563","0.008373","0.006149","0.006038"
"2.2.1.2.6. 투입산출표 취업유발계수표(생산자가격, 대분류)","보건 및 사회복지 서비스","보건 및 사회복지 서비스","명/십억원","원자료","10.23239","10.065818","10.031013","10.127188"
"2.2.1.2.6. 투입산출표 취업유발계수표(생산자가격, 대분류)","보건 및 사회복지 서비스","예술, 스포츠 및 여가 관련 서비스","명/십억원","원자료","0.027551","0.02393","0.019192","0.019719"
"2.2.1.2.6. 투입산출표 취업유발계수표(생산자가격, 대분류)","보건 및 사회복지 서비스","기타 서비스","명/십억원","원자료","0.081491","0.067742","0.05861","0.059435"
"2.2.1.2.6. 투입산출표 취업유발계수표(생산자가격, 대분류)","보건 및 사회복지 서비스","기타","명/십억원","원자료","0","0","0","0"
"2.2.1.2.6. 투입산출표 취업유발계수표(생산자가격, 대분류)","보건 및 사회복지 서비스","열합","명/십억원","원자료","13.525302","12.94274","12.535644","12.768398"
"2.2.1.2.6. 투입산출표 취업유발계수표(생산자가격, 대분류)","예술, 스포츠 및 여가 관련 서비스","농림수산품","명/십억원","원자료","0.392495","0.339265","0.431951","0.33294"
"2.2.1.2.6. 투입산출표 취업유발계수표(생산자가격, 대분류)","예술, 스포츠 및 여가 관련 서비스","광산품","명/십억원","원자료","0.001762","0.001322","0.001979","0.000991"
"2.2.1.2.6. 투입산출표 취업유발계수표(생산자가격, 대분류)","예술, 스포츠 및 여가 관련 서비스","음식료품","명/십억원","원자료","0.153089","0.143272","0.176917","0.126894"
"2.2.1.2.6. 투입산출표 취업유발계수표(생산자가격, 대분류)","예술, 스포츠 및 여가 관련 서비스","섬유 및 가죽제품","명/십억원","원자료","0.067132","0.051745","0.042555","0.030169"
"2.2.1.2.6. 투입산출표 취업유발계수표(생산자가격, 대분류)","예술, 스포츠 및 여가 관련 서비스","목재 및 종이, 인쇄","명/십억원","원자료","0.051801","0.044233","0.044726","0.038826"
"2.2.1.2.6. 투입산출표 취업유발계수표(생산자가격, 대분류)","예술, 스포츠 및 여가 관련 서비스","석탄 및 석유제품","명/십억원","원자료","0.001205","0.001109","0.0012","0.001"
"2.2.1.2.6. 투입산출표 취업유발계수표(생산자가격, 대분류)","예술, 스포츠 및 여가 관련 서비스","화학제품","명/십억원","원자료","0.060773","0.052613","0.047927","0.044446"
"2.2.1.2.6. 투입산출표 취업유발계수표(생산자가격, 대분류)","예술, 스포츠 및 여가 관련 서비스","비금속광물제품","명/십억원","원자료","0.013633","0.012332","0.010837","0.008995"
"2.2.1.2.6. 투입산출표 취업유발계수표(생산자가격, 대분류)","예술, 스포츠 및 여가 관련 서비스","1차 금속제품","명/십억원","원자료","0.007435","0.006495","0.00599","0.005336"
"2.2.1.2.6. 투입산출표 취업유발계수표(생산자가격, 대분류)","예술, 스포츠 및 여가 관련 서비스","금속가공제품","명/십억원","원자료","0.043554","0.037577","0.033786","0.03008"
"2.2.1.2.6. 투입산출표 취업유발계수표(생산자가격, 대분류)","예술, 스포츠 및 여가 관련 서비스","컴퓨터, 전자 및 광학기기","명/십억원","원자료","0.026562","0.022265","0.022238","0.022544"
"2.2.1.2.6. 투입산출표 취업유발계수표(생산자가격, 대분류)","예술, 스포츠 및 여가 관련 서비스","전기장비","명/십억원","원자료","0.032874","0.028028","0.026944","0.025071"
"2.2.1.2.6. 투입산출표 취업유발계수표(생산자가격, 대분류)","예술, 스포츠 및 여가 관련 서비스","기계 및 장비","명/십억원","원자료","0.014201","0.012964","0.013972","0.011828"
"2.2.1.2.6. 투입산출표 취업유발계수표(생산자가격, 대분류)","예술, 스포츠 및 여가 관련 서비스","운송장비","명/십억원","원자료","0.013402","0.010439","0.009471","0.008295"
"2.2.1.2.6. 투입산출표 취업유발계수표(생산자가격, 대분류)","예술, 스포츠 및 여가 관련 서비스","기타 제조업 제품","명/십억원","원자료","0.102147","0.104277","0.101804","0.083217"
"2.2.1.2.6. 투입산출표 취업유발계수표(생산자가격, 대분류)","예술, 스포츠 및 여가 관련 서비스","제조임가공 및 산업용 장비 수리","명/십억원","원자료","0.079568","0.065428","0.069023","0.06392"
"2.2.1.2.6. 투입산출표 취업유발계수표(생산자가격, 대분류)","예술, 스포츠 및 여가 관련 서비스","전력, 가스 및 증기","명/십억원","원자료","0.02157","0.016352","0.015412","0.015905"
"2.2.1.2.6. 투입산출표 취업유발계수표(생산자가격, 대분류)","예술, 스포츠 및 여가 관련 서비스","수도, 폐기물처리 및 재활용서비스","명/십억원","원자료","0.070698","0.060885","0.04818","0.048063"
"2.2.1.2.6. 투입산출표 취업유발계수표(생산자가격, 대분류)","예술, 스포츠 및 여가 관련 서비스","건설","명/십억원","원자료","0.051864","0.049258","0.035169","0.026478"
"2.2.1.2.6. 투입산출표 취업유발계수표(생산자가격, 대분류)","예술, 스포츠 및 여가 관련 서비스","도소매 및 상품중개서비스","명/십억원","원자료","0.604751","0.51482","0.486105","0.432257"
"2.2.1.2.6. 투입산출표 취업유발계수표(생산자가격, 대분류)","예술, 스포츠 및 여가 관련 서비스","운송서비스","명/십억원","원자료","0.246524","0.205228","0.186644","0.185915"
"2.2.1.2.6. 투입산출표 취업유발계수표(생산자가격, 대분류)","예술, 스포츠 및 여가 관련 서비스","음식점 및 숙박서비스","명/십억원","원자료","0.471476","0.351734","0.346538","0.394314"
"2.2.1.2.6. 투입산출표 취업유발계수표(생산자가격, 대분류)","예술, 스포츠 및 여가 관련 서비스","정보통신 및 방송 서비스","명/십억원","원자료","0.30886","0.292219","0.288936","0.33937"
"2.2.1.2.6. 투입산출표 취업유발계수표(생산자가격, 대분류)","예술, 스포츠 및 여가 관련 서비스","금융 및 보험 서비스","명/십억원","원자료","0.133255","0.140448","0.11461","0.101446"
"2.2.1.2.6. 투입산출표 취업유발계수표(생산자가격, 대분류)","예술, 스포츠 및 여가 관련 서비스","부동산서비스","명/십억원","원자료","0.057168","0.047795","0.043609","0.045411"
"2.2.1.2.6. 투입산출표 취업유발계수표(생산자가격, 대분류)","예술, 스포츠 및 여가 관련 서비스","전문, 과학 및 기술 서비스","명/십억원","원자료","0.291334","0.263724","0.246512","0.240241"
"2.2.1.2.6. 투입산출표 취업유발계수표(생산자가격, 대분류)","예술, 스포츠 및 여가 관련 서비스","사업지원서비스","명/십억원","원자료","0.805468","0.67227","0.602415","0.602996"
"2.2.1.2.6. 투입산출표 취업유발계수표(생산자가격, 대분류)","예술, 스포츠 및 여가 관련 서비스","공공행정, 국방 및 사회보장","명/십억원","원자료","0.015212","0.015072","0.020909","0.01702"
"2.2.1.2.6. 투입산출표 취업유발계수표(생산자가격, 대분류)","예술, 스포츠 및 여가 관련 서비스","교육서비스","명/십억원","원자료","0.008162","0.012154","0.009982","0.008391"
"2.2.1.2.6. 투입산출표 취업유발계수표(생산자가격, 대분류)","예술, 스포츠 및 여가 관련 서비스","보건 및 사회복지 서비스","명/십억원","원자료","0.052149","0.053854","0.050019","0.043523"
"2.2.1.2.6. 투입산출표 취업유발계수표(생산자가격, 대분류)","예술, 스포츠 및 여가 관련 서비스","예술, 스포츠 및 여가 관련 서비스","명/십억원","원자료","10.452752","9.17994","7.768358","7.522429"
"2.2.1.2.6. 투입산출표 취업유발계수표(생산자가격, 대분류)","예술, 스포츠 및 여가 관련 서비스","기타 서비스","명/십억원","원자료","0.213683","0.170212","0.16414","0.149226"
"2.2.1.2.6. 투입산출표 취업유발계수표(생산자가격, 대분류)","예술, 스포츠 및 여가 관련 서비스","기타","명/십억원","원자료","0","0","0","0"
"2.2.1.2.6. 투입산출표 취업유발계수표(생산자가격, 대분류)","예술, 스포츠 및 여가 관련 서비스","열합","명/십억원","원자료","14.86656","12.979329","11.468856","11.007534"
"2.2.1.2.6. 투입산출표 취업유발계수표(생산자가격, 대분류)","기타 서비스","농림수산품","명/십억원","원자료","0.269009","0.246645","0.268275","0.264178"
"2.2.1.2.6. 투입산출표 취업유발계수표(생산자가격, 대분류)","기타 서비스","광산품","명/십억원","원자료","0.00175","0.00137","0.002052","0.001053"
"2.2.1.2.6. 투입산출표 취업유발계수표(생산자가격, 대분류)","기타 서비스","음식료품","명/십억원","원자료","0.084418","0.079955","0.079051","0.077928"
"2.2.1.2.6. 투입산출표 취업유발계수표(생산자가격, 대분류)","기타 서비스","섬유 및 가죽제품","명/십억원","원자료","0.072639","0.060726","0.049207","0.035711"
"2.2.1.2.6. 투입산출표 취업유발계수표(생산자가격, 대분류)","기타 서비스","목재 및 종이, 인쇄","명/십억원","원자료","0.076579","0.069355","0.065551","0.060633"
"2.2.1.2.6. 투입산출표 취업유발계수표(생산자가격, 대분류)","기타 서비스","석탄 및 석유제품","명/십억원","원자료","0.001906","0.001943","0.001815","0.001733"
"2.2.1.2.6. 투입산출표 취업유발계수표(생산자가격, 대분류)","기타 서비스","화학제품","명/십억원","원자료","0.134214","0.124803","0.110247","0.105549"
"2.2.1.2.6. 투입산출표 취업유발계수표(생산자가격, 대분류)","기타 서비스","비금속광물제품","명/십억원","원자료","0.011553","0.010618","0.009229","0.007865"
"2.2.1.2.6. 투입산출표 취업유발계수표(생산자가격, 대분류)","기타 서비스","1차 금속제품","명/십억원","원자료","0.022562","0.02072","0.018942","0.01698"
"2.2.1.2.6. 투입산출표 취업유발계수표(생산자가격, 대분류)","기타 서비스","금속가공제품","명/십억원","원자료","0.110462","0.097011","0.084654","0.074458"
"2.2.1.2.6. 투입산출표 취업유발계수표(생산자가격, 대분류)","기타 서비스","컴퓨터, 전자 및 광학기기","명/십억원","원자료","0.069379","0.05288","0.050231","0.054943"
"2.2.1.2.6. 투입산출표 취업유발계수표(생산자가격, 대분류)","기타 서비스","전기장비","명/십억원","원자료","0.093246","0.084449","0.082451","0.079967"
"2.2.1.2.6. 투입산출표 취업유발계수표(생산자가격, 대분류)","기타 서비스","기계 및 장비","명/십억원","원자료","0.023127","0.01969","0.021195","0.017264"
"2.2.1.2.6. 투입산출표 취업유발계수표(생산자가격, 대분류)","기타 서비스","운송장비","명/십억원","원자료","0.231978","0.19714","0.163804","0.145818"
"2.2.1.2.6. 투입산출표 취업유발계수표(생산자가격, 대분류)","기타 서비스","기타 제조업 제품","명/십억원","원자료","0.064649","0.067232","0.062656","0.056283"
"2.2.1.2.6. 투입산출표 취업유발계수표(생산자가격, 대분류)","기타 서비스","제조임가공 및 산업용 장비 수리","명/십억원","원자료","0.112897","0.096298","0.095004","0.094633"
"2.2.1.2.6. 투입산출표 취업유발계수표(생산자가격, 대분류)","기타 서비스","전력, 가스 및 증기","명/십억원","원자료","0.019107","0.016056","0.015807","0.017189"
"2.2.1.2.6. 투입산출표 취업유발계수표(생산자가격, 대분류)","기타 서비스","수도, 폐기물처리 및 재활용서비스","명/십억원","원자료","0.077334","0.076099","0.063682","0.061633"
"2.2.1.2.6. 투입산출표 취업유발계수표(생산자가격, 대분류)","기타 서비스","건설","명/십억원","원자료","0.046615","0.047353","0.036996","0.03076"
"2.2.1.2.6. 투입산출표 취업유발계수표(생산자가격, 대분류)","기타 서비스","도소매 및 상품중개서비스","명/십억원","원자료","0.841554","0.753974","0.644224","0.609221"
"2.2.1.2.6. 투입산출표 취업유발계수표(생산자가격, 대분류)","기타 서비스","운송서비스","명/십억원","원자료","0.33822","0.310578","0.275908","0.291347"
"2.2.1.2.6. 투입산출표 취업유발계수표(생산자가격, 대분류)","기타 서비스","음식점 및 숙박서비스","명/십억원","원자료","0.654665","0.571266","0.562905","0.619358"
"2.2.1.2.6. 투입산출표 취업유발계수표(생산자가격, 대분류)","기타 서비스","정보통신 및 방송 서비스","명/십억원","원자료","0.159692","0.135917","0.13688","0.143142"
"2.2.1.2.6. 투입산출표 취업유발계수표(생산자가격, 대분류)","기타 서비스","금융 및 보험 서비스","명/십억원","원자료","0.222332","0.169526","0.146646","0.129966"
"2.2.1.2.6. 투입산출표 취업유발계수표(생산자가격, 대분류)","기타 서비스","부동산서비스","명/십억원","원자료","0.078916","0.071986","0.072766","0.0788"
"2.2.1.2.6. 투입산출표 취업유발계수표(생산자가격, 대분류)","기타 서비스","전문, 과학 및 기술 서비스","명/십억원","원자료","0.334558","0.314754","0.288853","0.327696"
"2.2.1.2.6. 투입산출표 취업유발계수표(생산자가격, 대분류)","기타 서비스","사업지원서비스","명/십억원","원자료","0.323599","0.294145","0.270239","0.268223"
"2.2.1.2.6. 투입산출표 취업유발계수표(생산자가격, 대분류)","기타 서비스","공공행정, 국방 및 사회보장","명/십억원","원자료","0.010219","0.009157","0.012905","0.011534"
"2.2.1.2.6. 투입산출표 취업유발계수표(생산자가격, 대분류)","기타 서비스","교육서비스","명/십억원","원자료","0.01573","0.024444","0.019321","0.018142"
"2.2.1.2.6. 투입산출표 취업유발계수표(생산자가격, 대분류)","기타 서비스","보건 및 사회복지 서비스","명/십억원","원자료","0.034051","0.037449","0.035752","0.034169"
"2.2.1.2.6. 투입산출표 취업유발계수표(생산자가격, 대분류)","기타 서비스","예술, 스포츠 및 여가 관련 서비스","명/십억원","원자료","0.060505","0.053189","0.047437","0.045946"
"2.2.1.2.6. 투입산출표 취업유발계수표(생산자가격, 대분류)","기타 서비스","기타 서비스","명/십억원","원자료","16.669923","15.676006","14.370894","13.493363"
"2.2.1.2.6. 투입산출표 취업유발계수표(생산자가격, 대분류)","기타 서비스","기타","명/십억원","원자료","0","0","0","0"
"2.2.1.2.6. 투입산출표 취업유발계수표(생산자가격, 대분류)","기타 서비스","열합","명/십억원","원자료","21.267385","19.792732","18.165577","17.275484"
"2.2.1.2.6. 투입산출표 취업유발계수표(생산자가격, 대분류)","기타","농림수산품","명/십억원","원자료","0.184007","0.298515","0.240941","0.202531"
"2.2.1.2.6. 투입산출표 취업유발계수표(생산자가격, 대분류)","기타","광산품","명/십억원","원자료","0.001748","0.002075","0.001989","0.001066"
"2.2.1.2.6. 투입산출표 취업유발계수표(생산자가격, 대분류)","기타","음식료품","명/십억원","원자료","0.057146","0.106637","0.074038","0.059877"
"2.2.1.2.6. 투입산출표 취업유발계수표(생산자가격, 대분류)","기타","섬유 및 가죽제품","명/십억원","원자료","0.058313","0.079507","0.042835","0.022257"
"2.2.1.2.6. 투입산출표 취업유발계수표(생산자가격, 대분류)","기타","목재 및 종이, 인쇄","명/십억원","원자료","0.051936","0.059997","0.044113","0.035849"
"2.2.1.2.6. 투입산출표 취업유발계수표(생산자가격, 대분류)","기타","석탄 및 석유제품","명/십억원","원자료","0.004953","0.002913","0.002698","0.002055"
"2.2.1.2.6. 투입산출표 취업유발계수표(생산자가격, 대분류)","기타","화학제품","명/십억원","원자료","0.055087","0.0693","0.048679","0.042124"
"2.2.1.2.6. 투입산출표 취업유발계수표(생산자가격, 대분류)","기타","비금속광물제품","명/십억원","원자료","0.011975","0.020097","0.01389","0.009216"
"2.2.1.2.6. 투입산출표 취업유발계수표(생산자가격, 대분류)","기타","1차 금속제품","명/십억원","원자료","0.011938","0.015786","0.011237","0.008455"
"2.2.1.2.6. 투입산출표 취업유발계수표(생산자가격, 대분류)","기타","금속가공제품","명/십억원","원자료","0.068422","0.086925","0.062544","0.047365"
"2.2.1.2.6. 투입산출표 취업유발계수표(생산자가격, 대분류)","기타","컴퓨터, 전자 및 광학기기","명/십억원","원자료","0.035422","0.045309","0.028782","0.027727"
"2.2.1.2.6. 투입산출표 취업유발계수표(생산자가격, 대분류)","기타","전기장비","명/십억원","원자료","0.035164","0.033683","0.027232","0.022607"
"2.2.1.2.6. 투입산출표 취업유발계수표(생산자가격, 대분류)","기타","기계 및 장비","명/십억원","원자료","0.021541","0.026666","0.021672","0.01483"
"2.2.1.2.6. 투입산출표 취업유발계수표(생산자가격, 대분류)","기타","운송장비","명/십억원","원자료","0.054457","0.028162","0.032871","0.028408"
"2.2.1.2.6. 투입산출표 취업유발계수표(생산자가격, 대분류)","기타","기타 제조업 제품","명/십억원","원자료","0.03058","0.05748","0.040352","0.02961"
"2.2.1.2.6. 투입산출표 취업유발계수표(생산자가격, 대분류)","기타","제조임가공 및 산업용 장비 수리","명/십억원","원자료","0.066273","0.078711","0.059656","0.051475"
"2.2.1.2.6. 투입산출표 취업유발계수표(생산자가격, 대분류)","기타","전력, 가스 및 증기","명/십억원","원자료","0.015533","0.01047","0.008888","0.009297"
"2.2.1.2.6. 투입산출표 취업유발계수표(생산자가격, 대분류)","기타","수도, 폐기물처리 및 재활용서비스","명/십억원","원자료","0.055994","0.075629","0.049569","0.041922"
"2.2.1.2.6. 투입산출표 취업유발계수표(생산자가격, 대분류)","기타","건설","명/십억원","원자료","0.069186","0.114222","0.060548","0.03675"
"2.2.1.2.6. 투입산출표 취업유발계수표(생산자가격, 대분류)","기타","도소매 및 상품중개서비스","명/십억원","원자료","0.416578","0.516535","0.355523","0.287978"
"2.2.1.2.6. 투입산출표 취업유발계수표(생산자가격, 대분류)","기타","운송서비스","명/십억원","원자료","3.865415","0.345438","0.345218","0.491195"
"2.2.1.2.6. 투입산출표 취업유발계수표(생산자가격, 대분류)","기타","음식점 및 숙박서비스","명/십억원","원자료","0.236037","0.223099","0.224453","0.282515"
"2.2.1.2.6. 투입산출표 취업유발계수표(생산자가격, 대분류)","기타","정보통신 및 방송 서비스","명/십억원","원자료","0.156223","0.194753","0.154759","0.146102"
"2.2.1.2.6. 투입산출표 취업유발계수표(생산자가격, 대분류)","기타","금융 및 보험 서비스","명/십억원","원자료","0.101465","0.091969","0.09061","0.090934"
"2.2.1.2.6. 투입산출표 취업유발계수표(생산자가격, 대분류)","기타","부동산서비스","명/십억원","원자료","0.03054","0.02673","0.021971","0.021892"
"2.2.1.2.6. 투입산출표 취업유발계수표(생산자가격, 대분류)","기타","전문, 과학 및 기술 서비스","명/십억원","원자료","0.253292","0.242109","0.191908","0.181095"
"2.2.1.2.6. 투입산출표 취업유발계수표(생산자가격, 대분류)","기타","사업지원서비스","명/십억원","원자료","0.49705","0.424075","0.366263","0.327629"
"2.2.1.2.6. 투입산출표 취업유발계수표(생산자가격, 대분류)","기타","공공행정, 국방 및 사회보장","명/십억원","원자료","5.161445","6.547182","6.754481","6.865111"
"2.2.1.2.6. 투입산출표 취업유발계수표(생산자가격, 대분류)","기타","교육서비스","명/십억원","원자료","0.006159","0.011343","0.006685","0.005349"
"2.2.1.2.6. 투입산출표 취업유발계수표(생산자가격, 대분류)","기타","보건 및 사회복지 서비스","명/십억원","원자료","0.016729","0.019477","0.014964","0.012737"
"2.2.1.2.6. 투입산출표 취업유발계수표(생산자가격, 대분류)","기타","예술, 스포츠 및 여가 관련 서비스","명/십억원","원자료","0.034145","0.025966","0.018876","0.016351"
"2.2.1.2.6. 투입산출표 취업유발계수표(생산자가격, 대분류)","기타","기타 서비스","명/십억원","원자료","0.196183","0.073916","0.063027","0.058219"
"2.2.1.2.6. 투입산출표 취업유발계수표(생산자가격, 대분류)","기타","기타","명/십억원","원자료","0","0","0","0"
"2.2.1.2.6. 투입산출표 취업유발계수표(생산자가격, 대분류)","기타","열합","명/십억원","원자료","11.860939","9.954674","9.481273","9.480529"
"2.2.1.2.6. 투입산출표 취업유발계수표(생산자가격, 대분류)","행합","농림수산품","명/십억원","원자료","35.128078","31.426567","32.51106","31.767921"
"2.2.1.2.6. 투입산출표 취업유발계수표(생산자가격, 대분류)","행합","광산품","명/십억원","원자료","3.349233","2.565218","2.49515","2.127324"
"2.2.1.2.6. 투입산출표 취업유발계수표(생산자가격, 대분류)","행합","음식료품","명/십억원","원자료","4.99461","4.80728","4.472601","4.34855"
"2.2.1.2.6. 투입산출표 취업유발계수표(생산자가격, 대분류)","행합","섬유 및 가죽제품","명/십억원","원자료","5.254018","4.873555","3.954028","3.263385"
"2.2.1.2.6. 투입산출표 취업유발계수표(생산자가격, 대분류)","행합","목재 및 종이, 인쇄","명/십억원","원자료","6.337271","5.487074","5.136709","5.188"
"2.2.1.2.6. 투입산출표 취업유발계수표(생산자가격, 대분류)","행합","석탄 및 석유제품","명/십억원","원자료","0.178758","0.153561","0.127011","0.13188"
"2.2.1.2.6. 투입산출표 취업유발계수표(생산자가격, 대분류)","행합","화학제품","명/십억원","원자료","5.161553","4.491328","4.00776","4.231843"
"2.2.1.2.6. 투입산출표 취업유발계수표(생산자가격, 대분류)","행합","비금속광물제품","명/십억원","원자료","3.575009","3.395141","3.073656","2.801314"
"2.2.1.2.6. 투입산출표 취업유발계수표(생산자가격, 대분류)","행합","1차 금속제품","명/십억원","원자료","2.189473","1.82116","1.670471","1.710937"
"2.2.1.2.6. 투입산출표 취업유발계수표(생산자가격, 대분류)","행합","금속가공제품","명/십억원","원자료","6.74686","5.995702","5.520774","5.222169"
"2.2.1.2.6. 투입산출표 취업유발계수표(생산자가격, 대분류)","행합","컴퓨터, 전자 및 광학기기","명/십억원","원자료","2.690201","2.179822","2.034949","2.327634"
"2.2.1.2.6. 투입산출표 취업유발계수표(생산자가격, 대분류)","행합","전기장비","명/십억원","원자료","3.793838","3.364784","2.933361","2.934722"
"2.2.1.2.6. 투입산출표 취업유발계수표(생산자가격, 대분류)","행합","기계 및 장비","명/십억원","원자료","4.124646","3.575302","3.479823","3.326136"
"2.2.1.2.6. 투입산출표 취업유발계수표(생산자가격, 대분류)","행합","운송장비","명/십억원","원자료","3.235376","2.903151","2.491868","2.225525"
"2.2.1.2.6. 투입산출표 취업유발계수표(생산자가격, 대분류)","행합","기타 제조업 제품","명/십억원","원자료","5.958895","5.92984","5.642449","5.427309"
"2.2.1.2.6. 투입산출표 취업유발계수표(생산자가격, 대분류)","행합","제조임가공 및 산업용 장비 수리","명/십억원","원자료","12.493764","11.333689","10.564083","11.194969"
"2.2.1.2.6. 투입산출표 취업유발계수표(생산자가격, 대분류)","행합","전력, 가스 및 증기","명/십억원","원자료","1.660322","1.419567","1.275643","1.385813"
"2.2.1.2.6. 투입산출표 취업유발계수표(생산자가격, 대분류)","행합","수도, 폐기물처리 및 재활용서비스","명/십억원","원자료","8.088599","7.849392","6.347472","6.490789"
"2.2.1.2.6. 투입산출표 취업유발계수표(생산자가격, 대분류)","행합","건설","명/십억원","원자료","7.721839","7.648164","6.929348","6.543783"
"2.2.1.2.6. 투입산출표 취업유발계수표(생산자가격, 대분류)","행합","도소매 및 상품중개서비스","명/십억원","원자료","30.345911","26.777381","23.966471","23.524894"
"2.2.1.2.6. 투입산출표 취업유발계수표(생산자가격, 대분류)","행합","운송서비스","명/십억원","원자료","28.616944","22.515953","19.939776","20.572135"
"2.2.1.2.6. 투입산출표 취업유발계수표(생산자가격, 대분류)","행합","음식점 및 숙박서비스","명/십억원","원자료","19.089372","16.991271","15.656117","16.237971"
"2.2.1.2.6. 투입산출표 취업유발계수표(생산자가격, 대분류)","행합","정보통신 및 방송 서비스","명/십억원","원자료","8.827883","7.774837","7.84954","8.290394"
"2.2.1.2.6. 투입산출표 취업유발계수표(생산자가격, 대분류)","행합","금융 및 보험 서비스","명/십억원","원자료","8.467036","7.684284","6.946191","6.736497"
"2.2.1.2.6. 투입산출표 취업유발계수표(생산자가격, 대분류)","행합","부동산서비스","명/십억원","원자료","3.67551","3.428978","3.429489","3.648375"
"2.2.1.2.6. 투입산출표 취업유발계수표(생산자가격, 대분류)","행합","전문, 과학 및 기술 서비스","명/십억원","원자료","17.408517","16.154775","15.133908","16.095594"
"2.2.1.2.6. 투입산출표 취업유발계수표(생산자가격, 대분류)","행합","사업지원서비스","명/십억원","원자료","24.398669","23.161332","21.364879","20.619263"
"2.2.1.2.6. 투입산출표 취업유발계수표(생산자가격, 대분류)","행합","공공행정, 국방 및 사회보장","명/십억원","원자료","14.721499","15.297915","15.10989","15.128126"
"2.2.1.2.6. 투입산출표 취업유발계수표(생산자가격, 대분류)","행합","교육서비스","명/십억원","원자료","11.482434","11.325109","10.792432","10.378102"
"2.2.1.2.6. 투입산출표 취업유발계수표(생산자가격, 대분류)","행합","보건 및 사회복지 서비스","명/십억원","원자료","11.067708","10.965876","10.86959","10.938346"
"2.2.1.2.6. 투입산출표 취업유발계수표(생산자가격, 대분류)","행합","예술, 스포츠 및 여가 관련 서비스","명/십억원","원자료","11.659016","10.204996","8.700307","8.440223"
"2.2.1.2.6. 투입산출표 취업유발계수표(생산자가격, 대분류)","행합","기타 서비스","명/십억원","원자료","20.843493","19.124526","17.57185","16.582183"
"2.2.1.2.6. 투입산출표 취업유발계수표(생산자가격, 대분류)","행합","기타","명/십억원","원자료","0","0","0","0"
"2.2.1.2.6. 투입산출표 취업유발계수표(생산자가격, 대분류)","행합","열합","명/십억원","원자료","333.286337","302.627532","281.998655","279.842105"