통계표,수요부문(열),투입부문(행),단위,변환,2020,2021,2022,2023
"2.2.1.2.4. 투입산출표 수입유발계수표(생산자가격, 대분류)","농림수산품","농림수산품","","원자료","0.015728","0.015482","0.020224","0.020869"
"2.2.1.2.4. 투입산출표 수입유발계수표(생산자가격, 대분류)","농림수산품","광산품","","원자료","0.029799","0.037745","0.060539","0.049656"
"2.2.1.2.4. 투입산출표 수입유발계수표(생산자가격, 대분류)","농림수산품","음식료품","","원자료","0.019071","0.019545","0.023874","0.022664"
"2.2.1.2.4. 투입산출표 수입유발계수표(생산자가격, 대분류)","농림수산품","섬유 및 가죽제품","","원자료","0.005624","0.006735","0.006181","0.005257"
"2.2.1.2.4. 투입산출표 수입유발계수표(생산자가격, 대분류)","농림수산품","목재 및 종이, 인쇄","","원자료","0.003109","0.003491","0.003327","0.003091"
"2.2.1.2.4. 투입산출표 수입유발계수표(생산자가격, 대분류)","농림수산품","석탄 및 석유제품","","원자료","0.007865","0.011236","0.01307","0.011382"
"2.2.1.2.4. 투입산출표 수입유발계수표(생산자가격, 대분류)","농림수산품","화학제품","","원자료","0.025625","0.030241","0.04009","0.029964"
"2.2.1.2.4. 투입산출표 수입유발계수표(생산자가격, 대분류)","농림수산품","비금속광물제품","","원자료","0.00055","0.000566","0.000606","0.000506"
"2.2.1.2.4. 투입산출표 수입유발계수표(생산자가격, 대분류)","농림수산품","1차 금속제품","","원자료","0.002443","0.003353","0.003406","0.002613"
"2.2.1.2.4. 투입산출표 수입유발계수표(생산자가격, 대분류)","농림수산품","금속가공제품","","원자료","0.000815","0.000836","0.00088","0.000887"
"2.2.1.2.4. 투입산출표 수입유발계수표(생산자가격, 대분류)","농림수산품","컴퓨터, 전자 및 광학기기","","원자료","0.003435","0.003623","0.003891","0.003625"
"2.2.1.2.4. 투입산출표 수입유발계수표(생산자가격, 대분류)","농림수산품","전기장비","","원자료","0.001132","0.001373","0.001752","0.001682"
"2.2.1.2.4. 투입산출표 수입유발계수표(생산자가격, 대분류)","농림수산품","기계 및 장비","","원자료","0.001472","0.001546","0.001516","0.001284"
"2.2.1.2.4. 투입산출표 수입유발계수표(생산자가격, 대분류)","농림수산품","운송장비","","원자료","0.00082","0.000703","0.00111","0.001347"
"2.2.1.2.4. 투입산출표 수입유발계수표(생산자가격, 대분류)","농림수산품","기타 제조업 제품","","원자료","0.000262","0.0003","0.000279","0.000222"
"2.2.1.2.4. 투입산출표 수입유발계수표(생산자가격, 대분류)","농림수산품","제조임가공 및 산업용 장비 수리","","원자료","0.001671","0.001816","0.001644","0.001381"
"2.2.1.2.4. 투입산출표 수입유발계수표(생산자가격, 대분류)","농림수산품","전력, 가스 및 증기","","원자료","0.000005","0.000004","0.000004","0.000004"
"2.2.1.2.4. 투입산출표 수입유발계수표(생산자가격, 대분류)","농림수산품","수도, 폐기물처리 및 재활용서비스","","원자료","0.000005","0.000001","0.000008","0.000023"
"2.2.1.2.4. 투입산출표 수입유발계수표(생산자가격, 대분류)","농림수산품","건설","","원자료","0","0","0","0"
"2.2.1.2.4. 투입산출표 수입유발계수표(생산자가격, 대분류)","농림수산품","도소매 및 상품중개서비스","","원자료","0.00082","0.000914","0.001098","0.000896"
"2.2.1.2.4. 투입산출표 수입유발계수표(생산자가격, 대분류)","농림수산품","운송서비스","","원자료","0.010029","0.007659","0.009672","0.011934"
"2.2.1.2.4. 투입산출표 수입유발계수표(생산자가격, 대분류)","농림수산품","음식점 및 숙박서비스","","원자료","0.001576","0.002579","0.002794","0.001561"
"2.2.1.2.4. 투입산출표 수입유발계수표(생산자가격, 대분류)","농림수산품","정보통신 및 방송 서비스","","원자료","0.000994","0.001309","0.001842","0.001728"
"2.2.1.2.4. 투입산출표 수입유발계수표(생산자가격, 대분류)","농림수산품","금융 및 보험 서비스","","원자료","0.000669","0.000659","0.000585","0.001057"
"2.2.1.2.4. 투입산출표 수입유발계수표(생산자가격, 대분류)","농림수산품","부동산서비스","","원자료","0.000088","0.000069","0.000084","0.000096"
"2.2.1.2.4. 투입산출표 수입유발계수표(생산자가격, 대분류)","농림수산품","전문, 과학 및 기술 서비스","","원자료","0.003355","0.003073","0.003648","0.004273"
"2.2.1.2.4. 투입산출표 수입유발계수표(생산자가격, 대분류)","농림수산품","사업지원서비스","","원자료","0.003314","0.003591","0.003817","0.004218"
"2.2.1.2.4. 투입산출표 수입유발계수표(생산자가격, 대분류)","농림수산품","공공행정, 국방 및 사회보장","","원자료","0.002137","0.001612","0.001769","0.001711"
"2.2.1.2.4. 투입산출표 수입유발계수표(생산자가격, 대분류)","농림수산품","교육서비스","","원자료","0.000001","0.000001","0.000001","0.000001"
"2.2.1.2.4. 투입산출표 수입유발계수표(생산자가격, 대분류)","농림수산품","보건 및 사회복지 서비스","","원자료","0.000001","0.000005","0.000007","0.000007"
"2.2.1.2.4. 투입산출표 수입유발계수표(생산자가격, 대분류)","농림수산품","예술, 스포츠 및 여가 관련 서비스","","원자료","0.00004","0.000031","0.000071","0.000048"
"2.2.1.2.4. 투입산출표 수입유발계수표(생산자가격, 대분류)","농림수산품","기타 서비스","","원자료","0.000282","0.00061","0.00041","0.000382"
"2.2.1.2.4. 투입산출표 수입유발계수표(생산자가격, 대분류)","농림수산품","기타","","원자료","0","0","0","0"
"2.2.1.2.4. 투입산출표 수입유발계수표(생산자가격, 대분류)","농림수산품","열합","","원자료","0.142736","0.160709","0.2082","0.18437"
"2.2.1.2.4. 투입산출표 수입유발계수표(생산자가격, 대분류)","광산품","농림수산품","","원자료","0.001186","0.001355","0.001825","0.001498"
"2.2.1.2.4. 투입산출표 수입유발계수표(생산자가격, 대분류)","광산품","광산품","","원자료","0.048219","0.065052","0.102524","0.076134"
"2.2.1.2.4. 투입산출표 수입유발계수표(생산자가격, 대분류)","광산품","음식료품","","원자료","0.002849","0.003299","0.004103","0.003729"
"2.2.1.2.4. 투입산출표 수입유발계수표(생산자가격, 대분류)","광산품","섬유 및 가죽제품","","원자료","0.002581","0.002871","0.002738","0.002409"
"2.2.1.2.4. 투입산출표 수입유발계수표(생산자가격, 대분류)","광산품","목재 및 종이, 인쇄","","원자료","0.001543","0.001852","0.001936","0.001542"
"2.2.1.2.4. 투입산출표 수입유발계수표(생산자가격, 대분류)","광산품","석탄 및 석유제품","","원자료","0.010853","0.016235","0.018592","0.015276"
"2.2.1.2.4. 투입산출표 수입유발계수표(생산자가격, 대분류)","광산품","화학제품","","원자료","0.013162","0.016592","0.019062","0.016732"
"2.2.1.2.4. 투입산출표 수입유발계수표(생산자가격, 대분류)","광산품","비금속광물제품","","원자료","0.000967","0.001085","0.001141","0.000879"
"2.2.1.2.4. 투입산출표 수입유발계수표(생산자가격, 대분류)","광산품","1차 금속제품","","원자료","0.006684","0.009836","0.010149","0.007683"
"2.2.1.2.4. 투입산출표 수입유발계수표(생산자가격, 대분류)","광산품","금속가공제품","","원자료","0.003036","0.00318","0.00325","0.002999"
"2.2.1.2.4. 투입산출표 수입유발계수표(생산자가격, 대분류)","광산품","컴퓨터, 전자 및 광학기기","","원자료","0.007149","0.007732","0.008221","0.007831"
"2.2.1.2.4. 투입산출표 수입유발계수표(생산자가격, 대분류)","광산품","전기장비","","원자료","0.003877","0.004966","0.006563","0.00632"
"2.2.1.2.4. 투입산출표 수입유발계수표(생산자가격, 대분류)","광산품","기계 및 장비","","원자료","0.005403","0.005958","0.005684","0.005275"
"2.2.1.2.4. 투입산출표 수입유발계수표(생산자가격, 대분류)","광산품","운송장비","","원자료","0.003512","0.003241","0.004955","0.005347"
"2.2.1.2.4. 투입산출표 수입유발계수표(생산자가격, 대분류)","광산품","기타 제조업 제품","","원자료","0.000377","0.000442","0.000417","0.000355"
"2.2.1.2.4. 투입산출표 수입유발계수표(생산자가격, 대분류)","광산품","제조임가공 및 산업용 장비 수리","","원자료","0.001732","0.001593","0.001744","0.001672"
"2.2.1.2.4. 투입산출표 수입유발계수표(생산자가격, 대분류)","광산품","전력, 가스 및 증기","","원자료","0.000004","0.000003","0.000004","0.000004"
"2.2.1.2.4. 투입산출표 수입유발계수표(생산자가격, 대분류)","광산품","수도, 폐기물처리 및 재활용서비스","","원자료","0.000004","0.000001","0.000007","0.000016"
"2.2.1.2.4. 투입산출표 수입유발계수표(생산자가격, 대분류)","광산품","건설","","원자료","0","0","0","0"
"2.2.1.2.4. 투입산출표 수입유발계수표(생산자가격, 대분류)","광산품","도소매 및 상품중개서비스","","원자료","0.000974","0.001139","0.001409","0.001042"
"2.2.1.2.4. 투입산출표 수입유발계수표(생산자가격, 대분류)","광산품","운송서비스","","원자료","0.017998","0.016712","0.019061","0.018581"
"2.2.1.2.4. 투입산출표 수입유발계수표(생산자가격, 대분류)","광산품","음식점 및 숙박서비스","","원자료","0.002221","0.003574","0.003848","0.001876"
"2.2.1.2.4. 투입산출표 수입유발계수표(생산자가격, 대분류)","광산품","정보통신 및 방송 서비스","","원자료","0.001397","0.001959","0.002591","0.002342"
"2.2.1.2.4. 투입산출표 수입유발계수표(생산자가격, 대분류)","광산품","금융 및 보험 서비스","","원자료","0.000979","0.000921","0.000878","0.001367"
"2.2.1.2.4. 투입산출표 수입유발계수표(생산자가격, 대분류)","광산품","부동산서비스","","원자료","0.000089","0.000073","0.000087","0.000097"
"2.2.1.2.4. 투입산출표 수입유발계수표(생산자가격, 대분류)","광산품","전문, 과학 및 기술 서비스","","원자료","0.004612","0.004333","0.004942","0.005385"
"2.2.1.2.4. 투입산출표 수입유발계수표(생산자가격, 대분류)","광산품","사업지원서비스","","원자료","0.006949","0.007852","0.007749","0.007931"
"2.2.1.2.4. 투입산출표 수입유발계수표(생산자가격, 대분류)","광산품","공공행정, 국방 및 사회보장","","원자료","0.000254","0.000148","0.000194","0.000326"
"2.2.1.2.4. 투입산출표 수입유발계수표(생산자가격, 대분류)","광산품","교육서비스","","원자료","0.000001","0","0.000001","0"
"2.2.1.2.4. 투입산출표 수입유발계수표(생산자가격, 대분류)","광산품","보건 및 사회복지 서비스","","원자료","0","0","0","0"
"2.2.1.2.4. 투입산출표 수입유발계수표(생산자가격, 대분류)","광산품","예술, 스포츠 및 여가 관련 서비스","","원자료","0.000065","0.000066","0.000141","0.000103"
"2.2.1.2.4. 투입산출표 수입유발계수표(생산자가격, 대분류)","광산품","기타 서비스","","원자료","0.000302","0.000664","0.000444","0.000399"
"2.2.1.2.4. 투입산출표 수입유발계수표(생산자가격, 대분류)","광산품","기타","","원자료","0","0","0","0"
"2.2.1.2.4. 투입산출표 수입유발계수표(생산자가격, 대분류)","광산품","열합","","원자료","0.148977","0.182734","0.234259","0.195149"
"2.2.1.2.4. 투입산출표 수입유발계수표(생산자가격, 대분류)","음식료품","농림수산품","","원자료","0.054619","0.058899","0.077054","0.069877"
"2.2.1.2.4. 투입산출표 수입유발계수표(생산자가격, 대분류)","음식료품","광산품","","원자료","0.024247","0.032305","0.05002","0.040354"
"2.2.1.2.4. 투입산출표 수입유발계수표(생산자가격, 대분류)","음식료품","음식료품","","원자료","0.088272","0.09546","0.106395","0.095336"
"2.2.1.2.4. 투입산출표 수입유발계수표(생산자가격, 대분류)","음식료품","섬유 및 가죽제품","","원자료","0.003043","0.003412","0.003194","0.002686"
"2.2.1.2.4. 투입산출표 수입유발계수표(생산자가격, 대분류)","음식료품","목재 및 종이, 인쇄","","원자료","0.004923","0.005587","0.005887","0.005209"
"2.2.1.2.4. 투입산출표 수입유발계수표(생산자가격, 대분류)","음식료품","석탄 및 석유제품","","원자료","0.006879","0.009999","0.010826","0.009803"
"2.2.1.2.4. 투입산출표 수입유발계수표(생산자가격, 대분류)","음식료품","화학제품","","원자료","0.016358","0.0188","0.021339","0.018912"
"2.2.1.2.4. 투입산출표 수입유발계수표(생산자가격, 대분류)","음식료품","비금속광물제품","","원자료","0.000973","0.000986","0.00101","0.000886"
"2.2.1.2.4. 투입산출표 수입유발계수표(생산자가격, 대분류)","음식료품","1차 금속제품","","원자료","0.002933","0.004026","0.004061","0.003367"
"2.2.1.2.4. 투입산출표 수입유발계수표(생산자가격, 대분류)","음식료품","금속가공제품","","원자료","0.001855","0.002014","0.002047","0.00206"
"2.2.1.2.4. 투입산출표 수입유발계수표(생산자가격, 대분류)","음식료품","컴퓨터, 전자 및 광학기기","","원자료","0.003988","0.004086","0.00437","0.004628"
"2.2.1.2.4. 투입산출표 수입유발계수표(생산자가격, 대분류)","음식료품","전기장비","","원자료","0.001294","0.001584","0.002","0.002079"
"2.2.1.2.4. 투입산출표 수입유발계수표(생산자가격, 대분류)","음식료품","기계 및 장비","","원자료","0.001962","0.002226","0.001865","0.001645"
"2.2.1.2.4. 투입산출표 수입유발계수표(생산자가격, 대분류)","음식료품","운송장비","","원자료","0.001055","0.000966","0.001429","0.001811"
"2.2.1.2.4. 투입산출표 수입유발계수표(생산자가격, 대분류)","음식료품","기타 제조업 제품","","원자료","0.000326","0.000353","0.000354","0.000321"
"2.2.1.2.4. 투입산출표 수입유발계수표(생산자가격, 대분류)","음식료품","제조임가공 및 산업용 장비 수리","","원자료","0.001243","0.001225","0.001248","0.001142"
"2.2.1.2.4. 투입산출표 수입유발계수표(생산자가격, 대분류)","음식료품","전력, 가스 및 증기","","원자료","0.000003","0.000002","0.000002","0.000002"
"2.2.1.2.4. 투입산출표 수입유발계수표(생산자가격, 대분류)","음식료품","수도, 폐기물처리 및 재활용서비스","","원자료","0.000006","0.000001","0.00001","0.000029"
"2.2.1.2.4. 투입산출표 수입유발계수표(생산자가격, 대분류)","음식료품","건설","","원자료","0","0","0","0"
"2.2.1.2.4. 투입산출표 수입유발계수표(생산자가격, 대분류)","음식료품","도소매 및 상품중개서비스","","원자료","0.001214","0.001326","0.001499","0.00129"
"2.2.1.2.4. 투입산출표 수입유발계수표(생산자가격, 대분류)","음식료품","운송서비스","","원자료","0.007893","0.00724","0.008012","0.009045"
"2.2.1.2.4. 투입산출표 수입유발계수표(생산자가격, 대분류)","음식료품","음식점 및 숙박서비스","","원자료","0.001341","0.002175","0.002274","0.001206"
"2.2.1.2.4. 투입산출표 수입유발계수표(생산자가격, 대분류)","음식료품","정보통신 및 방송 서비스","","원자료","0.001134","0.001479","0.002121","0.002148"
"2.2.1.2.4. 투입산출표 수입유발계수표(생산자가격, 대분류)","음식료품","금융 및 보험 서비스","","원자료","0.000653","0.000655","0.000567","0.001021"
"2.2.1.2.4. 투입산출표 수입유발계수표(생산자가격, 대분류)","음식료품","부동산서비스","","원자료","0.000109","0.000085","0.000097","0.000119"
"2.2.1.2.4. 투입산출표 수입유발계수표(생산자가격, 대분류)","음식료품","전문, 과학 및 기술 서비스","","원자료","0.005198","0.004844","0.005475","0.006806"
"2.2.1.2.4. 투입산출표 수입유발계수표(생산자가격, 대분류)","음식료품","사업지원서비스","","원자료","0.004304","0.004585","0.004502","0.005144"
"2.2.1.2.4. 투입산출표 수입유발계수표(생산자가격, 대분류)","음식료품","공공행정, 국방 및 사회보장","","원자료","0.000604","0.000457","0.000455","0.000483"
"2.2.1.2.4. 투입산출표 수입유발계수표(생산자가격, 대분류)","음식료품","교육서비스","","원자료","0.000001","0.000001","0.000001","0.000001"
"2.2.1.2.4. 투입산출표 수입유발계수표(생산자가격, 대분류)","음식료품","보건 및 사회복지 서비스","","원자료","0","0.000001","0.000001","0.000002"
"2.2.1.2.4. 투입산출표 수입유발계수표(생산자가격, 대분류)","음식료품","예술, 스포츠 및 여가 관련 서비스","","원자료","0.000047","0.000037","0.000086","0.000062"
"2.2.1.2.4. 투입산출표 수입유발계수표(생산자가격, 대분류)","음식료품","기타 서비스","","원자료","0.000272","0.000588","0.000382","0.000361"
"2.2.1.2.4. 투입산출표 수입유발계수표(생산자가격, 대분류)","음식료품","기타","","원자료","0","0","0","0"
"2.2.1.2.4. 투입산출표 수입유발계수표(생산자가격, 대분류)","음식료품","열합","","원자료","0.236751","0.265404","0.318587","0.287834"
"2.2.1.2.4. 투입산출표 수입유발계수표(생산자가격, 대분류)","섬유 및 가죽제품","농림수산품","","원자료","0.006939","0.00506","0.006658","0.004894"
"2.2.1.2.4. 투입산출표 수입유발계수표(생산자가격, 대분류)","섬유 및 가죽제품","광산품","","원자료","0.022136","0.03217","0.046416","0.036454"
"2.2.1.2.4. 투입산출표 수입유발계수표(생산자가격, 대분류)","섬유 및 가죽제품","음식료품","","원자료","0.010074","0.01229","0.031885","0.021931"
"2.2.1.2.4. 투입산출표 수입유발계수표(생산자가격, 대분류)","섬유 및 가죽제품","섬유 및 가죽제품","","원자료","0.177485","0.199556","0.204613","0.207542"
"2.2.1.2.4. 투입산출표 수입유발계수표(생산자가격, 대분류)","섬유 및 가죽제품","목재 및 종이, 인쇄","","원자료","0.005375","0.005205","0.005393","0.004612"
"2.2.1.2.4. 투입산출표 수입유발계수표(생산자가격, 대분류)","섬유 및 가죽제품","석탄 및 석유제품","","원자료","0.009919","0.014539","0.0158","0.014029"
"2.2.1.2.4. 투입산출표 수입유발계수표(생산자가격, 대분류)","섬유 및 가죽제품","화학제품","","원자료","0.039803","0.042446","0.043352","0.043309"
"2.2.1.2.4. 투입산출표 수입유발계수표(생산자가격, 대분류)","섬유 및 가죽제품","비금속광물제품","","원자료","0.000738","0.000824","0.000856","0.000707"
"2.2.1.2.4. 투입산출표 수입유발계수표(생산자가격, 대분류)","섬유 및 가죽제품","1차 금속제품","","원자료","0.002516","0.003555","0.003388","0.002741"
"2.2.1.2.4. 투입산출표 수입유발계수표(생산자가격, 대분류)","섬유 및 가죽제품","금속가공제품","","원자료","0.004366","0.003747","0.003056","0.002986"
"2.2.1.2.4. 투입산출표 수입유발계수표(생산자가격, 대분류)","섬유 및 가죽제품","컴퓨터, 전자 및 광학기기","","원자료","0.00361","0.003876","0.003803","0.003935"
"2.2.1.2.4. 투입산출표 수입유발계수표(생산자가격, 대분류)","섬유 및 가죽제품","전기장비","","원자료","0.001287","0.001724","0.001971","0.002012"
"2.2.1.2.4. 투입산출표 수입유발계수표(생산자가격, 대분류)","섬유 및 가죽제품","기계 및 장비","","원자료","0.001823","0.002213","0.001777","0.001645"
"2.2.1.2.4. 투입산출표 수입유발계수표(생산자가격, 대분류)","섬유 및 가죽제품","운송장비","","원자료","0.000999","0.000973","0.001389","0.001743"
"2.2.1.2.4. 투입산출표 수입유발계수표(생산자가격, 대분류)","섬유 및 가죽제품","기타 제조업 제품","","원자료","0.006171","0.005979","0.006708","0.00548"
"2.2.1.2.4. 투입산출표 수입유발계수표(생산자가격, 대분류)","섬유 및 가죽제품","제조임가공 및 산업용 장비 수리","","원자료","0.083876","0.077378","0.084182","0.09047"
"2.2.1.2.4. 투입산출표 수입유발계수표(생산자가격, 대분류)","섬유 및 가죽제품","전력, 가스 및 증기","","원자료","0.000003","0.000001","0.000002","0.000002"
"2.2.1.2.4. 투입산출표 수입유발계수표(생산자가격, 대분류)","섬유 및 가죽제품","수도, 폐기물처리 및 재활용서비스","","원자료","0.000006","0.000001","0.00001","0.000028"
"2.2.1.2.4. 투입산출표 수입유발계수표(생산자가격, 대분류)","섬유 및 가죽제품","건설","","원자료","0","0","0","0"
"2.2.1.2.4. 투입산출표 수입유발계수표(생산자가격, 대분류)","섬유 및 가죽제품","도소매 및 상품중개서비스","","원자료","0.003588","0.003637","0.003998","0.003555"
"2.2.1.2.4. 투입산출표 수입유발계수표(생산자가격, 대분류)","섬유 및 가죽제품","운송서비스","","원자료","0.006077","0.006041","0.006644","0.007269"
"2.2.1.2.4. 투입산출표 수입유발계수표(생산자가격, 대분류)","섬유 및 가죽제품","음식점 및 숙박서비스","","원자료","0.001341","0.002143","0.002163","0.001093"
"2.2.1.2.4. 투입산출표 수입유발계수표(생산자가격, 대분류)","섬유 및 가죽제품","정보통신 및 방송 서비스","","원자료","0.001106","0.001534","0.002031","0.001967"
"2.2.1.2.4. 투입산출표 수입유발계수표(생산자가격, 대분류)","섬유 및 가죽제품","금융 및 보험 서비스","","원자료","0.00065","0.000652","0.000528","0.000959"
"2.2.1.2.4. 투입산출표 수입유발계수표(생산자가격, 대분류)","섬유 및 가죽제품","부동산서비스","","원자료","0.000122","0.000097","0.000107","0.000125"
"2.2.1.2.4. 투입산출표 수입유발계수표(생산자가격, 대분류)","섬유 및 가죽제품","전문, 과학 및 기술 서비스","","원자료","0.005156","0.004775","0.005183","0.006201"
"2.2.1.2.4. 투입산출표 수입유발계수표(생산자가격, 대분류)","섬유 및 가죽제품","사업지원서비스","","원자료","0.004611","0.004922","0.004652","0.005197"
"2.2.1.2.4. 투입산출표 수입유발계수표(생산자가격, 대분류)","섬유 및 가죽제품","공공행정, 국방 및 사회보장","","원자료","0.00009","0.000058","0.000071","0.000129"
"2.2.1.2.4. 투입산출표 수입유발계수표(생산자가격, 대분류)","섬유 및 가죽제품","교육서비스","","원자료","0.000001","0.000001","0.000001","0.000001"
"2.2.1.2.4. 투입산출표 수입유발계수표(생산자가격, 대분류)","섬유 및 가죽제품","보건 및 사회복지 서비스","","원자료","0","0","0","0"
"2.2.1.2.4. 투입산출표 수입유발계수표(생산자가격, 대분류)","섬유 및 가죽제품","예술, 스포츠 및 여가 관련 서비스","","원자료","0.000047","0.00004","0.000081","0.000058"
"2.2.1.2.4. 투입산출표 수입유발계수표(생산자가격, 대분류)","섬유 및 가죽제품","기타 서비스","","원자료","0.000228","0.000502","0.000319","0.00029"
"2.2.1.2.4. 투입산출표 수입유발계수표(생산자가격, 대분류)","섬유 및 가죽제품","기타","","원자료","0","0","0","0"
"2.2.1.2.4. 투입산출표 수입유발계수표(생산자가격, 대분류)","섬유 및 가죽제품","열합","","원자료","0.400141","0.435936","0.487036","0.471364"
"2.2.1.2.4. 투입산출표 수입유발계수표(생산자가격, 대분류)","목재 및 종이, 인쇄","농림수산품","","원자료","0.012708","0.014614","0.013543","0.010161"
"2.2.1.2.4. 투입산출표 수입유발계수표(생산자가격, 대분류)","목재 및 종이, 인쇄","광산품","","원자료","0.036722","0.047262","0.071603","0.060281"
"2.2.1.2.4. 투입산출표 수입유발계수표(생산자가격, 대분류)","목재 및 종이, 인쇄","음식료품","","원자료","0.002896","0.003058","0.004028","0.003657"
"2.2.1.2.4. 투입산출표 수입유발계수표(생산자가격, 대분류)","목재 및 종이, 인쇄","섬유 및 가죽제품","","원자료","0.009856","0.008105","0.008532","0.006965"
"2.2.1.2.4. 투입산출표 수입유발계수표(생산자가격, 대분류)","목재 및 종이, 인쇄","목재 및 종이, 인쇄","","원자료","0.110417","0.121568","0.135646","0.114569"
"2.2.1.2.4. 투입산출표 수입유발계수표(생산자가격, 대분류)","목재 및 종이, 인쇄","석탄 및 석유제품","","원자료","0.010528","0.015499","0.016637","0.014922"
"2.2.1.2.4. 투입산출표 수입유발계수표(생산자가격, 대분류)","목재 및 종이, 인쇄","화학제품","","원자료","0.023531","0.025516","0.028706","0.027135"
"2.2.1.2.4. 투입산출표 수입유발계수표(생산자가격, 대분류)","목재 및 종이, 인쇄","비금속광물제품","","원자료","0.000706","0.00073","0.000754","0.00064"
"2.2.1.2.4. 투입산출표 수입유발계수표(생산자가격, 대분류)","목재 및 종이, 인쇄","1차 금속제품","","원자료","0.003574","0.004941","0.004806","0.004046"
"2.2.1.2.4. 투입산출표 수입유발계수표(생산자가격, 대분류)","목재 및 종이, 인쇄","금속가공제품","","원자료","0.001391","0.001439","0.001478","0.001483"
"2.2.1.2.4. 투입산출표 수입유발계수표(생산자가격, 대분류)","목재 및 종이, 인쇄","컴퓨터, 전자 및 광학기기","","원자료","0.005252","0.005128","0.005126","0.00574"
"2.2.1.2.4. 투입산출표 수입유발계수표(생산자가격, 대분류)","목재 및 종이, 인쇄","전기장비","","원자료","0.0018","0.002198","0.002602","0.002768"
"2.2.1.2.4. 투입산출표 수입유발계수표(생산자가격, 대분류)","목재 및 종이, 인쇄","기계 및 장비","","원자료","0.001975","0.002157","0.001928","0.001838"
"2.2.1.2.4. 투입산출표 수입유발계수표(생산자가격, 대분류)","목재 및 종이, 인쇄","운송장비","","원자료","0.00125","0.001112","0.001577","0.002029"
"2.2.1.2.4. 투입산출표 수입유발계수표(생산자가격, 대분류)","목재 및 종이, 인쇄","기타 제조업 제품","","원자료","0.000427","0.000455","0.000485","0.000393"
"2.2.1.2.4. 투입산출표 수입유발계수표(생산자가격, 대분류)","목재 및 종이, 인쇄","제조임가공 및 산업용 장비 수리","","원자료","0.002792","0.002482","0.002806","0.002356"
"2.2.1.2.4. 투입산출표 수입유발계수표(생산자가격, 대분류)","목재 및 종이, 인쇄","전력, 가스 및 증기","","원자료","0.000003","0.000002","0.000003","0.000003"
"2.2.1.2.4. 투입산출표 수입유발계수표(생산자가격, 대분류)","목재 및 종이, 인쇄","수도, 폐기물처리 및 재활용서비스","","원자료","0.000006","0.000001","0.00001","0.000027"
"2.2.1.2.4. 투입산출표 수입유발계수표(생산자가격, 대분류)","목재 및 종이, 인쇄","건설","","원자료","0","0","0","0"
"2.2.1.2.4. 투입산출표 수입유발계수표(생산자가격, 대분류)","목재 및 종이, 인쇄","도소매 및 상품중개서비스","","원자료","0.001644","0.001763","0.00199","0.001667"
"2.2.1.2.4. 투입산출표 수입유발계수표(생산자가격, 대분류)","목재 및 종이, 인쇄","운송서비스","","원자료","0.007361","0.006811","0.00727","0.008131"
"2.2.1.2.4. 투입산출표 수입유발계수표(생산자가격, 대분류)","목재 및 종이, 인쇄","음식점 및 숙박서비스","","원자료","0.001733","0.00276","0.002822","0.001422"
"2.2.1.2.4. 투입산출표 수입유발계수표(생산자가격, 대분류)","목재 및 종이, 인쇄","정보통신 및 방송 서비스","","원자료","0.001483","0.001966","0.002685","0.002687"
"2.2.1.2.4. 투입산출표 수입유발계수표(생산자가격, 대분류)","목재 및 종이, 인쇄","금융 및 보험 서비스","","원자료","0.000811","0.000781","0.000671","0.001187"
"2.2.1.2.4. 투입산출표 수입유발계수표(생산자가격, 대분류)","목재 및 종이, 인쇄","부동산서비스","","원자료","0.000108","0.000084","0.000095","0.000113"
"2.2.1.2.4. 투입산출표 수입유발계수표(생산자가격, 대분류)","목재 및 종이, 인쇄","전문, 과학 및 기술 서비스","","원자료","0.005547","0.005073","0.005629","0.006773"
"2.2.1.2.4. 투입산출표 수입유발계수표(생산자가격, 대분류)","목재 및 종이, 인쇄","사업지원서비스","","원자료","0.005833","0.005817","0.005514","0.006265"
"2.2.1.2.4. 투입산출표 수입유발계수표(생산자가격, 대분류)","목재 및 종이, 인쇄","공공행정, 국방 및 사회보장","","원자료","0.000125","0.000075","0.00009","0.000159"
"2.2.1.2.4. 투입산출표 수입유발계수표(생산자가격, 대분류)","목재 및 종이, 인쇄","교육서비스","","원자료","0.000001","0.000001","0.000001","0.000001"
"2.2.1.2.4. 투입산출표 수입유발계수표(생산자가격, 대분류)","목재 및 종이, 인쇄","보건 및 사회복지 서비스","","원자료","0","0","0","0"
"2.2.1.2.4. 투입산출표 수입유발계수표(생산자가격, 대분류)","목재 및 종이, 인쇄","예술, 스포츠 및 여가 관련 서비스","","원자료","0.000058","0.000048","0.000104","0.000076"
"2.2.1.2.4. 투입산출표 수입유발계수표(생산자가격, 대분류)","목재 및 종이, 인쇄","기타 서비스","","원자료","0.000305","0.000654","0.000424","0.000392"
"2.2.1.2.4. 투입산출표 수입유발계수표(생산자가격, 대분류)","목재 및 종이, 인쇄","기타","","원자료","0","0","0","0"
"2.2.1.2.4. 투입산출표 수입유발계수표(생산자가격, 대분류)","목재 및 종이, 인쇄","열합","","원자료","0.250844","0.282098","0.327563","0.287886"
"2.2.1.2.4. 투입산출표 수입유발계수표(생산자가격, 대분류)","석탄 및 석유제품","농림수산품","","원자료","0.00033","0.000255","0.0003","0.000248"
"2.2.1.2.4. 투입산출표 수입유발계수표(생산자가격, 대분류)","석탄 및 석유제품","광산품","","원자료","0.533553","0.568899","0.658839","0.651131"
"2.2.1.2.4. 투입산출표 수입유발계수표(생산자가격, 대분류)","석탄 및 석유제품","음식료품","","원자료","0.000958","0.000809","0.001022","0.000872"
"2.2.1.2.4. 투입산출표 수입유발계수표(생산자가격, 대분류)","석탄 및 석유제품","섬유 및 가죽제품","","원자료","0.000782","0.000582","0.000527","0.000437"
"2.2.1.2.4. 투입산출표 수입유발계수표(생산자가격, 대분류)","석탄 및 석유제품","목재 및 종이, 인쇄","","원자료","0.00065","0.000523","0.000527","0.000441"
"2.2.1.2.4. 투입산출표 수입유발계수표(생산자가격, 대분류)","석탄 및 석유제품","석탄 및 석유제품","","원자료","0.020797","0.024819","0.024785","0.02457"
"2.2.1.2.4. 투입산출표 수입유발계수표(생산자가격, 대분류)","석탄 및 석유제품","화학제품","","원자료","0.009087","0.008068","0.008754","0.009263"
"2.2.1.2.4. 투입산출표 수입유발계수표(생산자가격, 대분류)","석탄 및 석유제품","비금속광물제품","","원자료","0.000551","0.000394","0.000454","0.000383"
"2.2.1.2.4. 투입산출표 수입유발계수표(생산자가격, 대분류)","석탄 및 석유제품","1차 금속제품","","원자료","0.004272","0.003892","0.00386","0.002964"
"2.2.1.2.4. 투입산출표 수입유발계수표(생산자가격, 대분류)","석탄 및 석유제품","금속가공제품","","원자료","0.001073","0.000767","0.000821","0.000819"
"2.2.1.2.4. 투입산출표 수입유발계수표(생산자가격, 대분류)","석탄 및 석유제품","컴퓨터, 전자 및 광학기기","","원자료","0.004108","0.002618","0.002785","0.002782"
"2.2.1.2.4. 투입산출표 수입유발계수표(생산자가격, 대분류)","석탄 및 석유제품","전기장비","","원자료","0.001337","0.001094","0.001238","0.001181"
"2.2.1.2.4. 투입산출표 수입유발계수표(생산자가격, 대분류)","석탄 및 석유제품","기계 및 장비","","원자료","0.002504","0.001759","0.001908","0.001659"
"2.2.1.2.4. 투입산출표 수입유발계수표(생산자가격, 대분류)","석탄 및 석유제품","운송장비","","원자료","0.000514","0.000316","0.000388","0.000484"
"2.2.1.2.4. 투입산출표 수입유발계수표(생산자가격, 대분류)","석탄 및 석유제품","기타 제조업 제품","","원자료","0.000107","0.000082","0.000074","0.000065"
"2.2.1.2.4. 투입산출표 수입유발계수표(생산자가격, 대분류)","석탄 및 석유제품","제조임가공 및 산업용 장비 수리","","원자료","0.00069","0.000392","0.000403","0.000381"
"2.2.1.2.4. 투입산출표 수입유발계수표(생산자가격, 대분류)","석탄 및 석유제품","전력, 가스 및 증기","","원자료","0.000009","0.000003","0.000004","0.000004"
"2.2.1.2.4. 투입산출표 수입유발계수표(생산자가격, 대분류)","석탄 및 석유제품","수도, 폐기물처리 및 재활용서비스","","원자료","0.000002","0","0.000003","0.000008"
"2.2.1.2.4. 투입산출표 수입유발계수표(생산자가격, 대분류)","석탄 및 석유제품","건설","","원자료","0","0","0","0"
"2.2.1.2.4. 투입산출표 수입유발계수표(생산자가격, 대분류)","석탄 및 석유제품","도소매 및 상품중개서비스","","원자료","0.004243","0.004632","0.005586","0.004758"
"2.2.1.2.4. 투입산출표 수입유발계수표(생산자가격, 대분류)","석탄 및 석유제품","운송서비스","","원자료","0.002439","0.001744","0.001622","0.001792"
"2.2.1.2.4. 투입산출표 수입유발계수표(생산자가격, 대분류)","석탄 및 석유제품","음식점 및 숙박서비스","","원자료","0.000557","0.000722","0.000733","0.000362"
"2.2.1.2.4. 투입산출표 수입유발계수표(생산자가격, 대분류)","석탄 및 석유제품","정보통신 및 방송 서비스","","원자료","0.000787","0.000882","0.001314","0.001261"
"2.2.1.2.4. 투입산출표 수입유발계수표(생산자가격, 대분류)","석탄 및 석유제품","금융 및 보험 서비스","","원자료","0.000234","0.000244","0.000218","0.000374"
"2.2.1.2.4. 투입산출표 수입유발계수표(생산자가격, 대분류)","석탄 및 석유제품","부동산서비스","","원자료","0.000061","0.000042","0.000051","0.000059"
"2.2.1.2.4. 투입산출표 수입유발계수표(생산자가격, 대분류)","석탄 및 석유제품","전문, 과학 및 기술 서비스","","원자료","0.004179","0.003442","0.004162","0.004816"
"2.2.1.2.4. 투입산출표 수입유발계수표(생산자가격, 대분류)","석탄 및 석유제품","사업지원서비스","","원자료","0.002797","0.002338","0.00224","0.002488"
"2.2.1.2.4. 투입산출표 수입유발계수표(생산자가격, 대분류)","석탄 및 석유제품","공공행정, 국방 및 사회보장","","원자료","0.000035","0.000015","0.000016","0.000031"
"2.2.1.2.4. 투입산출표 수입유발계수표(생산자가격, 대분류)","석탄 및 석유제품","교육서비스","","원자료","0.000001","0.000001","0.000001","0.000001"
"2.2.1.2.4. 투입산출표 수입유발계수표(생산자가격, 대분류)","석탄 및 석유제품","보건 및 사회복지 서비스","","원자료","0","0","0","0"
"2.2.1.2.4. 투입산출표 수입유발계수표(생산자가격, 대분류)","석탄 및 석유제품","예술, 스포츠 및 여가 관련 서비스","","원자료","0.000027","0.000013","0.000031","0.000021"
"2.2.1.2.4. 투입산출표 수입유발계수표(생산자가격, 대분류)","석탄 및 석유제품","기타 서비스","","원자료","0.00014","0.0002","0.000154","0.000153"
"2.2.1.2.4. 투입산출표 수입유발계수표(생산자가격, 대분류)","석탄 및 석유제품","기타","","원자료","0","0","0","0"
"2.2.1.2.4. 투입산출표 수입유발계수표(생산자가격, 대분류)","석탄 및 석유제품","열합","","원자료","0.596826","0.629549","0.722819","0.71381"
"2.2.1.2.4. 투입산출표 수입유발계수표(생산자가격, 대분류)","화학제품","농림수산품","","원자료","0.003782","0.003867","0.004766","0.003551"
"2.2.1.2.4. 투입산출표 수입유발계수표(생산자가격, 대분류)","화학제품","광산품","","원자료","0.075652","0.092201","0.12011","0.105761"
"2.2.1.2.4. 투입산출표 수입유발계수표(생산자가격, 대분류)","화학제품","음식료품","","원자료","0.003934","0.004181","0.005111","0.004192"
"2.2.1.2.4. 투입산출표 수입유발계수표(생산자가격, 대분류)","화학제품","섬유 및 가죽제품","","원자료","0.003959","0.004469","0.004709","0.003688"
"2.2.1.2.4. 투입산출표 수입유발계수표(생산자가격, 대분류)","화학제품","목재 및 종이, 인쇄","","원자료","0.002023","0.00211","0.00225","0.001969"
"2.2.1.2.4. 투입산출표 수입유발계수표(생산자가격, 대분류)","화학제품","석탄 및 석유제품","","원자료","0.062719","0.091444","0.103705","0.090226"
"2.2.1.2.4. 투입산출표 수입유발계수표(생산자가격, 대분류)","화학제품","화학제품","","원자료","0.14913","0.156678","0.183671","0.183925"
"2.2.1.2.4. 투입산출표 수입유발계수표(생산자가격, 대분류)","화학제품","비금속광물제품","","원자료","0.00259","0.002487","0.002615","0.002374"
"2.2.1.2.4. 투입산출표 수입유발계수표(생산자가격, 대분류)","화학제품","1차 금속제품","","원자료","0.010008","0.012353","0.011958","0.009634"
"2.2.1.2.4. 투입산출표 수입유발계수표(생산자가격, 대분류)","화학제품","금속가공제품","","원자료","0.001782","0.001732","0.001803","0.0019"
"2.2.1.2.4. 투입산출표 수입유발계수표(생산자가격, 대분류)","화학제품","컴퓨터, 전자 및 광학기기","","원자료","0.004339","0.004035","0.004107","0.004379"
"2.2.1.2.4. 투입산출표 수입유발계수표(생산자가격, 대분류)","화학제품","전기장비","","원자료","0.001548","0.001747","0.002014","0.002088"
"2.2.1.2.4. 투입산출표 수입유발계수표(생산자가격, 대분류)","화학제품","기계 및 장비","","원자료","0.002497","0.002358","0.002273","0.002143"
"2.2.1.2.4. 투입산출표 수입유발계수표(생산자가격, 대분류)","화학제품","운송장비","","원자료","0.000984","0.000835","0.001177","0.001519"
"2.2.1.2.4. 투입산출표 수입유발계수표(생산자가격, 대분류)","화학제품","기타 제조업 제품","","원자료","0.000286","0.000301","0.0003","0.000253"
"2.2.1.2.4. 투입산출표 수입유발계수표(생산자가격, 대분류)","화학제품","제조임가공 및 산업용 장비 수리","","원자료","0.002653","0.002451","0.002873","0.00293"
"2.2.1.2.4. 투입산출표 수입유발계수표(생산자가격, 대분류)","화학제품","전력, 가스 및 증기","","원자료","0.000007","0.000004","0.000005","0.000004"
"2.2.1.2.4. 투입산출표 수입유발계수표(생산자가격, 대분류)","화학제품","수도, 폐기물처리 및 재활용서비스","","원자료","0.000009","0.000001","0.000017","0.000048"
"2.2.1.2.4. 투입산출표 수입유발계수표(생산자가격, 대분류)","화학제품","건설","","원자료","0","0","0","0"
"2.2.1.2.4. 투입산출표 수입유발계수표(생산자가격, 대분류)","화학제품","도소매 및 상품중개서비스","","원자료","0.003104","0.003469","0.003894","0.003229"
"2.2.1.2.4. 투입산출표 수입유발계수표(생산자가격, 대분류)","화학제품","운송서비스","","원자료","0.005662","0.005171","0.005669","0.006249"
"2.2.1.2.4. 투입산출표 수입유발계수표(생산자가격, 대분류)","화학제품","음식점 및 숙박서비스","","원자료","0.001244","0.001886","0.001955","0.000996"
"2.2.1.2.4. 투입산출표 수입유발계수표(생산자가격, 대분류)","화학제품","정보통신 및 방송 서비스","","원자료","0.001095","0.001377","0.001856","0.001886"
"2.2.1.2.4. 투입산출표 수입유발계수표(생산자가격, 대분류)","화학제품","금융 및 보험 서비스","","원자료","0.000559","0.000523","0.000463","0.000832"
"2.2.1.2.4. 투입산출표 수입유발계수표(생산자가격, 대분류)","화학제품","부동산서비스","","원자료","0.000134","0.000104","0.000117","0.000136"
"2.2.1.2.4. 투입산출표 수입유발계수표(생산자가격, 대분류)","화학제품","전문, 과학 및 기술 서비스","","원자료","0.008873","0.007713","0.00849","0.010035"
"2.2.1.2.4. 투입산출표 수입유발계수표(생산자가격, 대분류)","화학제품","사업지원서비스","","원자료","0.004436","0.004243","0.004055","0.004659"
"2.2.1.2.4. 투입산출표 수입유발계수표(생산자가격, 대분류)","화학제품","공공행정, 국방 및 사회보장","","원자료","0.000083","0.000047","0.000059","0.000109"
"2.2.1.2.4. 투입산출표 수입유발계수표(생산자가격, 대분류)","화학제품","교육서비스","","원자료","0.000001","0.000001","0.000001","0.000001"
"2.2.1.2.4. 투입산출표 수입유발계수표(생산자가격, 대분류)","화학제품","보건 및 사회복지 서비스","","원자료","0","0","0","0"
"2.2.1.2.4. 투입산출표 수입유발계수표(생산자가격, 대분류)","화학제품","예술, 스포츠 및 여가 관련 서비스","","원자료","0.000046","0.000037","0.000074","0.000053"
"2.2.1.2.4. 투입산출표 수입유발계수표(생산자가격, 대분류)","화학제품","기타 서비스","","원자료","0.000252","0.000457","0.000314","0.000304"
"2.2.1.2.4. 투입산출표 수입유발계수표(생산자가격, 대분류)","화학제품","기타","","원자료","0","0","0","0"
"2.2.1.2.4. 투입산출표 수입유발계수표(생산자가격, 대분류)","화학제품","열합","","원자료","0.353395","0.408281","0.480413","0.449073"
"2.2.1.2.4. 투입산출표 수입유발계수표(생산자가격, 대분류)","비금속광물제품","농림수산품","","원자료","0.000995","0.001065","0.001324","0.001121"
"2.2.1.2.4. 투입산출표 수입유발계수표(생산자가격, 대분류)","비금속광물제품","광산품","","원자료","0.082853","0.107781","0.163038","0.126273"
"2.2.1.2.4. 투입산출표 수입유발계수표(생산자가격, 대분류)","비금속광물제품","음식료품","","원자료","0.002093","0.002323","0.002929","0.002704"
"2.2.1.2.4. 투입산출표 수입유발계수표(생산자가격, 대분류)","비금속광물제품","섬유 및 가죽제품","","원자료","0.002922","0.0036","0.003534","0.002705"
"2.2.1.2.4. 투입산출표 수입유발계수표(생산자가격, 대분류)","비금속광물제품","목재 및 종이, 인쇄","","원자료","0.003398","0.003642","0.003603","0.003053"
"2.2.1.2.4. 투입산출표 수입유발계수표(생산자가격, 대분류)","비금속광물제품","석탄 및 석유제품","","원자료","0.013477","0.019356","0.02052","0.018567"
"2.2.1.2.4. 투입산출표 수입유발계수표(생산자가격, 대분류)","비금속광물제품","화학제품","","원자료","0.026178","0.028981","0.032859","0.032623"
"2.2.1.2.4. 투입산출표 수입유발계수표(생산자가격, 대분류)","비금속광물제품","비금속광물제품","","원자료","0.043967","0.045526","0.044427","0.036256"
"2.2.1.2.4. 투입산출표 수입유발계수표(생산자가격, 대분류)","비금속광물제품","1차 금속제품","","원자료","0.007442","0.011289","0.011218","0.008692"
"2.2.1.2.4. 투입산출표 수입유발계수표(생산자가격, 대분류)","비금속광물제품","금속가공제품","","원자료","0.00471","0.00436","0.003581","0.003297"
"2.2.1.2.4. 투입산출표 수입유발계수표(생산자가격, 대분류)","비금속광물제품","컴퓨터, 전자 및 광학기기","","원자료","0.005789","0.005818","0.005646","0.006001"
"2.2.1.2.4. 투입산출표 수입유발계수표(생산자가격, 대분류)","비금속광물제품","전기장비","","원자료","0.00268","0.003308","0.003874","0.004024"
"2.2.1.2.4. 투입산출표 수입유발계수표(생산자가격, 대분류)","비금속광물제품","기계 및 장비","","원자료","0.00297","0.003201","0.002864","0.002742"
"2.2.1.2.4. 투입산출표 수입유발계수표(생산자가격, 대분류)","비금속광물제품","운송장비","","원자료","0.002559","0.00233","0.003399","0.004189"
"2.2.1.2.4. 투입산출표 수입유발계수표(생산자가격, 대분류)","비금속광물제품","기타 제조업 제품","","원자료","0.000309","0.000352","0.00033","0.000281"
"2.2.1.2.4. 투입산출표 수입유발계수표(생산자가격, 대분류)","비금속광물제품","제조임가공 및 산업용 장비 수리","","원자료","0.001697","0.001616","0.001776","0.0015"
"2.2.1.2.4. 투입산출표 수입유발계수표(생산자가격, 대분류)","비금속광물제품","전력, 가스 및 증기","","원자료","0.000003","0.000002","0.000002","0.000002"
"2.2.1.2.4. 투입산출표 수입유발계수표(생산자가격, 대분류)","비금속광물제품","수도, 폐기물처리 및 재활용서비스","","원자료","0.000006","0.000001","0.000009","0.000025"
"2.2.1.2.4. 투입산출표 수입유발계수표(생산자가격, 대분류)","비금속광물제품","건설","","원자료","0","0","0","0"
"2.2.1.2.4. 투입산출표 수입유발계수표(생산자가격, 대분류)","비금속광물제품","도소매 및 상품중개서비스","","원자료","0.001428","0.001558","0.001855","0.001481"
"2.2.1.2.4. 투입산출표 수입유발계수표(생산자가격, 대분류)","비금속광물제품","운송서비스","","원자료","0.01529","0.01454","0.015961","0.017338"
"2.2.1.2.4. 투입산출표 수입유발계수표(생산자가격, 대분류)","비금속광물제품","음식점 및 숙박서비스","","원자료","0.001849","0.002997","0.003132","0.001654"
"2.2.1.2.4. 투입산출표 수입유발계수표(생산자가격, 대분류)","비금속광물제품","정보통신 및 방송 서비스","","원자료","0.001336","0.001834","0.002377","0.002368"
"2.2.1.2.4. 투입산출표 수입유발계수표(생산자가격, 대분류)","비금속광물제품","금융 및 보험 서비스","","원자료","0.000786","0.000782","0.000696","0.001214"
"2.2.1.2.4. 투입산출표 수입유발계수표(생산자가격, 대분류)","비금속광물제품","부동산서비스","","원자료","0.000088","0.000069","0.000077","0.000095"
"2.2.1.2.4. 투입산출표 수입유발계수표(생산자가격, 대분류)","비금속광물제품","전문, 과학 및 기술 서비스","","원자료","0.005571","0.005107","0.005582","0.006615"
"2.2.1.2.4. 투입산출표 수입유발계수표(생산자가격, 대분류)","비금속광물제품","사업지원서비스","","원자료","0.005899","0.006892","0.006556","0.007294"
"2.2.1.2.4. 투입산출표 수입유발계수표(생산자가격, 대분류)","비금속광물제품","공공행정, 국방 및 사회보장","","원자료","0.00022","0.00013","0.000166","0.00031"
"2.2.1.2.4. 투입산출표 수입유발계수표(생산자가격, 대분류)","비금속광물제품","교육서비스","","원자료","0.000001","0.000001","0.000001","0.000001"
"2.2.1.2.4. 투입산출표 수입유발계수표(생산자가격, 대분류)","비금속광물제품","보건 및 사회복지 서비스","","원자료","0","0","0","0"
"2.2.1.2.4. 투입산출표 수입유발계수표(생산자가격, 대분류)","비금속광물제품","예술, 스포츠 및 여가 관련 서비스","","원자료","0.000056","0.000046","0.000096","0.000073"
"2.2.1.2.4. 투입산출표 수입유발계수표(생산자가격, 대분류)","비금속광물제품","기타 서비스","","원자료","0.000246","0.000528","0.000341","0.000327"
"2.2.1.2.4. 투입산출표 수입유발계수표(생산자가격, 대분류)","비금속광물제품","기타","","원자료","0","0","0","0"
"2.2.1.2.4. 투입산출표 수입유발계수표(생산자가격, 대분류)","비금속광물제품","열합","","원자료","0.236816","0.279034","0.341771","0.292825"
"2.2.1.2.4. 투입산출표 수입유발계수표(생산자가격, 대분류)","1차 금속제품","농림수산품","","원자료","0.000577","0.000444","0.000591","0.000631"
"2.2.1.2.4. 투입산출표 수입유발계수표(생산자가격, 대분류)","1차 금속제품","광산품","","원자료","0.241276","0.264363","0.322977","0.272661"
"2.2.1.2.4. 투입산출표 수입유발계수표(생산자가격, 대분류)","1차 금속제품","음식료품","","원자료","0.001486","0.00123","0.001611","0.001821"
"2.2.1.2.4. 투입산출표 수입유발계수표(생산자가격, 대분류)","1차 금속제품","섬유 및 가죽제품","","원자료","0.001456","0.001185","0.001154","0.001147"
"2.2.1.2.4. 투입산출표 수입유발계수표(생산자가격, 대분류)","1차 금속제품","목재 및 종이, 인쇄","","원자료","0.001133","0.00101","0.001091","0.001083"
"2.2.1.2.4. 투입산출표 수입유발계수표(생산자가격, 대분류)","1차 금속제품","석탄 및 석유제품","","원자료","0.005735","0.006442","0.007087","0.007369"
"2.2.1.2.4. 투입산출표 수입유발계수표(생산자가격, 대분류)","1차 금속제품","화학제품","","원자료","0.015253","0.013799","0.014048","0.01596"
"2.2.1.2.4. 투입산출표 수입유발계수표(생산자가격, 대분류)","1차 금속제품","비금속광물제품","","원자료","0.004332","0.003334","0.003803","0.003716"
"2.2.1.2.4. 투입산출표 수입유발계수표(생산자가격, 대분류)","1차 금속제품","1차 금속제품","","원자료","0.168031","0.196688","0.205448","0.184714"
"2.2.1.2.4. 투입산출표 수입유발계수표(생산자가격, 대분류)","1차 금속제품","금속가공제품","","원자료","0.001479","0.001189","0.001286","0.001393"
"2.2.1.2.4. 투입산출표 수입유발계수표(생산자가격, 대분류)","1차 금속제품","컴퓨터, 전자 및 광학기기","","원자료","0.004242","0.003309","0.003332","0.004203"
"2.2.1.2.4. 투입산출표 수입유발계수표(생산자가격, 대분류)","1차 금속제품","전기장비","","원자료","0.002069","0.002071","0.002345","0.002729"
"2.2.1.2.4. 투입산출표 수입유발계수표(생산자가격, 대분류)","1차 금속제품","기계 및 장비","","원자료","0.003038","0.002617","0.002529","0.002628"
"2.2.1.2.4. 투입산출표 수입유발계수표(생산자가격, 대분류)","1차 금속제품","운송장비","","원자료","0.000968","0.000708","0.00099","0.001378"
"2.2.1.2.4. 투입산출표 수입유발계수표(생산자가격, 대분류)","1차 금속제품","기타 제조업 제품","","원자료","0.000228","0.000196","0.00018","0.000187"
"2.2.1.2.4. 투입산출표 수입유발계수표(생산자가격, 대분류)","1차 금속제품","제조임가공 및 산업용 장비 수리","","원자료","0.00201","0.001549","0.001473","0.001567"
"2.2.1.2.4. 투입산출표 수입유발계수표(생산자가격, 대분류)","1차 금속제품","전력, 가스 및 증기","","원자료","0.000004","0.000002","0.000002","0.000002"
"2.2.1.2.4. 투입산출표 수입유발계수표(생산자가격, 대분류)","1차 금속제품","수도, 폐기물처리 및 재활용서비스","","원자료","0.000006","0","0.00001","0.000027"
"2.2.1.2.4. 투입산출표 수입유발계수표(생산자가격, 대분류)","1차 금속제품","건설","","원자료","0","0","0","0"
"2.2.1.2.4. 투입산출표 수입유발계수표(생산자가격, 대분류)","1차 금속제품","도소매 및 상품중개서비스","","원자료","0.003461","0.003476","0.003676","0.003295"
"2.2.1.2.4. 투입산출표 수입유발계수표(생산자가격, 대분류)","1차 금속제품","운송서비스","","원자료","0.005536","0.004435","0.004817","0.005681"
"2.2.1.2.4. 투입산출표 수입유발계수표(생산자가격, 대분류)","1차 금속제품","음식점 및 숙박서비스","","원자료","0.001238","0.001705","0.00172","0.000935"
"2.2.1.2.4. 투입산출표 수입유발계수표(생산자가격, 대분류)","1차 금속제품","정보통신 및 방송 서비스","","원자료","0.001198","0.001468","0.001872","0.002026"
"2.2.1.2.4. 투입산출표 수입유발계수표(생산자가격, 대분류)","1차 금속제품","금융 및 보험 서비스","","원자료","0.000557","0.000466","0.000415","0.000777"
"2.2.1.2.4. 투입산출표 수입유발계수표(생산자가격, 대분류)","1차 금속제품","부동산서비스","","원자료","0.000061","0.000038","0.000041","0.000059"
"2.2.1.2.4. 투입산출표 수입유발계수표(생산자가격, 대분류)","1차 금속제품","전문, 과학 및 기술 서비스","","원자료","0.008665","0.007275","0.008295","0.00998"
"2.2.1.2.4. 투입산출표 수입유발계수표(생산자가격, 대분류)","1차 금속제품","사업지원서비스","","원자료","0.006013","0.005299","0.005013","0.005988"
"2.2.1.2.4. 투입산출표 수입유발계수표(생산자가격, 대분류)","1차 금속제품","공공행정, 국방 및 사회보장","","원자료","0.000077","0.000037","0.000046","0.000096"
"2.2.1.2.4. 투입산출표 수입유발계수표(생산자가격, 대분류)","1차 금속제품","교육서비스","","원자료","0.000001","0","0","0"
"2.2.1.2.4. 투입산출표 수입유발계수표(생산자가격, 대분류)","1차 금속제품","보건 및 사회복지 서비스","","원자료","0","0","0","0"
"2.2.1.2.4. 투입산출표 수입유발계수표(생산자가격, 대분류)","1차 금속제품","예술, 스포츠 및 여가 관련 서비스","","원자료","0.000044","0.000029","0.000058","0.000051"
"2.2.1.2.4. 투입산출표 수입유발계수표(생산자가격, 대분류)","1차 금속제품","기타 서비스","","원자료","0.000191","0.000316","0.00021","0.000226"
"2.2.1.2.4. 투입산출표 수입유발계수표(생산자가격, 대분류)","1차 금속제품","기타","","원자료","0","0","0","0"
"2.2.1.2.4. 투입산출표 수입유발계수표(생산자가격, 대분류)","1차 금속제품","열합","","원자료","0.480363","0.524681","0.59612","0.53233"
"2.2.1.2.4. 투입산출표 수입유발계수표(생산자가격, 대분류)","금속가공제품","농림수산품","","원자료","0.001009","0.000991","0.001316","0.00112"
"2.2.1.2.4. 투입산출표 수입유발계수표(생산자가격, 대분류)","금속가공제품","광산품","","원자료","0.069292","0.083657","0.104161","0.080524"
"2.2.1.2.4. 투입산출표 수입유발계수표(생산자가격, 대분류)","금속가공제품","음식료품","","원자료","0.002043","0.001994","0.002605","0.002462"
"2.2.1.2.4. 투입산출표 수입유발계수표(생산자가격, 대분류)","금속가공제품","섬유 및 가죽제품","","원자료","0.002682","0.00285","0.002766","0.002353"
"2.2.1.2.4. 투입산출표 수입유발계수표(생산자가격, 대분류)","금속가공제품","목재 및 종이, 인쇄","","원자료","0.002578","0.002804","0.003099","0.002585"
"2.2.1.2.4. 투입산출표 수입유발계수표(생산자가격, 대분류)","금속가공제품","석탄 및 석유제품","","원자료","0.008438","0.011859","0.013315","0.01199"
"2.2.1.2.4. 투입산출표 수입유발계수표(생산자가격, 대분류)","금속가공제품","화학제품","","원자료","0.022404","0.025691","0.030244","0.030054"
"2.2.1.2.4. 투입산출표 수입유발계수표(생산자가격, 대분류)","금속가공제품","비금속광물제품","","원자료","0.00245","0.002404","0.002579","0.002258"
"2.2.1.2.4. 투입산출표 수입유발계수표(생산자가격, 대분류)","금속가공제품","1차 금속제품","","원자료","0.062676","0.084569","0.087787","0.073201"
"2.2.1.2.4. 투입산출표 수입유발계수표(생산자가격, 대분류)","금속가공제품","금속가공제품","","원자료","0.019098","0.02068","0.023538","0.023684"
"2.2.1.2.4. 투입산출표 수입유발계수표(생산자가격, 대분류)","금속가공제품","컴퓨터, 전자 및 광학기기","","원자료","0.007366","0.006629","0.007269","0.007555"
"2.2.1.2.4. 투입산출표 수입유발계수표(생산자가격, 대분류)","금속가공제품","전기장비","","원자료","0.003485","0.003927","0.004595","0.004547"
"2.2.1.2.4. 투입산출표 수입유발계수표(생산자가격, 대분류)","금속가공제품","기계 및 장비","","원자료","0.008782","0.008783","0.008488","0.008055"
"2.2.1.2.4. 투입산출표 수입유발계수표(생산자가격, 대분류)","금속가공제품","운송장비","","원자료","0.00128","0.001136","0.001556","0.00183"
"2.2.1.2.4. 투입산출표 수입유발계수표(생산자가격, 대분류)","금속가공제품","기타 제조업 제품","","원자료","0.000316","0.000329","0.000335","0.000308"
"2.2.1.2.4. 투입산출표 수입유발계수표(생산자가격, 대분류)","금속가공제품","제조임가공 및 산업용 장비 수리","","원자료","0.002399","0.001555","0.001696","0.001627"
"2.2.1.2.4. 투입산출표 수입유발계수표(생산자가격, 대분류)","금속가공제품","전력, 가스 및 증기","","원자료","0.000004","0.000002","0.000002","0.000002"
"2.2.1.2.4. 투입산출표 수입유발계수표(생산자가격, 대분류)","금속가공제품","수도, 폐기물처리 및 재활용서비스","","원자료","0.000008","0.000001","0.000015","0.000039"
"2.2.1.2.4. 투입산출표 수입유발계수표(생산자가격, 대분류)","금속가공제품","건설","","원자료","0","0","0","0"
"2.2.1.2.4. 투입산출표 수입유발계수표(생산자가격, 대분류)","금속가공제품","도소매 및 상품중개서비스","","원자료","0.001921","0.002071","0.002292","0.001902"
"2.2.1.2.4. 투입산출표 수입유발계수표(생산자가격, 대분류)","금속가공제품","운송서비스","","원자료","0.006153","0.005805","0.006391","0.006701"
"2.2.1.2.4. 투입산출표 수입유발계수표(생산자가격, 대분류)","금속가공제품","음식점 및 숙박서비스","","원자료","0.0015","0.002307","0.00242","0.001194"
"2.2.1.2.4. 투입산출표 수입유발계수표(생산자가격, 대분류)","금속가공제품","정보통신 및 방송 서비스","","원자료","0.001287","0.001679","0.002281","0.00222"
"2.2.1.2.4. 투입산출표 수입유발계수표(생산자가격, 대분류)","금속가공제품","금융 및 보험 서비스","","원자료","0.000753","0.000699","0.000615","0.001071"
"2.2.1.2.4. 투입산출표 수입유발계수표(생산자가격, 대분류)","금속가공제품","부동산서비스","","원자료","0.000083","0.000061","0.000071","0.000086"
"2.2.1.2.4. 투입산출표 수입유발계수표(생산자가격, 대분류)","금속가공제품","전문, 과학 및 기술 서비스","","원자료","0.006679","0.005937","0.006737","0.007787"
"2.2.1.2.4. 투입산출표 수입유발계수표(생산자가격, 대분류)","금속가공제품","사업지원서비스","","원자료","0.005173","0.005102","0.004954","0.00545"
"2.2.1.2.4. 투입산출표 수입유발계수표(생산자가격, 대분류)","금속가공제품","공공행정, 국방 및 사회보장","","원자료","0.000086","0.00005","0.000063","0.000114"
"2.2.1.2.4. 투입산출표 수입유발계수표(생산자가격, 대분류)","금속가공제품","교육서비스","","원자료","0.000001","0.000001","0.000001","0.000001"
"2.2.1.2.4. 투입산출표 수입유발계수표(생산자가격, 대분류)","금속가공제품","보건 및 사회복지 서비스","","원자료","0","0","0","0"
"2.2.1.2.4. 투입산출표 수입유발계수표(생산자가격, 대분류)","금속가공제품","예술, 스포츠 및 여가 관련 서비스","","원자료","0.000052","0.000041","0.00009","0.000067"
"2.2.1.2.4. 투입산출표 수입유발계수표(생산자가격, 대분류)","금속가공제품","기타 서비스","","원자료","0.00026","0.000521","0.000348","0.000324"
"2.2.1.2.4. 투입산출표 수입유발계수표(생산자가격, 대분류)","금속가공제품","기타","","원자료","0","0","0","0"
"2.2.1.2.4. 투입산출표 수입유발계수표(생산자가격, 대분류)","금속가공제품","열합","","원자료","0.240259","0.284135","0.321628","0.281112"
"2.2.1.2.4. 투입산출표 수입유발계수표(생산자가격, 대분류)","컴퓨터, 전자 및 광학기기","농림수산품","","원자료","0.000464","0.000508","0.000692","0.000626"
"2.2.1.2.4. 투입산출표 수입유발계수표(생산자가격, 대분류)","컴퓨터, 전자 및 광학기기","광산품","","원자료","0.020536","0.027313","0.042884","0.038715"
"2.2.1.2.4. 투입산출표 수입유발계수표(생산자가격, 대분류)","컴퓨터, 전자 및 광학기기","음식료품","","원자료","0.001037","0.001167","0.001545","0.001553"
"2.2.1.2.4. 투입산출표 수입유발계수표(생산자가격, 대분류)","컴퓨터, 전자 및 광학기기","섬유 및 가죽제품","","원자료","0.001924","0.00219","0.00199","0.00177"
"2.2.1.2.4. 투입산출표 수입유발계수표(생산자가격, 대분류)","컴퓨터, 전자 및 광학기기","목재 및 종이, 인쇄","","원자료","0.001424","0.001377","0.001396","0.001299"
"2.2.1.2.4. 투입산출표 수입유발계수표(생산자가격, 대분류)","컴퓨터, 전자 및 광학기기","석탄 및 석유제품","","원자료","0.004009","0.006149","0.006835","0.006598"
"2.2.1.2.4. 투입산출표 수입유발계수표(생산자가격, 대분류)","컴퓨터, 전자 및 광학기기","화학제품","","원자료","0.0463","0.048296","0.051216","0.048657"
"2.2.1.2.4. 투입산출표 수입유발계수표(생산자가격, 대분류)","컴퓨터, 전자 및 광학기기","비금속광물제품","","원자료","0.003244","0.003263","0.003306","0.003275"
"2.2.1.2.4. 투입산출표 수입유발계수표(생산자가격, 대분류)","컴퓨터, 전자 및 광학기기","1차 금속제품","","원자료","0.01507","0.020227","0.017595","0.015547"
"2.2.1.2.4. 투입산출표 수입유발계수표(생산자가격, 대분류)","컴퓨터, 전자 및 광학기기","금속가공제품","","원자료","0.003574","0.003143","0.00303","0.003316"
"2.2.1.2.4. 투입산출표 수입유발계수표(생산자가격, 대분류)","컴퓨터, 전자 및 광학기기","컴퓨터, 전자 및 광학기기","","원자료","0.203276","0.199144","0.230696","0.242295"
"2.2.1.2.4. 투입산출표 수입유발계수표(생산자가격, 대분류)","컴퓨터, 전자 및 광학기기","전기장비","","원자료","0.01409","0.014521","0.014905","0.017557"
"2.2.1.2.4. 투입산출표 수입유발계수표(생산자가격, 대분류)","컴퓨터, 전자 및 광학기기","기계 및 장비","","원자료","0.005188","0.005885","0.002983","0.002863"
"2.2.1.2.4. 투입산출표 수입유발계수표(생산자가격, 대분류)","컴퓨터, 전자 및 광학기기","운송장비","","원자료","0.000504","0.000473","0.000656","0.000896"
"2.2.1.2.4. 투입산출표 수입유발계수표(생산자가격, 대분류)","컴퓨터, 전자 및 광학기기","기타 제조업 제품","","원자료","0.000201","0.000237","0.000241","0.000226"
"2.2.1.2.4. 투입산출표 수입유발계수표(생산자가격, 대분류)","컴퓨터, 전자 및 광학기기","제조임가공 및 산업용 장비 수리","","원자료","0.01364","0.01228","0.013489","0.013487"
"2.2.1.2.4. 투입산출표 수입유발계수표(생산자가격, 대분류)","컴퓨터, 전자 및 광학기기","전력, 가스 및 증기","","원자료","0.000007","0.000003","0.000003","0.000003"
"2.2.1.2.4. 투입산출표 수입유발계수표(생산자가격, 대분류)","컴퓨터, 전자 및 광학기기","수도, 폐기물처리 및 재활용서비스","","원자료","0.000002","0","0.000004","0.000012"
"2.2.1.2.4. 투입산출표 수입유발계수표(생산자가격, 대분류)","컴퓨터, 전자 및 광학기기","건설","","원자료","0","0","0","0"
"2.2.1.2.4. 투입산출표 수입유발계수표(생산자가격, 대분류)","컴퓨터, 전자 및 광학기기","도소매 및 상품중개서비스","","원자료","0.003865","0.004064","0.004312","0.003598"
"2.2.1.2.4. 투입산출표 수입유발계수표(생산자가격, 대분류)","컴퓨터, 전자 및 광학기기","운송서비스","","원자료","0.002597","0.002587","0.002909","0.003416"
"2.2.1.2.4. 투입산출표 수입유발계수표(생산자가격, 대분류)","컴퓨터, 전자 및 광학기기","음식점 및 숙박서비스","","원자료","0.000778","0.001225","0.001277","0.00067"
"2.2.1.2.4. 투입산출표 수입유발계수표(생산자가격, 대분류)","컴퓨터, 전자 및 광학기기","정보통신 및 방송 서비스","","원자료","0.001193","0.001338","0.002432","0.002473"
"2.2.1.2.4. 투입산출표 수입유발계수표(생산자가격, 대분류)","컴퓨터, 전자 및 광학기기","금융 및 보험 서비스","","원자료","0.000429","0.000379","0.000347","0.000649"
"2.2.1.2.4. 투입산출표 수입유발계수표(생산자가격, 대분류)","컴퓨터, 전자 및 광학기기","부동산서비스","","원자료","0.000098","0.000078","0.000088","0.000104"
"2.2.1.2.4. 투입산출표 수입유발계수표(생산자가격, 대분류)","컴퓨터, 전자 및 광학기기","전문, 과학 및 기술 서비스","","원자료","0.012285","0.011148","0.012045","0.014122"
"2.2.1.2.4. 투입산출표 수입유발계수표(생산자가격, 대분류)","컴퓨터, 전자 및 광학기기","사업지원서비스","","원자료","0.004041","0.003626","0.003486","0.004041"
"2.2.1.2.4. 투입산출표 수입유발계수표(생산자가격, 대분류)","컴퓨터, 전자 및 광학기기","공공행정, 국방 및 사회보장","","원자료","0.000036","0.000022","0.000028","0.000058"
"2.2.1.2.4. 투입산출표 수입유발계수표(생산자가격, 대분류)","컴퓨터, 전자 및 광학기기","교육서비스","","원자료","0.000001","0","0","0"
"2.2.1.2.4. 투입산출표 수입유발계수표(생산자가격, 대분류)","컴퓨터, 전자 및 광학기기","보건 및 사회복지 서비스","","원자료","0","0","0","0"
"2.2.1.2.4. 투입산출표 수입유발계수표(생산자가격, 대분류)","컴퓨터, 전자 및 광학기기","예술, 스포츠 및 여가 관련 서비스","","원자료","0.000034","0.000023","0.000058","0.00004"
"2.2.1.2.4. 투입산출표 수입유발계수표(생산자가격, 대분류)","컴퓨터, 전자 및 광학기기","기타 서비스","","원자료","0.000407","0.000809","0.000548","0.000503"
"2.2.1.2.4. 투입산출표 수입유발계수표(생산자가격, 대분류)","컴퓨터, 전자 및 광학기기","기타","","원자료","0","0","0","0"
"2.2.1.2.4. 투입산출표 수입유발계수표(생산자가격, 대분류)","컴퓨터, 전자 및 광학기기","열합","","원자료","0.360251","0.371477","0.420995","0.42837"
"2.2.1.2.4. 투입산출표 수입유발계수표(생산자가격, 대분류)","전기장비","농림수산품","","원자료","0.00078","0.000805","0.001034","0.000826"
"2.2.1.2.4. 투입산출표 수입유발계수표(생산자가격, 대분류)","전기장비","광산품","","원자료","0.042115","0.054805","0.069989","0.054697"
"2.2.1.2.4. 투입산출표 수입유발계수표(생산자가격, 대분류)","전기장비","음식료품","","원자료","0.001487","0.001575","0.001947","0.001768"
"2.2.1.2.4. 투입산출표 수입유발계수표(생산자가격, 대분류)","전기장비","섬유 및 가죽제품","","원자료","0.002093","0.002307","0.002289","0.001838"
"2.2.1.2.4. 투입산출표 수입유발계수표(생산자가격, 대분류)","전기장비","목재 및 종이, 인쇄","","원자료","0.001892","0.002067","0.002117","0.001857"
"2.2.1.2.4. 투입산출표 수입유발계수표(생산자가격, 대분류)","전기장비","석탄 및 석유제품","","원자료","0.007643","0.010837","0.012497","0.01043"
"2.2.1.2.4. 투입산출표 수입유발계수표(생산자가격, 대분류)","전기장비","화학제품","","원자료","0.048517","0.051313","0.069973","0.073695"
"2.2.1.2.4. 투입산출표 수입유발계수표(생산자가격, 대분류)","전기장비","비금속광물제품","","원자료","0.007528","0.007358","0.008172","0.007453"
"2.2.1.2.4. 투입산출표 수입유발계수표(생산자가격, 대분류)","전기장비","1차 금속제품","","원자료","0.04861","0.066194","0.061522","0.052933"
"2.2.1.2.4. 투입산출표 수입유발계수표(생산자가격, 대분류)","전기장비","금속가공제품","","원자료","0.003871","0.003616","0.00377","0.003694"
"2.2.1.2.4. 투입산출표 수입유발계수표(생산자가격, 대분류)","전기장비","컴퓨터, 전자 및 광학기기","","원자료","0.055886","0.054793","0.055032","0.058433"
"2.2.1.2.4. 투입산출표 수입유발계수표(생산자가격, 대분류)","전기장비","전기장비","","원자료","0.075123","0.08875","0.116742","0.117701"
"2.2.1.2.4. 투입산출표 수입유발계수표(생산자가격, 대분류)","전기장비","기계 및 장비","","원자료","0.006884","0.006909","0.006266","0.005781"
"2.2.1.2.4. 투입산출표 수입유발계수표(생산자가격, 대분류)","전기장비","운송장비","","원자료","0.001041","0.000946","0.001202","0.00141"
"2.2.1.2.4. 투입산출표 수입유발계수표(생산자가격, 대분류)","전기장비","기타 제조업 제품","","원자료","0.000241","0.000262","0.000259","0.000227"
"2.2.1.2.4. 투입산출표 수입유발계수표(생산자가격, 대분류)","전기장비","제조임가공 및 산업용 장비 수리","","원자료","0.014791","0.013899","0.014246","0.016953"
"2.2.1.2.4. 투입산출표 수입유발계수표(생산자가격, 대분류)","전기장비","전력, 가스 및 증기","","원자료","0.000004","0.000002","0.000002","0.000002"
"2.2.1.2.4. 투입산출표 수입유발계수표(생산자가격, 대분류)","전기장비","수도, 폐기물처리 및 재활용서비스","","원자료","0.000004","0","0.000006","0.000017"
"2.2.1.2.4. 투입산출표 수입유발계수표(생산자가격, 대분류)","전기장비","건설","","원자료","0","0","0","0"
"2.2.1.2.4. 투입산출표 수입유발계수표(생산자가격, 대분류)","전기장비","도소매 및 상품중개서비스","","원자료","0.002877","0.003029","0.003304","0.002841"
"2.2.1.2.4. 투입산출표 수입유발계수표(생산자가격, 대분류)","전기장비","운송서비스","","원자료","0.004471","0.00426","0.00444","0.004748"
"2.2.1.2.4. 투입산출표 수입유발계수표(생산자가격, 대분류)","전기장비","음식점 및 숙박서비스","","원자료","0.001157","0.001828","0.001848","0.000912"
"2.2.1.2.4. 투입산출표 수입유발계수표(생산자가격, 대분류)","전기장비","정보통신 및 방송 서비스","","원자료","0.001124","0.001493","0.001994","0.001958"
"2.2.1.2.4. 투입산출표 수입유발계수표(생산자가격, 대분류)","전기장비","금융 및 보험 서비스","","원자료","0.000614","0.00058","0.000506","0.000888"
"2.2.1.2.4. 투입산출표 수입유발계수표(생산자가격, 대분류)","전기장비","부동산서비스","","원자료","0.000108","0.000082","0.00009","0.000107"
"2.2.1.2.4. 투입산출표 수입유발계수표(생산자가격, 대분류)","전기장비","전문, 과학 및 기술 서비스","","원자료","0.009801","0.008765","0.009564","0.011487"
"2.2.1.2.4. 투입산출표 수입유발계수표(생산자가격, 대분류)","전기장비","사업지원서비스","","원자료","0.004823","0.004637","0.004305","0.004828"
"2.2.1.2.4. 투입산출표 수입유발계수표(생산자가격, 대분류)","전기장비","공공행정, 국방 및 사회보장","","원자료","0.000063","0.000037","0.000044","0.000082"
"2.2.1.2.4. 투입산출표 수입유발계수표(생산자가격, 대분류)","전기장비","교육서비스","","원자료","0.000001","0","0","0"
"2.2.1.2.4. 투입산출표 수입유발계수표(생산자가격, 대분류)","전기장비","보건 및 사회복지 서비스","","원자료","0","0","0","0"
"2.2.1.2.4. 투입산출표 수입유발계수표(생산자가격, 대분류)","전기장비","예술, 스포츠 및 여가 관련 서비스","","원자료","0.000043","0.000032","0.000072","0.00005"
"2.2.1.2.4. 투입산출표 수입유발계수표(생산자가격, 대분류)","전기장비","기타 서비스","","원자료","0.00041","0.000812","0.000509","0.000461"
"2.2.1.2.4. 투입산출표 수입유발계수표(생산자가격, 대분류)","전기장비","기타","","원자료","0","0","0","0"
"2.2.1.2.4. 투입산출표 수입유발계수표(생산자가격, 대분류)","전기장비","열합","","원자료","0.343999","0.391993","0.45374","0.438075"
"2.2.1.2.4. 투입산출표 수입유발계수표(생산자가격, 대분류)","기계 및 장비","농림수산품","","원자료","0.000762","0.000818","0.001107","0.000984"
"2.2.1.2.4. 투입산출표 수입유발계수표(생산자가격, 대분류)","기계 및 장비","광산품","","원자료","0.03818","0.050267","0.066527","0.053942"
"2.2.1.2.4. 투입산출표 수입유발계수표(생산자가격, 대분류)","기계 및 장비","음식료품","","원자료","0.001683","0.001836","0.002354","0.002325"
"2.2.1.2.4. 투입산출표 수입유발계수표(생산자가격, 대분류)","기계 및 장비","섬유 및 가죽제품","","원자료","0.002077","0.002283","0.00235","0.002075"
"2.2.1.2.4. 투입산출표 수입유발계수표(생산자가격, 대분류)","기계 및 장비","목재 및 종이, 인쇄","","원자료","0.00139","0.001586","0.001711","0.001495"
"2.2.1.2.4. 투입산출표 수입유발계수표(생산자가격, 대분류)","기계 및 장비","석탄 및 석유제품","","원자료","0.005859","0.008779","0.009856","0.008872"
"2.2.1.2.4. 투입산출표 수입유발계수표(생산자가격, 대분류)","기계 및 장비","화학제품","","원자료","0.017338","0.019345","0.022299","0.021806"
"2.2.1.2.4. 투입산출표 수입유발계수표(생산자가격, 대분류)","기계 및 장비","비금속광물제품","","원자료","0.002558","0.002472","0.0026","0.002324"
"2.2.1.2.4. 투입산출표 수입유발계수표(생산자가격, 대분류)","기계 및 장비","1차 금속제품","","원자료","0.029497","0.040706","0.042325","0.03587"
"2.2.1.2.4. 투입산출표 수입유발계수표(생산자가격, 대분류)","기계 및 장비","금속가공제품","","원자료","0.00795","0.00808","0.008542","0.008517"
"2.2.1.2.4. 투입산출표 수입유발계수표(생산자가격, 대분류)","기계 및 장비","컴퓨터, 전자 및 광학기기","","원자료","0.030366","0.032977","0.033184","0.031508"
"2.2.1.2.4. 투입산출표 수입유발계수표(생산자가격, 대분류)","기계 및 장비","전기장비","","원자료","0.01512","0.018238","0.019414","0.018751"
"2.2.1.2.4. 투입산출표 수입유발계수표(생산자가격, 대분류)","기계 및 장비","기계 및 장비","","원자료","0.093713","0.09982","0.109904","0.105677"
"2.2.1.2.4. 투입산출표 수입유발계수표(생산자가격, 대분류)","기계 및 장비","운송장비","","원자료","0.001671","0.001578","0.002016","0.002236"
"2.2.1.2.4. 투입산출표 수입유발계수표(생산자가격, 대분류)","기계 및 장비","기타 제조업 제품","","원자료","0.000256","0.000291","0.000293","0.00027"
"2.2.1.2.4. 투입산출표 수입유발계수표(생산자가격, 대분류)","기계 및 장비","제조임가공 및 산업용 장비 수리","","원자료","0.004259","0.003134","0.003294","0.003423"
"2.2.1.2.4. 투입산출표 수입유발계수표(생산자가격, 대분류)","기계 및 장비","전력, 가스 및 증기","","원자료","0.000003","0.000002","0.000002","0.000002"
"2.2.1.2.4. 투입산출표 수입유발계수표(생산자가격, 대분류)","기계 및 장비","수도, 폐기물처리 및 재활용서비스","","원자료","0.000004","0","0.000007","0.000021"
"2.2.1.2.4. 투입산출표 수입유발계수표(생산자가격, 대분류)","기계 및 장비","건설","","원자료","0","0","0","0"
"2.2.1.2.4. 투입산출표 수입유발계수표(생산자가격, 대분류)","기계 및 장비","도소매 및 상품중개서비스","","원자료","0.002986","0.003198","0.003478","0.003023"
"2.2.1.2.4. 투입산출표 수입유발계수표(생산자가격, 대분류)","기계 및 장비","운송서비스","","원자료","0.005053","0.005035","0.005513","0.00601"
"2.2.1.2.4. 투입산출표 수입유발계수표(생산자가격, 대분류)","기계 및 장비","음식점 및 숙박서비스","","원자료","0.001419","0.002294","0.002378","0.001203"
"2.2.1.2.4. 투입산출표 수입유발계수표(생산자가격, 대분류)","기계 및 장비","정보통신 및 방송 서비스","","원자료","0.001257","0.001709","0.00239","0.002388"
"2.2.1.2.4. 투입산출표 수입유발계수표(생산자가격, 대분류)","기계 및 장비","금융 및 보험 서비스","","원자료","0.000744","0.000708","0.000612","0.00111"
"2.2.1.2.4. 투입산출표 수입유발계수표(생산자가격, 대분류)","기계 및 장비","부동산서비스","","원자료","0.000096","0.000076","0.000086","0.000109"
"2.2.1.2.4. 투입산출표 수입유발계수표(생산자가격, 대분류)","기계 및 장비","전문, 과학 및 기술 서비스","","원자료","0.008839","0.008096","0.008879","0.010722"
"2.2.1.2.4. 투입산출표 수입유발계수표(생산자가격, 대분류)","기계 및 장비","사업지원서비스","","원자료","0.004432","0.004481","0.00431","0.004989"
"2.2.1.2.4. 투입산출표 수입유발계수표(생산자가격, 대분류)","기계 및 장비","공공행정, 국방 및 사회보장","","원자료","0.00007","0.000043","0.000054","0.000101"
"2.2.1.2.4. 투입산출표 수입유발계수표(생산자가격, 대분류)","기계 및 장비","교육서비스","","원자료","0.000001","0.000001","0.000001","0.000001"
"2.2.1.2.4. 투입산출표 수입유발계수표(생산자가격, 대분류)","기계 및 장비","보건 및 사회복지 서비스","","원자료","0","0","0","0"
"2.2.1.2.4. 투입산출표 수입유발계수표(생산자가격, 대분류)","기계 및 장비","예술, 스포츠 및 여가 관련 서비스","","원자료","0.000048","0.00004","0.000087","0.000064"
"2.2.1.2.4. 투입산출표 수입유발계수표(생산자가격, 대분류)","기계 및 장비","기타 서비스","","원자료","0.000369","0.000794","0.000524","0.000503"
"2.2.1.2.4. 투입산출표 수입유발계수표(생산자가격, 대분류)","기계 및 장비","기타","","원자료","0","0","0","0"
"2.2.1.2.4. 투입산출표 수입유발계수표(생산자가격, 대분류)","기계 및 장비","열합","","원자료","0.278","0.318687","0.356096","0.33032"
"2.2.1.2.4. 투입산출표 수입유발계수표(생산자가격, 대분류)","운송장비","농림수산품","","원자료","0.000886","0.000901","0.001213","0.000959"
"2.2.1.2.4. 투입산출표 수입유발계수표(생산자가격, 대분류)","운송장비","광산품","","원자료","0.043778","0.060058","0.083742","0.061678"
"2.2.1.2.4. 투입산출표 수입유발계수표(생산자가격, 대분류)","운송장비","음식료품","","원자료","0.001734","0.001841","0.002468","0.002149"
"2.2.1.2.4. 투입산출표 수입유발계수표(생산자가격, 대분류)","운송장비","섬유 및 가죽제품","","원자료","0.003905","0.004117","0.004152","0.003338"
"2.2.1.2.4. 투입산출표 수입유발계수표(생산자가격, 대분류)","운송장비","목재 및 종이, 인쇄","","원자료","0.001291","0.001429","0.001555","0.001277"
"2.2.1.2.4. 투입산출표 수입유발계수표(생산자가격, 대분류)","운송장비","석탄 및 석유제품","","원자료","0.008851","0.012874","0.014893","0.012461"
"2.2.1.2.4. 투입산출표 수입유발계수표(생산자가격, 대분류)","운송장비","화학제품","","원자료","0.030512","0.033066","0.038175","0.036558"
"2.2.1.2.4. 투입산출표 수입유발계수표(생산자가격, 대분류)","운송장비","비금속광물제품","","원자료","0.004143","0.004329","0.00459","0.004046"
"2.2.1.2.4. 투입산출표 수입유발계수표(생산자가격, 대분류)","운송장비","1차 금속제품","","원자료","0.043335","0.062376","0.061796","0.051033"
"2.2.1.2.4. 투입산출표 수입유발계수표(생산자가격, 대분류)","운송장비","금속가공제품","","원자료","0.010022","0.010824","0.0099","0.009997"
"2.2.1.2.4. 투입산출표 수입유발계수표(생산자가격, 대분류)","운송장비","컴퓨터, 전자 및 광학기기","","원자료","0.031755","0.038434","0.036226","0.035441"
"2.2.1.2.4. 투입산출표 수입유발계수표(생산자가격, 대분류)","운송장비","전기장비","","원자료","0.022414","0.029322","0.028672","0.037998"
"2.2.1.2.4. 투입산출표 수입유발계수표(생산자가격, 대분류)","운송장비","기계 및 장비","","원자료","0.022326","0.023768","0.019817","0.019635"
"2.2.1.2.4. 투입산출표 수입유발계수표(생산자가격, 대분류)","운송장비","운송장비","","원자료","0.038266","0.036638","0.042076","0.041462"
"2.2.1.2.4. 투입산출표 수입유발계수표(생산자가격, 대분류)","운송장비","기타 제조업 제품","","원자료","0.000463","0.000509","0.000482","0.0004"
"2.2.1.2.4. 투입산출표 수입유발계수표(생산자가격, 대분류)","운송장비","제조임가공 및 산업용 장비 수리","","원자료","0.003251","0.002972","0.003472","0.003319"
"2.2.1.2.4. 투입산출표 수입유발계수표(생산자가격, 대분류)","운송장비","전력, 가스 및 증기","","원자료","0.000009","0.000003","0.000004","0.000004"
"2.2.1.2.4. 투입산출표 수입유발계수표(생산자가격, 대분류)","운송장비","수도, 폐기물처리 및 재활용서비스","","원자료","0.000006","0.000001","0.00001","0.000026"
"2.2.1.2.4. 투입산출표 수입유발계수표(생산자가격, 대분류)","운송장비","건설","","원자료","0","0","0","0"
"2.2.1.2.4. 투입산출표 수입유발계수표(생산자가격, 대분류)","운송장비","도소매 및 상품중개서비스","","원자료","0.003918","0.004075","0.004415","0.003849"
"2.2.1.2.4. 투입산출표 수입유발계수표(생산자가격, 대분류)","운송장비","운송서비스","","원자료","0.004617","0.004561","0.004986","0.004992"
"2.2.1.2.4. 투입산출표 수입유발계수표(생산자가격, 대분류)","운송장비","음식점 및 숙박서비스","","원자료","0.001309","0.002049","0.002147","0.001023"
"2.2.1.2.4. 투입산출표 수입유발계수표(생산자가격, 대분류)","운송장비","정보통신 및 방송 서비스","","원자료","0.001337","0.001784","0.002529","0.00241"
"2.2.1.2.4. 투입산출표 수입유발계수표(생산자가격, 대분류)","운송장비","금융 및 보험 서비스","","원자료","0.000712","0.000698","0.000621","0.001033"
"2.2.1.2.4. 투입산출표 수입유발계수표(생산자가격, 대분류)","운송장비","부동산서비스","","원자료","0.000203","0.000156","0.000174","0.000207"
"2.2.1.2.4. 투입산출표 수입유발계수표(생산자가격, 대분류)","운송장비","전문, 과학 및 기술 서비스","","원자료","0.01546","0.013732","0.015","0.017253"
"2.2.1.2.4. 투입산출표 수입유발계수표(생산자가격, 대분류)","운송장비","사업지원서비스","","원자료","0.00783","0.007125","0.006698","0.007489"
"2.2.1.2.4. 투입산출표 수입유발계수표(생산자가격, 대분류)","운송장비","공공행정, 국방 및 사회보장","","원자료","0.000065","0.000039","0.000049","0.000085"
"2.2.1.2.4. 투입산출표 수입유발계수표(생산자가격, 대분류)","운송장비","교육서비스","","원자료","0.000001","0.000001","0.000001","0.000001"
"2.2.1.2.4. 투입산출표 수입유발계수표(생산자가격, 대분류)","운송장비","보건 및 사회복지 서비스","","원자료","0","0","0","0"
"2.2.1.2.4. 투입산출표 수입유발계수표(생산자가격, 대분류)","운송장비","예술, 스포츠 및 여가 관련 서비스","","원자료","0.000048","0.000037","0.000082","0.000055"
"2.2.1.2.4. 투입산출표 수입유발계수표(생산자가격, 대분류)","운송장비","기타 서비스","","원자료","0.000312","0.000525","0.000381","0.000363"
"2.2.1.2.4. 투입산출표 수입유발계수표(생산자가격, 대분류)","운송장비","기타","","원자료","0","0","0","0"
"2.2.1.2.4. 투입산출표 수입유발계수표(생산자가격, 대분류)","운송장비","열합","","원자료","0.30276","0.358247","0.390325","0.360538"
"2.2.1.2.4. 투입산출표 수입유발계수표(생산자가격, 대분류)","기타 제조업 제품","농림수산품","","원자료","0.002013","0.002141","0.002623","0.001952"
"2.2.1.2.4. 투입산출표 수입유발계수표(생산자가격, 대분류)","기타 제조업 제품","광산품","","원자료","0.034652","0.042989","0.057174","0.049998"
"2.2.1.2.4. 투입산출표 수입유발계수표(생산자가격, 대분류)","기타 제조업 제품","음식료품","","원자료","0.002513","0.0031","0.005618","0.003725"
"2.2.1.2.4. 투입산출표 수입유발계수표(생산자가격, 대분류)","기타 제조업 제품","섬유 및 가죽제품","","원자료","0.02362","0.033383","0.033666","0.022853"
"2.2.1.2.4. 투입산출표 수입유발계수표(생산자가격, 대분류)","기타 제조업 제품","목재 및 종이, 인쇄","","원자료","0.025599","0.030779","0.029886","0.024448"
"2.2.1.2.4. 투입산출표 수입유발계수표(생산자가격, 대분류)","기타 제조업 제품","석탄 및 석유제품","","원자료","0.009728","0.013525","0.015522","0.01482"
"2.2.1.2.4. 투입산출표 수입유발계수표(생산자가격, 대분류)","기타 제조업 제품","화학제품","","원자료","0.039965","0.042474","0.04652","0.043647"
"2.2.1.2.4. 투입산출표 수입유발계수표(생산자가격, 대분류)","기타 제조업 제품","비금속광물제품","","원자료","0.003734","0.003803","0.004178","0.003464"
"2.2.1.2.4. 투입산출표 수입유발계수표(생산자가격, 대분류)","기타 제조업 제품","1차 금속제품","","원자료","0.024601","0.031633","0.029262","0.025915"
"2.2.1.2.4. 투입산출표 수입유발계수표(생산자가격, 대분류)","기타 제조업 제품","금속가공제품","","원자료","0.008305","0.00843","0.008475","0.007978"
"2.2.1.2.4. 투입산출표 수입유발계수표(생산자가격, 대분류)","기타 제조업 제품","컴퓨터, 전자 및 광학기기","","원자료","0.006751","0.005769","0.006359","0.007256"
"2.2.1.2.4. 투입산출표 수입유발계수표(생산자가격, 대분류)","기타 제조업 제품","전기장비","","원자료","0.002634","0.002978","0.003758","0.004128"
"2.2.1.2.4. 투입산출표 수입유발계수표(생산자가격, 대분류)","기타 제조업 제품","기계 및 장비","","원자료","0.0025","0.002499","0.002336","0.002379"
"2.2.1.2.4. 투입산출표 수입유발계수표(생산자가격, 대분류)","기타 제조업 제품","운송장비","","원자료","0.001133","0.001034","0.001535","0.001976"
"2.2.1.2.4. 투입산출표 수입유발계수표(생산자가격, 대분류)","기타 제조업 제품","기타 제조업 제품","","원자료","0.032991","0.039807","0.041769","0.038028"
"2.2.1.2.4. 투입산출표 수입유발계수표(생산자가격, 대분류)","기타 제조업 제품","제조임가공 및 산업용 장비 수리","","원자료","0.014567","0.015571","0.017957","0.011703"
"2.2.1.2.4. 투입산출표 수입유발계수표(생산자가격, 대분류)","기타 제조업 제품","전력, 가스 및 증기","","원자료","0.000003","0.000002","0.000002","0.000002"
"2.2.1.2.4. 투입산출표 수입유발계수표(생산자가격, 대분류)","기타 제조업 제품","수도, 폐기물처리 및 재활용서비스","","원자료","0.000004","0","0.000007","0.00002"
"2.2.1.2.4. 투입산출표 수입유발계수표(생산자가격, 대분류)","기타 제조업 제품","건설","","원자료","0","0","0","0"
"2.2.1.2.4. 투입산출표 수입유발계수표(생산자가격, 대분류)","기타 제조업 제품","도소매 및 상품중개서비스","","원자료","0.001891","0.002068","0.002301","0.001899"
"2.2.1.2.4. 투입산출표 수입유발계수표(생산자가격, 대분류)","기타 제조업 제품","운송서비스","","원자료","0.006339","0.006238","0.007005","0.007715"
"2.2.1.2.4. 투입산출표 수입유발계수표(생산자가격, 대분류)","기타 제조업 제품","음식점 및 숙박서비스","","원자료","0.001459","0.002278","0.002416","0.001249"
"2.2.1.2.4. 투입산출표 수입유발계수표(생산자가격, 대분류)","기타 제조업 제품","정보통신 및 방송 서비스","","원자료","0.001362","0.00174","0.002506","0.002571"
"2.2.1.2.4. 투입산출표 수입유발계수표(생산자가격, 대분류)","기타 제조업 제품","금융 및 보험 서비스","","원자료","0.000783","0.000695","0.00061","0.001117"
"2.2.1.2.4. 투입산출표 수입유발계수표(생산자가격, 대분류)","기타 제조업 제품","부동산서비스","","원자료","0.000125","0.000097","0.000108","0.000132"
"2.2.1.2.4. 투입산출표 수입유발계수표(생산자가격, 대분류)","기타 제조업 제품","전문, 과학 및 기술 서비스","","원자료","0.006341","0.005743","0.006466","0.008056"
"2.2.1.2.4. 투입산출표 수입유발계수표(생산자가격, 대분류)","기타 제조업 제품","사업지원서비스","","원자료","0.005133","0.005241","0.005132","0.005904"
"2.2.1.2.4. 투입산출표 수입유발계수표(생산자가격, 대분류)","기타 제조업 제품","공공행정, 국방 및 사회보장","","원자료","0.000094","0.000059","0.000075","0.000141"
"2.2.1.2.4. 투입산출표 수입유발계수표(생산자가격, 대분류)","기타 제조업 제품","교육서비스","","원자료","0.000001","0.000001","0.000001","0.000001"
"2.2.1.2.4. 투입산출표 수입유발계수표(생산자가격, 대분류)","기타 제조업 제품","보건 및 사회복지 서비스","","원자료","0","0","0","0"
"2.2.1.2.4. 투입산출표 수입유발계수표(생산자가격, 대분류)","기타 제조업 제품","예술, 스포츠 및 여가 관련 서비스","","원자료","0.000059","0.000042","0.000109","0.000082"
"2.2.1.2.4. 투입산출표 수입유발계수표(생산자가격, 대분류)","기타 제조업 제품","기타 서비스","","원자료","0.000274","0.000576","0.000378","0.000357"
"2.2.1.2.4. 투입산출표 수입유발계수표(생산자가격, 대분류)","기타 제조업 제품","기타","","원자료","0","0","0","0"
"2.2.1.2.4. 투입산출표 수입유발계수표(생산자가격, 대분류)","기타 제조업 제품","열합","","원자료","0.259176","0.304693","0.333753","0.293513"
"2.2.1.2.4. 투입산출표 수입유발계수표(생산자가격, 대분류)","제조임가공 및 산업용 장비 수리","농림수산품","","원자료","0.001581","0.001677","0.002372","0.002093"
"2.2.1.2.4. 투입산출표 수입유발계수표(생산자가격, 대분류)","제조임가공 및 산업용 장비 수리","광산품","","원자료","0.01965","0.027701","0.040968","0.032742"
"2.2.1.2.4. 투입산출표 수입유발계수표(생산자가격, 대분류)","제조임가공 및 산업용 장비 수리","음식료품","","원자료","0.003318","0.00388","0.005456","0.004874"
"2.2.1.2.4. 투입산출표 수입유발계수표(생산자가격, 대분류)","제조임가공 및 산업용 장비 수리","섬유 및 가죽제품","","원자료","0.009624","0.011245","0.011519","0.00968"
"2.2.1.2.4. 투입산출표 수입유발계수표(생산자가격, 대분류)","제조임가공 및 산업용 장비 수리","목재 및 종이, 인쇄","","원자료","0.001571","0.001858","0.002058","0.001733"
"2.2.1.2.4. 투입산출표 수입유발계수표(생산자가격, 대분류)","제조임가공 및 산업용 장비 수리","석탄 및 석유제품","","원자료","0.007178","0.010933","0.011281","0.010147"
"2.2.1.2.4. 투입산출표 수입유발계수표(생산자가격, 대분류)","제조임가공 및 산업용 장비 수리","화학제품","","원자료","0.012809","0.014514","0.016895","0.016257"
"2.2.1.2.4. 투입산출표 수입유발계수표(생산자가격, 대분류)","제조임가공 및 산업용 장비 수리","비금속광물제품","","원자료","0.001801","0.001933","0.002059","0.001661"
"2.2.1.2.4. 투입산출표 수입유발계수표(생산자가격, 대분류)","제조임가공 및 산업용 장비 수리","1차 금속제품","","원자료","0.007639","0.011405","0.011473","0.009554"
"2.2.1.2.4. 투입산출표 수입유발계수표(생산자가격, 대분류)","제조임가공 및 산업용 장비 수리","금속가공제품","","원자료","0.003617","0.003806","0.0037","0.003367"
"2.2.1.2.4. 투입산출표 수입유발계수표(생산자가격, 대분류)","제조임가공 및 산업용 장비 수리","컴퓨터, 전자 및 광학기기","","원자료","0.013587","0.012987","0.014074","0.014622"
"2.2.1.2.4. 투입산출표 수입유발계수표(생산자가격, 대분류)","제조임가공 및 산업용 장비 수리","전기장비","","원자료","0.005439","0.006674","0.007846","0.008085"
"2.2.1.2.4. 투입산출표 수입유발계수표(생산자가격, 대분류)","제조임가공 및 산업용 장비 수리","기계 및 장비","","원자료","0.011282","0.012737","0.010357","0.008798"
"2.2.1.2.4. 투입산출표 수입유발계수표(생산자가격, 대분류)","제조임가공 및 산업용 장비 수리","운송장비","","원자료","0.002165","0.002192","0.002582","0.00284"
"2.2.1.2.4. 투입산출표 수입유발계수표(생산자가격, 대분류)","제조임가공 및 산업용 장비 수리","기타 제조업 제품","","원자료","0.000867","0.000959","0.000995","0.000812"
"2.2.1.2.4. 투입산출표 수입유발계수표(생산자가격, 대분류)","제조임가공 및 산업용 장비 수리","제조임가공 및 산업용 장비 수리","","원자료","0.004313","0.004078","0.00452","0.004039"
"2.2.1.2.4. 투입산출표 수입유발계수표(생산자가격, 대분류)","제조임가공 및 산업용 장비 수리","전력, 가스 및 증기","","원자료","0.000004","0.000004","0.000005","0.000005"
"2.2.1.2.4. 투입산출표 수입유발계수표(생산자가격, 대분류)","제조임가공 및 산업용 장비 수리","수도, 폐기물처리 및 재활용서비스","","원자료","0.000003","0.000001","0.000007","0.000017"
"2.2.1.2.4. 투입산출표 수입유발계수표(생산자가격, 대분류)","제조임가공 및 산업용 장비 수리","건설","","원자료","0","0","0","0"
"2.2.1.2.4. 투입산출표 수입유발계수표(생산자가격, 대분류)","제조임가공 및 산업용 장비 수리","도소매 및 상품중개서비스","","원자료","0.000855","0.000945","0.001088","0.000887"
"2.2.1.2.4. 투입산출표 수입유발계수표(생산자가격, 대분류)","제조임가공 및 산업용 장비 수리","운송서비스","","원자료","0.003922","0.00381","0.004117","0.004408"
"2.2.1.2.4. 투입산출표 수입유발계수표(생산자가격, 대분류)","제조임가공 및 산업용 장비 수리","음식점 및 숙박서비스","","원자료","0.001656","0.002715","0.002894","0.001412"
"2.2.1.2.4. 투입산출표 수입유발계수표(생산자가격, 대분류)","제조임가공 및 산업용 장비 수리","정보통신 및 방송 서비스","","원자료","0.001353","0.001782","0.002873","0.002938"
"2.2.1.2.4. 투입산출표 수입유발계수표(생산자가격, 대분류)","제조임가공 및 산업용 장비 수리","금융 및 보험 서비스","","원자료","0.000584","0.000508","0.000486","0.000843"
"2.2.1.2.4. 투입산출표 수입유발계수표(생산자가격, 대분류)","제조임가공 및 산업용 장비 수리","부동산서비스","","원자료","0.00008","0.000066","0.00008","0.000098"
"2.2.1.2.4. 투입산출표 수입유발계수표(생산자가격, 대분류)","제조임가공 및 산업용 장비 수리","전문, 과학 및 기술 서비스","","원자료","0.003597","0.003381","0.00387","0.004731"
"2.2.1.2.4. 투입산출표 수입유발계수표(생산자가격, 대분류)","제조임가공 및 산업용 장비 수리","사업지원서비스","","원자료","0.005362","0.005423","0.005452","0.006132"
"2.2.1.2.4. 투입산출표 수입유발계수표(생산자가격, 대분류)","제조임가공 및 산업용 장비 수리","공공행정, 국방 및 사회보장","","원자료","0.000071","0.000048","0.000058","0.00009"
"2.2.1.2.4. 투입산출표 수입유발계수표(생산자가격, 대분류)","제조임가공 및 산업용 장비 수리","교육서비스","","원자료","0.000002","0.000001","0.000002","0.000002"
"2.2.1.2.4. 투입산출표 수입유발계수표(생산자가격, 대분류)","제조임가공 및 산업용 장비 수리","보건 및 사회복지 서비스","","원자료","0","0","0","0"
"2.2.1.2.4. 투입산출표 수입유발계수표(생산자가격, 대분류)","제조임가공 및 산업용 장비 수리","예술, 스포츠 및 여가 관련 서비스","","원자료","0.00005","0.000046","0.000102","0.000077"
"2.2.1.2.4. 투입산출표 수입유발계수표(생산자가격, 대분류)","제조임가공 및 산업용 장비 수리","기타 서비스","","원자료","0.000296","0.000655","0.000442","0.000397"
"2.2.1.2.4. 투입산출표 수입유발계수표(생산자가격, 대분류)","제조임가공 및 산업용 장비 수리","기타","","원자료","0","0","0","0"
"2.2.1.2.4. 투입산출표 수입유발계수표(생산자가격, 대분류)","제조임가공 및 산업용 장비 수리","열합","","원자료","0.124277","0.147963","0.169629","0.15334"
"2.2.1.2.4. 투입산출표 수입유발계수표(생산자가격, 대분류)","전력, 가스 및 증기","농림수산품","","원자료","0.000503","0.000648","0.001054","0.000964"
"2.2.1.2.4. 투입산출표 수입유발계수표(생산자가격, 대분류)","전력, 가스 및 증기","광산품","","원자료","0.373846","0.509243","0.779786","0.564804"
"2.2.1.2.4. 투입산출표 수입유발계수표(생산자가격, 대분류)","전력, 가스 및 증기","음식료품","","원자료","0.003522","0.004497","0.00642","0.005927"
"2.2.1.2.4. 투입산출표 수입유발계수표(생산자가격, 대분류)","전력, 가스 및 증기","섬유 및 가죽제품","","원자료","0.000714","0.000646","0.000554","0.000527"
"2.2.1.2.4. 투입산출표 수입유발계수표(생산자가격, 대분류)","전력, 가스 및 증기","목재 및 종이, 인쇄","","원자료","0.003572","0.004455","0.004282","0.003663"
"2.2.1.2.4. 투입산출표 수입유발계수표(생산자가격, 대분류)","전력, 가스 및 증기","석탄 및 석유제품","","원자료","0.012321","0.017052","0.012975","0.016589"
"2.2.1.2.4. 투입산출표 수입유발계수표(생산자가격, 대분류)","전력, 가스 및 증기","화학제품","","원자료","0.007118","0.005783","0.004956","0.00698"
"2.2.1.2.4. 투입산출표 수입유발계수표(생산자가격, 대분류)","전력, 가스 및 증기","비금속광물제품","","원자료","0.000531","0.000465","0.000349","0.000351"
"2.2.1.2.4. 투입산출표 수입유발계수표(생산자가격, 대분류)","전력, 가스 및 증기","1차 금속제품","","원자료","0.003713","0.004809","0.003493","0.003095"
"2.2.1.2.4. 투입산출표 수입유발계수표(생산자가격, 대분류)","전력, 가스 및 증기","금속가공제품","","원자료","0.001494","0.001544","0.000998","0.001048"
"2.2.1.2.4. 투입산출표 수입유발계수표(생산자가격, 대분류)","전력, 가스 및 증기","컴퓨터, 전자 및 광학기기","","원자료","0.006283","0.006012","0.004559","0.005219"
"2.2.1.2.4. 투입산출표 수입유발계수표(생산자가격, 대분류)","전력, 가스 및 증기","전기장비","","원자료","0.005585","0.007181","0.005822","0.005903"
"2.2.1.2.4. 투입산출표 수입유발계수표(생산자가격, 대분류)","전력, 가스 및 증기","기계 및 장비","","원자료","0.004805","0.004929","0.003294","0.003316"
"2.2.1.2.4. 투입산출표 수입유발계수표(생산자가격, 대분류)","전력, 가스 및 증기","운송장비","","원자료","0.000361","0.000283","0.000416","0.000452"
"2.2.1.2.4. 투입산출표 수입유발계수표(생산자가격, 대분류)","전력, 가스 및 증기","기타 제조업 제품","","원자료","0.000155","0.000151","0.000125","0.000122"
"2.2.1.2.4. 투입산출표 수입유발계수표(생산자가격, 대분류)","전력, 가스 및 증기","제조임가공 및 산업용 장비 수리","","원자료","0.000809","0.00063","0.00051","0.000618"
"2.2.1.2.4. 투입산출표 수입유발계수표(생산자가격, 대분류)","전력, 가스 및 증기","전력, 가스 및 증기","","원자료","0.000002","0.000001","0.000001","0.000001"
"2.2.1.2.4. 투입산출표 수입유발계수표(생산자가격, 대분류)","전력, 가스 및 증기","수도, 폐기물처리 및 재활용서비스","","원자료","0.000005","0.000001","0.000005","0.000018"
"2.2.1.2.4. 투입산출표 수입유발계수표(생산자가격, 대분류)","전력, 가스 및 증기","건설","","원자료","0","0","0","0"
"2.2.1.2.4. 투입산출표 수입유발계수표(생산자가격, 대분류)","전력, 가스 및 증기","도소매 및 상품중개서비스","","원자료","0.001126","0.001191","0.001365","0.001158"
"2.2.1.2.4. 투입산출표 수입유발계수표(생산자가격, 대분류)","전력, 가스 및 증기","운송서비스","","원자료","0.001641","0.001382","0.001644","0.001564"
"2.2.1.2.4. 투입산출표 수입유발계수표(생산자가격, 대분류)","전력, 가스 및 증기","음식점 및 숙박서비스","","원자료","0.000566","0.000827","0.000813","0.000405"
"2.2.1.2.4. 투입산출표 수입유발계수표(생산자가격, 대분류)","전력, 가스 및 증기","정보통신 및 방송 서비스","","원자료","0.000642","0.000786","0.001037","0.001085"
"2.2.1.2.4. 투입산출표 수입유발계수표(생산자가격, 대분류)","전력, 가스 및 증기","금융 및 보험 서비스","","원자료","0.000356","0.00042","0.000302","0.000526"
"2.2.1.2.4. 투입산출표 수입유발계수표(생산자가격, 대분류)","전력, 가스 및 증기","부동산서비스","","원자료","0.000041","0.00003","0.000035","0.000041"
"2.2.1.2.4. 투입산출표 수입유발계수표(생산자가격, 대분류)","전력, 가스 및 증기","전문, 과학 및 기술 서비스","","원자료","0.002675","0.002203","0.002165","0.002821"
"2.2.1.2.4. 투입산출표 수입유발계수표(생산자가격, 대분류)","전력, 가스 및 증기","사업지원서비스","","원자료","0.002735","0.002397","0.002134","0.002461"
"2.2.1.2.4. 투입산출표 수입유발계수표(생산자가격, 대분류)","전력, 가스 및 증기","공공행정, 국방 및 사회보장","","원자료","0.000026","0.000015","0.00002","0.000031"
"2.2.1.2.4. 투입산출표 수입유발계수표(생산자가격, 대분류)","전력, 가스 및 증기","교육서비스","","원자료","0","0","0","0"
"2.2.1.2.4. 투입산출표 수입유발계수표(생산자가격, 대분류)","전력, 가스 및 증기","보건 및 사회복지 서비스","","원자료","0","0","0","0"
"2.2.1.2.4. 투입산출표 수입유발계수표(생산자가격, 대분류)","전력, 가스 및 증기","예술, 스포츠 및 여가 관련 서비스","","원자료","0.000022","0.000016","0.000032","0.000024"
"2.2.1.2.4. 투입산출표 수입유발계수표(생산자가격, 대분류)","전력, 가스 및 증기","기타 서비스","","원자료","0.000151","0.000321","0.000206","0.000191"
"2.2.1.2.4. 투입산출표 수입유발계수표(생산자가격, 대분류)","전력, 가스 및 증기","기타","","원자료","0","0","0","0"
"2.2.1.2.4. 투입산출표 수입유발계수표(생산자가격, 대분류)","전력, 가스 및 증기","열합","","원자료","0.435321","0.577919","0.839353","0.629903"
"2.2.1.2.4. 투입산출표 수입유발계수표(생산자가격, 대분류)","수도, 폐기물처리 및 재활용서비스","농림수산품","","원자료","0.000994","0.001065","0.001388","0.001257"
"2.2.1.2.4. 투입산출표 수입유발계수표(생산자가격, 대분류)","수도, 폐기물처리 및 재활용서비스","광산품","","원자료","0.030303","0.037884","0.061275","0.048682"
"2.2.1.2.4. 투입산출표 수입유발계수표(생산자가격, 대분류)","수도, 폐기물처리 및 재활용서비스","음식료품","","원자료","0.002288","0.002611","0.003214","0.003085"
"2.2.1.2.4. 투입산출표 수입유발계수표(생산자가격, 대분류)","수도, 폐기물처리 및 재활용서비스","섬유 및 가죽제품","","원자료","0.003856","0.003835","0.003834","0.003265"
"2.2.1.2.4. 투입산출표 수입유발계수표(생산자가격, 대분류)","수도, 폐기물처리 및 재활용서비스","목재 및 종이, 인쇄","","원자료","0.001147","0.001278","0.001391","0.001191"
"2.2.1.2.4. 투입산출표 수입유발계수표(생산자가격, 대분류)","수도, 폐기물처리 및 재활용서비스","석탄 및 석유제품","","원자료","0.007692","0.011182","0.012912","0.011838"
"2.2.1.2.4. 투입산출표 수입유발계수표(생산자가격, 대분류)","수도, 폐기물처리 및 재활용서비스","화학제품","","원자료","0.015962","0.01803","0.0214","0.023015"
"2.2.1.2.4. 투입산출표 수입유발계수표(생산자가격, 대분류)","수도, 폐기물처리 및 재활용서비스","비금속광물제품","","원자료","0.000995","0.001092","0.001151","0.000991"
"2.2.1.2.4. 투입산출표 수입유발계수표(생산자가격, 대분류)","수도, 폐기물처리 및 재활용서비스","1차 금속제품","","원자료","0.00591","0.008107","0.008333","0.007287"
"2.2.1.2.4. 투입산출표 수입유발계수표(생산자가격, 대분류)","수도, 폐기물처리 및 재활용서비스","금속가공제품","","원자료","0.001388","0.00144","0.001496","0.001573"
"2.2.1.2.4. 투입산출표 수입유발계수표(생산자가격, 대분류)","수도, 폐기물처리 및 재활용서비스","컴퓨터, 전자 및 광학기기","","원자료","0.008176","0.009","0.009546","0.010023"
"2.2.1.2.4. 투입산출표 수입유발계수표(생산자가격, 대분류)","수도, 폐기물처리 및 재활용서비스","전기장비","","원자료","0.003545","0.004574","0.005863","0.006132"
"2.2.1.2.4. 투입산출표 수입유발계수표(생산자가격, 대분류)","수도, 폐기물처리 및 재활용서비스","기계 및 장비","","원자료","0.005204","0.005854","0.006044","0.005672"
"2.2.1.2.4. 투입산출표 수입유발계수표(생산자가격, 대분류)","수도, 폐기물처리 및 재활용서비스","운송장비","","원자료","0.001991","0.001823","0.002518","0.003032"
"2.2.1.2.4. 투입산출표 수입유발계수표(생산자가격, 대분류)","수도, 폐기물처리 및 재활용서비스","기타 제조업 제품","","원자료","0.001019","0.00103","0.001048","0.000948"
"2.2.1.2.4. 투입산출표 수입유발계수표(생산자가격, 대분류)","수도, 폐기물처리 및 재활용서비스","제조임가공 및 산업용 장비 수리","","원자료","0.002028","0.001863","0.002012","0.00196"
"2.2.1.2.4. 투입산출표 수입유발계수표(생산자가격, 대분류)","수도, 폐기물처리 및 재활용서비스","전력, 가스 및 증기","","원자료","0.000002","0.000002","0.000002","0.000002"
"2.2.1.2.4. 투입산출표 수입유발계수표(생산자가격, 대분류)","수도, 폐기물처리 및 재활용서비스","수도, 폐기물처리 및 재활용서비스","","원자료","0.000031","0.000002","0.000052","0.000153"
"2.2.1.2.4. 투입산출표 수입유발계수표(생산자가격, 대분류)","수도, 폐기물처리 및 재활용서비스","건설","","원자료","0","0","0","0"
"2.2.1.2.4. 투입산출표 수입유발계수표(생산자가격, 대분류)","수도, 폐기물처리 및 재활용서비스","도소매 및 상품중개서비스","","원자료","0.000737","0.000831","0.001015","0.00083"
"2.2.1.2.4. 투입산출표 수입유발계수표(생산자가격, 대분류)","수도, 폐기물처리 및 재활용서비스","운송서비스","","원자료","0.009231","0.00935","0.010384","0.010952"
"2.2.1.2.4. 투입산출표 수입유발계수표(생산자가격, 대분류)","수도, 폐기물처리 및 재활용서비스","음식점 및 숙박서비스","","원자료","0.001858","0.0031","0.00321","0.001639"
"2.2.1.2.4. 투입산출표 수입유발계수표(생산자가격, 대분류)","수도, 폐기물처리 및 재활용서비스","정보통신 및 방송 서비스","","원자료","0.001984","0.002997","0.004445","0.004377"
"2.2.1.2.4. 투입산출표 수입유발계수표(생산자가격, 대분류)","수도, 폐기물처리 및 재활용서비스","금융 및 보험 서비스","","원자료","0.000846","0.000785","0.000659","0.001176"
"2.2.1.2.4. 투입산출표 수입유발계수표(생산자가격, 대분류)","수도, 폐기물처리 및 재활용서비스","부동산서비스","","원자료","0.000075","0.000065","0.000075","0.00009"
"2.2.1.2.4. 투입산출표 수입유발계수표(생산자가격, 대분류)","수도, 폐기물처리 및 재활용서비스","전문, 과학 및 기술 서비스","","원자료","0.004717","0.004662","0.005206","0.006176"
"2.2.1.2.4. 투입산출표 수입유발계수표(생산자가격, 대분류)","수도, 폐기물처리 및 재활용서비스","사업지원서비스","","원자료","0.009381","0.010971","0.010242","0.011223"
"2.2.1.2.4. 투입산출표 수입유발계수표(생산자가격, 대분류)","수도, 폐기물처리 및 재활용서비스","공공행정, 국방 및 사회보장","","원자료","0.000126","0.000077","0.0001","0.000184"
"2.2.1.2.4. 투입산출표 수입유발계수표(생산자가격, 대분류)","수도, 폐기물처리 및 재활용서비스","교육서비스","","원자료","0.000001","0.000001","0.000001","0.000001"
"2.2.1.2.4. 투입산출표 수입유발계수표(생산자가격, 대분류)","수도, 폐기물처리 및 재활용서비스","보건 및 사회복지 서비스","","원자료","0","0","0","0"
"2.2.1.2.4. 투입산출표 수입유발계수표(생산자가격, 대분류)","수도, 폐기물처리 및 재활용서비스","예술, 스포츠 및 여가 관련 서비스","","원자료","0.000069","0.000063","0.000148","0.000099"
"2.2.1.2.4. 투입산출표 수입유발계수표(생산자가격, 대분류)","수도, 폐기물처리 및 재활용서비스","기타 서비스","","원자료","0.000305","0.000715","0.000456","0.000426"
"2.2.1.2.4. 투입산출표 수입유발계수표(생산자가격, 대분류)","수도, 폐기물처리 및 재활용서비스","기타","","원자료","0","0","0","0"
"2.2.1.2.4. 투입산출표 수입유발계수표(생산자가격, 대분류)","수도, 폐기물처리 및 재활용서비스","열합","","원자료","0.121863","0.144291","0.179419","0.167275"
"2.2.1.2.4. 투입산출표 수입유발계수표(생산자가격, 대분류)","건설","농림수산품","","원자료","0.001008","0.001062","0.00126","0.001076"
"2.2.1.2.4. 투입산출표 수입유발계수표(생산자가격, 대분류)","건설","광산품","","원자료","0.040511","0.051468","0.074856","0.059653"
"2.2.1.2.4. 투입산출표 수입유발계수표(생산자가격, 대분류)","건설","음식료품","","원자료","0.001475","0.00151","0.001907","0.001894"
"2.2.1.2.4. 투입산출표 수입유발계수표(생산자가격, 대분류)","건설","섬유 및 가죽제품","","원자료","0.001909","0.002019","0.002048","0.001761"
"2.2.1.2.4. 투입산출표 수입유발계수표(생산자가격, 대분류)","건설","목재 및 종이, 인쇄","","원자료","0.006348","0.007306","0.007545","0.006083"
"2.2.1.2.4. 투입산출표 수입유발계수표(생산자가격, 대분류)","건설","석탄 및 석유제품","","원자료","0.006353","0.008914","0.010103","0.009106"
"2.2.1.2.4. 투입산출표 수입유발계수표(생산자가격, 대분류)","건설","화학제품","","원자료","0.0162","0.017157","0.02001","0.020215"
"2.2.1.2.4. 투입산출표 수입유발계수표(생산자가격, 대분류)","건설","비금속광물제품","","원자료","0.010323","0.012178","0.011773","0.009934"
"2.2.1.2.4. 투입산출표 수입유발계수표(생산자가격, 대분류)","건설","1차 금속제품","","원자료","0.023201","0.033873","0.034715","0.02952"
"2.2.1.2.4. 투입산출표 수입유발계수표(생산자가격, 대분류)","건설","금속가공제품","","원자료","0.004094","0.004404","0.004589","0.004648"
"2.2.1.2.4. 투입산출표 수입유발계수표(생산자가격, 대분류)","건설","컴퓨터, 전자 및 광학기기","","원자료","0.008476","0.008709","0.008301","0.008958"
"2.2.1.2.4. 투입산출표 수입유발계수표(생산자가격, 대분류)","건설","전기장비","","원자료","0.010354","0.012095","0.012222","0.012071"
"2.2.1.2.4. 투입산출표 수입유발계수표(생산자가격, 대분류)","건설","기계 및 장비","","원자료","0.00872","0.009786","0.010009","0.009412"
"2.2.1.2.4. 투입산출표 수입유발계수표(생산자가격, 대분류)","건설","운송장비","","원자료","0.000824","0.000731","0.001024","0.001339"
"2.2.1.2.4. 투입산출표 수입유발계수표(생산자가격, 대분류)","건설","기타 제조업 제품","","원자료","0.000987","0.001247","0.000986","0.000806"
"2.2.1.2.4. 투입산출표 수입유발계수표(생산자가격, 대분류)","건설","제조임가공 및 산업용 장비 수리","","원자료","0.001726","0.001478","0.001598","0.001661"
"2.2.1.2.4. 투입산출표 수입유발계수표(생산자가격, 대분류)","건설","전력, 가스 및 증기","","원자료","0.000002","0.000001","0.000001","0.000001"
"2.2.1.2.4. 투입산출표 수입유발계수표(생산자가격, 대분류)","건설","수도, 폐기물처리 및 재활용서비스","","원자료","0.000003","0","0.000006","0.000016"
"2.2.1.2.4. 투입산출표 수입유발계수표(생산자가격, 대분류)","건설","건설","","원자료","0","0","0","0"
"2.2.1.2.4. 투입산출표 수입유발계수표(생산자가격, 대분류)","건설","도소매 및 상품중개서비스","","원자료","0.001062","0.001172","0.001387","0.001151"
"2.2.1.2.4. 투입산출표 수입유발계수표(생산자가격, 대분류)","건설","운송서비스","","원자료","0.004254","0.004008","0.00443","0.005014"
"2.2.1.2.4. 투입산출표 수입유발계수표(생산자가격, 대분류)","건설","음식점 및 숙박서비스","","원자료","0.001171","0.001835","0.001909","0.000982"
"2.2.1.2.4. 투입산출표 수입유발계수표(생산자가격, 대분류)","건설","정보통신 및 방송 서비스","","원자료","0.001249","0.001674","0.002207","0.002202"
"2.2.1.2.4. 투입산출표 수입유발계수표(생산자가격, 대분류)","건설","금융 및 보험 서비스","","원자료","0.000845","0.000769","0.000723","0.001251"
"2.2.1.2.4. 투입산출표 수입유발계수표(생산자가격, 대분류)","건설","부동산서비스","","원자료","0.000085","0.000064","0.000073","0.000092"
"2.2.1.2.4. 투입산출표 수입유발계수표(생산자가격, 대분류)","건설","전문, 과학 및 기술 서비스","","원자료","0.007648","0.00712","0.008017","0.009581"
"2.2.1.2.4. 투입산출표 수입유발계수표(생산자가격, 대분류)","건설","사업지원서비스","","원자료","0.004617","0.004425","0.004319","0.005047"
"2.2.1.2.4. 투입산출표 수입유발계수표(생산자가격, 대분류)","건설","공공행정, 국방 및 사회보장","","원자료","0.000064","0.000037","0.000048","0.000091"
"2.2.1.2.4. 투입산출표 수입유발계수표(생산자가격, 대분류)","건설","교육서비스","","원자료","0.000001","0","0","0"
"2.2.1.2.4. 투입산출표 수입유발계수표(생산자가격, 대분류)","건설","보건 및 사회복지 서비스","","원자료","0","0","0","0"
"2.2.1.2.4. 투입산출표 수입유발계수표(생산자가격, 대분류)","건설","예술, 스포츠 및 여가 관련 서비스","","원자료","0.000052","0.000038","0.000088","0.000064"
"2.2.1.2.4. 투입산출표 수입유발계수표(생산자가격, 대분류)","건설","기타 서비스","","원자료","0.000222","0.000466","0.000311","0.000296"
"2.2.1.2.4. 투입산출표 수입유발계수표(생산자가격, 대분류)","건설","기타","","원자료","0","0","0","0"
"2.2.1.2.4. 투입산출표 수입유발계수표(생산자가격, 대분류)","건설","열합","","원자료","0.163787","0.195547","0.226465","0.203928"
"2.2.1.2.4. 투입산출표 수입유발계수표(생산자가격, 대분류)","도소매 및 상품중개서비스","농림수산품","","원자료","0.001538","0.001645","0.002141","0.001851"
"2.2.1.2.4. 투입산출표 수입유발계수표(생산자가격, 대분류)","도소매 및 상품중개서비스","광산품","","원자료","0.02246","0.029536","0.045477","0.03576"
"2.2.1.2.4. 투입산출표 수입유발계수표(생산자가격, 대분류)","도소매 및 상품중개서비스","음식료품","","원자료","0.003804","0.004106","0.004751","0.004544"
"2.2.1.2.4. 투입산출표 수입유발계수표(생산자가격, 대분류)","도소매 및 상품중개서비스","섬유 및 가죽제품","","원자료","0.003217","0.00329","0.003053","0.003064"
"2.2.1.2.4. 투입산출표 수입유발계수표(생산자가격, 대분류)","도소매 및 상품중개서비스","목재 및 종이, 인쇄","","원자료","0.002511","0.002874","0.003019","0.002409"
"2.2.1.2.4. 투입산출표 수입유발계수표(생산자가격, 대분류)","도소매 및 상품중개서비스","석탄 및 석유제품","","원자료","0.006476","0.009324","0.010573","0.009239"
"2.2.1.2.4. 투입산출표 수입유발계수표(생산자가격, 대분류)","도소매 및 상품중개서비스","화학제품","","원자료","0.007694","0.008543","0.009107","0.008493"
"2.2.1.2.4. 투입산출표 수입유발계수표(생산자가격, 대분류)","도소매 및 상품중개서비스","비금속광물제품","","원자료","0.00045","0.000483","0.0005","0.000424"
"2.2.1.2.4. 투입산출표 수입유발계수표(생산자가격, 대분류)","도소매 및 상품중개서비스","1차 금속제품","","원자료","0.002094","0.002939","0.002862","0.002297"
"2.2.1.2.4. 투입산출표 수입유발계수표(생산자가격, 대분류)","도소매 및 상품중개서비스","금속가공제품","","원자료","0.000878","0.000896","0.000936","0.000932"
"2.2.1.2.4. 투입산출표 수입유발계수표(생산자가격, 대분류)","도소매 및 상품중개서비스","컴퓨터, 전자 및 광학기기","","원자료","0.00616","0.006399","0.006287","0.006518"
"2.2.1.2.4. 투입산출표 수입유발계수표(생산자가격, 대분류)","도소매 및 상품중개서비스","전기장비","","원자료","0.001574","0.001936","0.002391","0.002458"
"2.2.1.2.4. 투입산출표 수입유발계수표(생산자가격, 대분류)","도소매 및 상품중개서비스","기계 및 장비","","원자료","0.001352","0.001465","0.001417","0.001321"
"2.2.1.2.4. 투입산출표 수입유발계수표(생산자가격, 대분류)","도소매 및 상품중개서비스","운송장비","","원자료","0.001265","0.001163","0.00177","0.002333"
"2.2.1.2.4. 투입산출표 수입유발계수표(생산자가격, 대분류)","도소매 및 상품중개서비스","기타 제조업 제품","","원자료","0.000665","0.000745","0.000657","0.000563"
"2.2.1.2.4. 투입산출표 수입유발계수표(생산자가격, 대분류)","도소매 및 상품중개서비스","제조임가공 및 산업용 장비 수리","","원자료","0.001352","0.001058","0.001091","0.001044"
"2.2.1.2.4. 투입산출표 수입유발계수표(생산자가격, 대분류)","도소매 및 상품중개서비스","전력, 가스 및 증기","","원자료","0.000003","0.000002","0.000002","0.000002"
"2.2.1.2.4. 투입산출표 수입유발계수표(생산자가격, 대분류)","도소매 및 상품중개서비스","수도, 폐기물처리 및 재활용서비스","","원자료","0.000004","0.000001","0.000008","0.000021"
"2.2.1.2.4. 투입산출표 수입유발계수표(생산자가격, 대분류)","도소매 및 상품중개서비스","건설","","원자료","0","0","0","0"
"2.2.1.2.4. 투입산출표 수입유발계수표(생산자가격, 대분류)","도소매 및 상품중개서비스","도소매 및 상품중개서비스","","원자료","0.000736","0.00081","0.00097","0.000767"
"2.2.1.2.4. 투입산출표 수입유발계수표(생산자가격, 대분류)","도소매 및 상품중개서비스","운송서비스","","원자료","0.009029","0.009308","0.010768","0.011574"
"2.2.1.2.4. 투입산출표 수입유발계수표(생산자가격, 대분류)","도소매 및 상품중개서비스","음식점 및 숙박서비스","","원자료","0.002768","0.004355","0.004618","0.002252"
"2.2.1.2.4. 투입산출표 수입유발계수표(생산자가격, 대분류)","도소매 및 상품중개서비스","정보통신 및 방송 서비스","","원자료","0.002467","0.003098","0.004556","0.004476"
"2.2.1.2.4. 투입산출표 수입유발계수표(생산자가격, 대분류)","도소매 및 상품중개서비스","금융 및 보험 서비스","","원자료","0.001177","0.00104","0.000944","0.00163"
"2.2.1.2.4. 투입산출표 수입유발계수표(생산자가격, 대분류)","도소매 및 상품중개서비스","부동산서비스","","원자료","0.000589","0.000457","0.000533","0.000616"
"2.2.1.2.4. 투입산출표 수입유발계수표(생산자가격, 대분류)","도소매 및 상품중개서비스","전문, 과학 및 기술 서비스","","원자료","0.009829","0.009369","0.010679","0.012788"
"2.2.1.2.4. 투입산출표 수입유발계수표(생산자가격, 대분류)","도소매 및 상품중개서비스","사업지원서비스","","원자료","0.012731","0.012497","0.012536","0.014065"
"2.2.1.2.4. 투입산출표 수입유발계수표(생산자가격, 대분류)","도소매 및 상품중개서비스","공공행정, 국방 및 사회보장","","원자료","0.000117","0.000073","0.000096","0.000183"
"2.2.1.2.4. 투입산출표 수입유발계수표(생산자가격, 대분류)","도소매 및 상품중개서비스","교육서비스","","원자료","0.000002","0.000001","0.000001","0.000001"
"2.2.1.2.4. 투입산출표 수입유발계수표(생산자가격, 대분류)","도소매 및 상품중개서비스","보건 및 사회복지 서비스","","원자료","0","0","0","0"
"2.2.1.2.4. 투입산출표 수입유발계수표(생산자가격, 대분류)","도소매 및 상품중개서비스","예술, 스포츠 및 여가 관련 서비스","","원자료","0.00011","0.000085","0.000183","0.000117"
"2.2.1.2.4. 투입산출표 수입유발계수표(생산자가격, 대분류)","도소매 및 상품중개서비스","기타 서비스","","원자료","0.00098","0.002127","0.001443","0.001287"
"2.2.1.2.4. 투입산출표 수입유발계수표(생산자가격, 대분류)","도소매 및 상품중개서비스","기타","","원자료","0","0","0","0"
"2.2.1.2.4. 투입산출표 수입유발계수표(생산자가격, 대분류)","도소매 및 상품중개서비스","열합","","원자료","0.104033","0.119624","0.143371","0.133029"
"2.2.1.2.4. 투입산출표 수입유발계수표(생산자가격, 대분류)","운송서비스","농림수산품","","원자료","0.000827","0.000832","0.001002","0.000756"
"2.2.1.2.4. 투입산출표 수입유발계수표(생산자가격, 대분류)","운송서비스","광산품","","원자료","0.062374","0.06938","0.086942","0.069703"
"2.2.1.2.4. 투입산출표 수입유발계수표(생산자가격, 대분류)","운송서비스","음식료품","","원자료","0.001853","0.001951","0.002375","0.001902"
"2.2.1.2.4. 투입산출표 수입유발계수표(생산자가격, 대분류)","운송서비스","섬유 및 가죽제품","","원자료","0.004135","0.004073","0.003829","0.003201"
"2.2.1.2.4. 투입산출표 수입유발계수표(생산자가격, 대분류)","운송서비스","목재 및 종이, 인쇄","","원자료","0.002064","0.002223","0.00224","0.001856"
"2.2.1.2.4. 투입산출표 수입유발계수표(생산자가격, 대분류)","운송서비스","석탄 및 석유제품","","원자료","0.034125","0.04253","0.051409","0.046971"
"2.2.1.2.4. 투입산출표 수입유발계수표(생산자가격, 대분류)","운송서비스","화학제품","","원자료","0.008402","0.008473","0.008953","0.008048"
"2.2.1.2.4. 투입산출표 수입유발계수표(생산자가격, 대분류)","운송서비스","비금속광물제품","","원자료","0.00059","0.000566","0.000577","0.000453"
"2.2.1.2.4. 투입산출표 수입유발계수표(생산자가격, 대분류)","운송서비스","1차 금속제품","","원자료","0.004542","0.005722","0.005543","0.004239"
"2.2.1.2.4. 투입산출표 수입유발계수표(생산자가격, 대분류)","운송서비스","금속가공제품","","원자료","0.002057","0.001966","0.002293","0.002464"
"2.2.1.2.4. 투입산출표 수입유발계수표(생산자가격, 대분류)","운송서비스","컴퓨터, 전자 및 광학기기","","원자료","0.006816","0.006657","0.006308","0.006154"
"2.2.1.2.4. 투입산출표 수입유발계수표(생산자가격, 대분류)","운송서비스","전기장비","","원자료","0.003924","0.004706","0.005504","0.005886"
"2.2.1.2.4. 투입산출표 수입유발계수표(생산자가격, 대분류)","운송서비스","기계 및 장비","","원자료","0.003371","0.003697","0.00348","0.003604"
"2.2.1.2.4. 투입산출표 수입유발계수표(생산자가격, 대분류)","운송서비스","운송장비","","원자료","0.012947","0.011285","0.017993","0.022556"
"2.2.1.2.4. 투입산출표 수입유발계수표(생산자가격, 대분류)","운송서비스","기타 제조업 제품","","원자료","0.000504","0.000515","0.000456","0.000372"
"2.2.1.2.4. 투입산출표 수입유발계수표(생산자가격, 대분류)","운송서비스","제조임가공 및 산업용 장비 수리","","원자료","0.002072","0.0017","0.001725","0.001503"
"2.2.1.2.4. 투입산출표 수입유발계수표(생산자가격, 대분류)","운송서비스","전력, 가스 및 증기","","원자료","0.000003","0.000002","0.000002","0.000002"
"2.2.1.2.4. 투입산출표 수입유발계수표(생산자가격, 대분류)","운송서비스","수도, 폐기물처리 및 재활용서비스","","원자료","0.000005","0.000001","0.000007","0.00002"
"2.2.1.2.4. 투입산출표 수입유발계수표(생산자가격, 대분류)","운송서비스","건설","","원자료","0","0","0","0"
"2.2.1.2.4. 투입산출표 수입유발계수표(생산자가격, 대분류)","운송서비스","도소매 및 상품중개서비스","","원자료","0.001069","0.001119","0.001292","0.001003"
"2.2.1.2.4. 투입산출표 수입유발계수표(생산자가격, 대분류)","운송서비스","운송서비스","","원자료","0.092651","0.081817","0.090358","0.099081"
"2.2.1.2.4. 투입산출표 수입유발계수표(생산자가격, 대분류)","운송서비스","음식점 및 숙박서비스","","원자료","0.003372","0.005555","0.00635","0.003915"
"2.2.1.2.4. 투입산출표 수입유발계수표(생산자가격, 대분류)","운송서비스","정보통신 및 방송 서비스","","원자료","0.00183","0.002476","0.00324","0.003114"
"2.2.1.2.4. 투입산출표 수입유발계수표(생산자가격, 대분류)","운송서비스","금융 및 보험 서비스","","원자료","0.000669","0.00061","0.00052","0.000861"
"2.2.1.2.4. 투입산출표 수입유발계수표(생산자가격, 대분류)","운송서비스","부동산서비스","","원자료","0.000095","0.000077","0.000087","0.000093"
"2.2.1.2.4. 투입산출표 수입유발계수표(생산자가격, 대분류)","운송서비스","전문, 과학 및 기술 서비스","","원자료","0.005554","0.005056","0.005408","0.005858"
"2.2.1.2.4. 투입산출표 수입유발계수표(생산자가격, 대분류)","운송서비스","사업지원서비스","","원자료","0.017894","0.025585","0.024719","0.026544"
"2.2.1.2.4. 투입산출표 수입유발계수표(생산자가격, 대분류)","운송서비스","공공행정, 국방 및 사회보장","","원자료","0.001411","0.000781","0.00102","0.001919"
"2.2.1.2.4. 투입산출표 수입유발계수표(생산자가격, 대분류)","운송서비스","교육서비스","","원자료","0.000001","0","0.000001","0"
"2.2.1.2.4. 투입산출표 수입유발계수표(생산자가격, 대분류)","운송서비스","보건 및 사회복지 서비스","","원자료","0","0","0","0"
"2.2.1.2.4. 투입산출표 수입유발계수표(생산자가격, 대분류)","운송서비스","예술, 스포츠 및 여가 관련 서비스","","원자료","0.00007","0.00006","0.000115","0.000084"
"2.2.1.2.4. 투입산출표 수입유발계수표(생산자가격, 대분류)","운송서비스","기타 서비스","","원자료","0.000243","0.000491","0.000311","0.000279"
"2.2.1.2.4. 투입산출표 수입유발계수표(생산자가격, 대분류)","운송서비스","기타","","원자료","0","0","0","0"
"2.2.1.2.4. 투입산출표 수입유발계수표(생산자가격, 대분류)","운송서비스","열합","","원자료","0.275468","0.289905","0.334061","0.322442"
"2.2.1.2.4. 투입산출표 수입유발계수표(생산자가격, 대분류)","음식점 및 숙박서비스","농림수산품","","원자료","0.018624","0.01947","0.025208","0.021951"
"2.2.1.2.4. 투입산출표 수입유발계수표(생산자가격, 대분류)","음식점 및 숙박서비스","광산품","","원자료","0.022767","0.02892","0.044786","0.037144"
"2.2.1.2.4. 투입산출표 수입유발계수표(생산자가격, 대분류)","음식점 및 숙박서비스","음식료품","","원자료","0.065696","0.071134","0.072681","0.068323"
"2.2.1.2.4. 투입산출표 수입유발계수표(생산자가격, 대분류)","음식점 및 숙박서비스","섬유 및 가죽제품","","원자료","0.003891","0.004251","0.003967","0.00349"
"2.2.1.2.4. 투입산출표 수입유발계수표(생산자가격, 대분류)","음식점 및 숙박서비스","목재 및 종이, 인쇄","","원자료","0.00395","0.004529","0.004696","0.003987"
"2.2.1.2.4. 투입산출표 수입유발계수표(생산자가격, 대분류)","음식점 및 숙박서비스","석탄 및 석유제품","","원자료","0.007909","0.011531","0.012153","0.01049"
"2.2.1.2.4. 투입산출표 수입유발계수표(생산자가격, 대분류)","음식점 및 숙박서비스","화학제품","","원자료","0.013674","0.015502","0.017008","0.015587"
"2.2.1.2.4. 투입산출표 수입유발계수표(생산자가격, 대분류)","음식점 및 숙박서비스","비금속광물제품","","원자료","0.001235","0.00137","0.001369","0.001121"
"2.2.1.2.4. 투입산출표 수입유발계수표(생산자가격, 대분류)","음식점 및 숙박서비스","1차 금속제품","","원자료","0.003435","0.004706","0.004498","0.003743"
"2.2.1.2.4. 투입산출표 수입유발계수표(생산자가격, 대분류)","음식점 및 숙박서비스","금속가공제품","","원자료","0.002196","0.002263","0.002304","0.002212"
"2.2.1.2.4. 투입산출표 수입유발계수표(생산자가격, 대분류)","음식점 및 숙박서비스","컴퓨터, 전자 및 광학기기","","원자료","0.005501","0.005629","0.005815","0.006181"
"2.2.1.2.4. 투입산출표 수입유발계수표(생산자가격, 대분류)","음식점 및 숙박서비스","전기장비","","원자료","0.002187","0.002599","0.003195","0.003264"
"2.2.1.2.4. 투입산출표 수입유발계수표(생산자가격, 대분류)","음식점 및 숙박서비스","기계 및 장비","","원자료","0.001506","0.001667","0.001525","0.001366"
"2.2.1.2.4. 투입산출표 수입유발계수표(생산자가격, 대분류)","음식점 및 숙박서비스","운송장비","","원자료","0.00084","0.000747","0.001067","0.001397"
"2.2.1.2.4. 투입산출표 수입유발계수표(생산자가격, 대분류)","음식점 및 숙박서비스","기타 제조업 제품","","원자료","0.001241","0.001384","0.001375","0.0012"
"2.2.1.2.4. 투입산출표 수입유발계수표(생산자가격, 대분류)","음식점 및 숙박서비스","제조임가공 및 산업용 장비 수리","","원자료","0.001998","0.00183","0.001862","0.001763"
"2.2.1.2.4. 투입산출표 수입유발계수표(생산자가격, 대분류)","음식점 및 숙박서비스","전력, 가스 및 증기","","원자료","0.000003","0.000002","0.000002","0.000002"
"2.2.1.2.4. 투입산출표 수입유발계수표(생산자가격, 대분류)","음식점 및 숙박서비스","수도, 폐기물처리 및 재활용서비스","","원자료","0.000022","0.000002","0.00004","0.000112"
"2.2.1.2.4. 투입산출표 수입유발계수표(생산자가격, 대분류)","음식점 및 숙박서비스","건설","","원자료","0","0","0","0"
"2.2.1.2.4. 투입산출표 수입유발계수표(생산자가격, 대분류)","음식점 및 숙박서비스","도소매 및 상품중개서비스","","원자료","0.000882","0.000963","0.001095","0.000915"
"2.2.1.2.4. 투입산출표 수입유발계수표(생산자가격, 대분류)","음식점 및 숙박서비스","운송서비스","","원자료","0.005443","0.004952","0.005518","0.006309"
"2.2.1.2.4. 투입산출표 수입유발계수표(생산자가격, 대분류)","음식점 및 숙박서비스","음식점 및 숙박서비스","","원자료","0.001529","0.002423","0.002482","0.001251"
"2.2.1.2.4. 투입산출표 수입유발계수표(생산자가격, 대분류)","음식점 및 숙박서비스","정보통신 및 방송 서비스","","원자료","0.001397","0.001841","0.00241","0.002408"
"2.2.1.2.4. 투입산출표 수입유발계수표(생산자가격, 대분류)","음식점 및 숙박서비스","금융 및 보험 서비스","","원자료","0.000895","0.000879","0.000728","0.001327"
"2.2.1.2.4. 투입산출표 수입유발계수표(생산자가격, 대분류)","음식점 및 숙박서비스","부동산서비스","","원자료","0.000195","0.00015","0.000168","0.000201"
"2.2.1.2.4. 투입산출표 수입유발계수표(생산자가격, 대분류)","음식점 및 숙박서비스","전문, 과학 및 기술 서비스","","원자료","0.004883","0.004579","0.005118","0.006338"
"2.2.1.2.4. 투입산출표 수입유발계수표(생산자가격, 대분류)","음식점 및 숙박서비스","사업지원서비스","","원자료","0.004886","0.004901","0.0047","0.005366"
"2.2.1.2.4. 투입산출표 수입유발계수표(생산자가격, 대분류)","음식점 및 숙박서비스","공공행정, 국방 및 사회보장","","원자료","0.000308","0.000232","0.000241","0.000274"
"2.2.1.2.4. 투입산출표 수입유발계수표(생산자가격, 대분류)","음식점 및 숙박서비스","교육서비스","","원자료","0.000001","0.000001","0.000001","0.000001"
"2.2.1.2.4. 투입산출표 수입유발계수표(생산자가격, 대분류)","음식점 및 숙박서비스","보건 및 사회복지 서비스","","원자료","0","0.000001","0.000001","0.000001"
"2.2.1.2.4. 투입산출표 수입유발계수표(생산자가격, 대분류)","음식점 및 숙박서비스","예술, 스포츠 및 여가 관련 서비스","","원자료","0.00006","0.000041","0.000102","0.000073"
"2.2.1.2.4. 투입산출표 수입유발계수표(생산자가격, 대분류)","음식점 및 숙박서비스","기타 서비스","","원자료","0.000306","0.000659","0.000425","0.000396"
"2.2.1.2.4. 투입산출표 수입유발계수표(생산자가격, 대분류)","음식점 및 숙박서비스","기타","","원자료","0","0","0","0"
"2.2.1.2.4. 투입산출표 수입유발계수표(생산자가격, 대분류)","음식점 및 숙박서비스","열합","","원자료","0.177458","0.199155","0.226538","0.208194"
"2.2.1.2.4. 투입산출표 수입유발계수표(생산자가격, 대분류)","정보통신 및 방송 서비스","농림수산품","","원자료","0.000809","0.000871","0.001232","0.001015"
"2.2.1.2.4. 투입산출표 수입유발계수표(생산자가격, 대분류)","정보통신 및 방송 서비스","광산품","","원자료","0.009332","0.011792","0.019447","0.015234"
"2.2.1.2.4. 투입산출표 수입유발계수표(생산자가격, 대분류)","정보통신 및 방송 서비스","음식료품","","원자료","0.001839","0.002019","0.002638","0.002417"
"2.2.1.2.4. 투입산출표 수입유발계수표(생산자가격, 대분류)","정보통신 및 방송 서비스","섬유 및 가죽제품","","원자료","0.001179","0.00127","0.001293","0.001072"
"2.2.1.2.4. 투입산출표 수입유발계수표(생산자가격, 대분류)","정보통신 및 방송 서비스","목재 및 종이, 인쇄","","원자료","0.002497","0.002518","0.002768","0.002347"
"2.2.1.2.4. 투입산출표 수입유발계수표(생산자가격, 대분류)","정보통신 및 방송 서비스","석탄 및 석유제품","","원자료","0.002097","0.003039","0.003534","0.003085"
"2.2.1.2.4. 투입산출표 수입유발계수표(생산자가격, 대분류)","정보통신 및 방송 서비스","화학제품","","원자료","0.005559","0.006238","0.007515","0.006911"
"2.2.1.2.4. 투입산출표 수입유발계수표(생산자가격, 대분류)","정보통신 및 방송 서비스","비금속광물제품","","원자료","0.000415","0.000458","0.000524","0.000434"
"2.2.1.2.4. 투입산출표 수입유발계수표(생산자가격, 대분류)","정보통신 및 방송 서비스","1차 금속제품","","원자료","0.002037","0.002984","0.003193","0.002468"
"2.2.1.2.4. 투입산출표 수입유발계수표(생산자가격, 대분류)","정보통신 및 방송 서비스","금속가공제품","","원자료","0.000502","0.000503","0.000555","0.000541"
"2.2.1.2.4. 투입산출표 수입유발계수표(생산자가격, 대분류)","정보통신 및 방송 서비스","컴퓨터, 전자 및 광학기기","","원자료","0.033024","0.033273","0.03064","0.033498"
"2.2.1.2.4. 투입산출표 수입유발계수표(생산자가격, 대분류)","정보통신 및 방송 서비스","전기장비","","원자료","0.002316","0.002932","0.004157","0.003842"
"2.2.1.2.4. 투입산출표 수입유발계수표(생산자가격, 대분류)","정보통신 및 방송 서비스","기계 및 장비","","원자료","0.000879","0.000967","0.000934","0.000807"
"2.2.1.2.4. 투입산출표 수입유발계수표(생산자가격, 대분류)","정보통신 및 방송 서비스","운송장비","","원자료","0.000456","0.000404","0.000561","0.00072"
"2.2.1.2.4. 투입산출표 수입유발계수표(생산자가격, 대분류)","정보통신 및 방송 서비스","기타 제조업 제품","","원자료","0.000443","0.000513","0.000507","0.000424"
"2.2.1.2.4. 투입산출표 수입유발계수표(생산자가격, 대분류)","정보통신 및 방송 서비스","제조임가공 및 산업용 장비 수리","","원자료","0.001143","0.001035","0.001217","0.001185"
"2.2.1.2.4. 투입산출표 수입유발계수표(생산자가격, 대분류)","정보통신 및 방송 서비스","전력, 가스 및 증기","","원자료","0.000002","0.000002","0.000003","0.000002"
"2.2.1.2.4. 투입산출표 수입유발계수표(생산자가격, 대분류)","정보통신 및 방송 서비스","수도, 폐기물처리 및 재활용서비스","","원자료","0.000004","0.000001","0.000008","0.000022"
"2.2.1.2.4. 투입산출표 수입유발계수표(생산자가격, 대분류)","정보통신 및 방송 서비스","건설","","원자료","0","0","0","0"
"2.2.1.2.4. 투입산출표 수입유발계수표(생산자가격, 대분류)","정보통신 및 방송 서비스","도소매 및 상품중개서비스","","원자료","0.000423","0.000453","0.000541","0.00044"
"2.2.1.2.4. 투입산출표 수입유발계수표(생산자가격, 대분류)","정보통신 및 방송 서비스","운송서비스","","원자료","0.002259","0.002122","0.00247","0.002669"
"2.2.1.2.4. 투입산출표 수입유발계수표(생산자가격, 대분류)","정보통신 및 방송 서비스","음식점 및 숙박서비스","","원자료","0.002543","0.004012","0.004232","0.001919"
"2.2.1.2.4. 투입산출표 수입유발계수표(생산자가격, 대분류)","정보통신 및 방송 서비스","정보통신 및 방송 서비스","","원자료","0.033173","0.042874","0.050997","0.050084"
"2.2.1.2.4. 투입산출표 수입유발계수표(생산자가격, 대분류)","정보통신 및 방송 서비스","금융 및 보험 서비스","","원자료","0.000528","0.000513","0.000468","0.00081"
"2.2.1.2.4. 투입산출표 수입유발계수표(생산자가격, 대분류)","정보통신 및 방송 서비스","부동산서비스","","원자료","0.000138","0.000106","0.000124","0.000144"
"2.2.1.2.4. 투입산출표 수입유발계수표(생산자가격, 대분류)","정보통신 및 방송 서비스","전문, 과학 및 기술 서비스","","원자료","0.017694","0.016349","0.018982","0.022432"
"2.2.1.2.4. 투입산출표 수입유발계수표(생산자가격, 대분류)","정보통신 및 방송 서비스","사업지원서비스","","원자료","0.01071","0.009724","0.009705","0.010636"
"2.2.1.2.4. 투입산출표 수입유발계수표(생산자가격, 대분류)","정보통신 및 방송 서비스","공공행정, 국방 및 사회보장","","원자료","0.000034","0.00002","0.000026","0.000047"
"2.2.1.2.4. 투입산출표 수입유발계수표(생산자가격, 대분류)","정보통신 및 방송 서비스","교육서비스","","원자료","0.000001","0.000001","0.000001","0.000001"
"2.2.1.2.4. 투입산출표 수입유발계수표(생산자가격, 대분류)","정보통신 및 방송 서비스","보건 및 사회복지 서비스","","원자료","0","0","0","0"
"2.2.1.2.4. 투입산출표 수입유발계수표(생산자가격, 대분류)","정보통신 및 방송 서비스","예술, 스포츠 및 여가 관련 서비스","","원자료","0.001773","0.000769","0.003038","0.002023"
"2.2.1.2.4. 투입산출표 수입유발계수표(생산자가격, 대분류)","정보통신 및 방송 서비스","기타 서비스","","원자료","0.000369","0.000779","0.000516","0.000466"
"2.2.1.2.4. 투입산출표 수입유발계수표(생산자가격, 대분류)","정보통신 및 방송 서비스","기타","","원자료","0","0","0","0"
"2.2.1.2.4. 투입산출표 수입유발계수표(생산자가격, 대분류)","정보통신 및 방송 서비스","열합","","원자료","0.13418","0.148539","0.171826","0.167694"
"2.2.1.2.4. 투입산출표 수입유발계수표(생산자가격, 대분류)","금융 및 보험 서비스","농림수산품","","원자료","0.000766","0.000795","0.001046","0.00087"
"2.2.1.2.4. 투입산출표 수입유발계수표(생산자가격, 대분류)","금융 및 보험 서비스","광산품","","원자료","0.005641","0.006932","0.011157","0.008861"
"2.2.1.2.4. 투입산출표 수입유발계수표(생산자가격, 대분류)","금융 및 보험 서비스","음식료품","","원자료","0.001955","0.002022","0.002387","0.002223"
"2.2.1.2.4. 투입산출표 수입유발계수표(생산자가격, 대분류)","금융 및 보험 서비스","섬유 및 가죽제품","","원자료","0.000821","0.000782","0.000725","0.000626"
"2.2.1.2.4. 투입산출표 수입유발계수표(생산자가격, 대분류)","금융 및 보험 서비스","목재 및 종이, 인쇄","","원자료","0.001644","0.001819","0.00193","0.001457"
"2.2.1.2.4. 투입산출표 수입유발계수표(생산자가격, 대분류)","금융 및 보험 서비스","석탄 및 석유제품","","원자료","0.001155","0.001602","0.001762","0.00158"
"2.2.1.2.4. 투입산출표 수입유발계수표(생산자가격, 대분류)","금융 및 보험 서비스","화학제품","","원자료","0.002567","0.002811","0.003156","0.002882"
"2.2.1.2.4. 투입산출표 수입유발계수표(생산자가격, 대분류)","금융 및 보험 서비스","비금속광물제품","","원자료","0.000185","0.000195","0.000208","0.000173"
"2.2.1.2.4. 투입산출표 수입유발계수표(생산자가격, 대분류)","금융 및 보험 서비스","1차 금속제품","","원자료","0.000855","0.001174","0.001182","0.000939"
"2.2.1.2.4. 투입산출표 수입유발계수표(생산자가격, 대분류)","금융 및 보험 서비스","금속가공제품","","원자료","0.000289","0.000282","0.000293","0.000287"
"2.2.1.2.4. 투입산출표 수입유발계수표(생산자가격, 대분류)","금융 및 보험 서비스","컴퓨터, 전자 및 광학기기","","원자료","0.004581","0.004513","0.004324","0.004443"
"2.2.1.2.4. 투입산출표 수입유발계수표(생산자가격, 대분류)","금융 및 보험 서비스","전기장비","","원자료","0.000745","0.000888","0.001154","0.001124"
"2.2.1.2.4. 투입산출표 수입유발계수표(생산자가격, 대분류)","금융 및 보험 서비스","기계 및 장비","","원자료","0.000503","0.000538","0.000486","0.00043"
"2.2.1.2.4. 투입산출표 수입유발계수표(생산자가격, 대분류)","금융 및 보험 서비스","운송장비","","원자료","0.000281","0.000236","0.0003","0.000371"
"2.2.1.2.4. 투입산출표 수입유발계수표(생산자가격, 대분류)","금융 및 보험 서비스","기타 제조업 제품","","원자료","0.00045","0.0005","0.000466","0.00038"
"2.2.1.2.4. 투입산출표 수입유발계수표(생산자가격, 대분류)","금융 및 보험 서비스","제조임가공 및 산업용 장비 수리","","원자료","0.000507","0.000407","0.000439","0.000412"
"2.2.1.2.4. 투입산출표 수입유발계수표(생산자가격, 대분류)","금융 및 보험 서비스","전력, 가스 및 증기","","원자료","0.000001","0.000001","0.000001","0.000001"
"2.2.1.2.4. 투입산출표 수입유발계수표(생산자가격, 대분류)","금융 및 보험 서비스","수도, 폐기물처리 및 재활용서비스","","원자료","0.000005","0","0.000008","0.000023"
"2.2.1.2.4. 투입산출표 수입유발계수표(생산자가격, 대분류)","금융 및 보험 서비스","건설","","원자료","0","0","0","0"
"2.2.1.2.4. 투입산출표 수입유발계수표(생산자가격, 대분류)","금융 및 보험 서비스","도소매 및 상품중개서비스","","원자료","0.000156","0.000165","0.000192","0.000152"
"2.2.1.2.4. 투입산출표 수입유발계수표(생산자가격, 대분류)","금융 및 보험 서비스","운송서비스","","원자료","0.001428","0.001481","0.001626","0.001522"
"2.2.1.2.4. 투입산출표 수입유발계수표(생산자가격, 대분류)","금융 및 보험 서비스","음식점 및 숙박서비스","","원자료","0.002271","0.003425","0.0036","0.00171"
"2.2.1.2.4. 투입산출표 수입유발계수표(생산자가격, 대분류)","금융 및 보험 서비스","정보통신 및 방송 서비스","","원자료","0.006223","0.009241","0.011949","0.011138"
"2.2.1.2.4. 투입산출표 수입유발계수표(생산자가격, 대분류)","금융 및 보험 서비스","금융 및 보험 서비스","","원자료","0.007518","0.011285","0.00624","0.015761"
"2.2.1.2.4. 투입산출표 수입유발계수표(생산자가격, 대분류)","금융 및 보험 서비스","부동산서비스","","원자료","0.000087","0.000065","0.000074","0.00009"
"2.2.1.2.4. 투입산출표 수입유발계수표(생산자가격, 대분류)","금융 및 보험 서비스","전문, 과학 및 기술 서비스","","원자료","0.008829","0.007597","0.009015","0.010568"
"2.2.1.2.4. 투입산출표 수입유발계수표(생산자가격, 대분류)","금융 및 보험 서비스","사업지원서비스","","원자료","0.011668","0.01042","0.01051","0.011585"
"2.2.1.2.4. 투입산출표 수입유발계수표(생산자가격, 대분류)","금융 및 보험 서비스","공공행정, 국방 및 사회보장","","원자료","0.000021","0.000013","0.000016","0.000025"
"2.2.1.2.4. 투입산출표 수입유발계수표(생산자가격, 대분류)","금융 및 보험 서비스","교육서비스","","원자료","0.000002","0.000001","0.000001","0.000001"
"2.2.1.2.4. 투입산출표 수입유발계수표(생산자가격, 대분류)","금융 및 보험 서비스","보건 및 사회복지 서비스","","원자료","0","0","0","0"
"2.2.1.2.4. 투입산출표 수입유발계수표(생산자가격, 대분류)","금융 및 보험 서비스","예술, 스포츠 및 여가 관련 서비스","","원자료","0.000145","0.000106","0.000246","0.000155"
"2.2.1.2.4. 투입산출표 수입유발계수표(생산자가격, 대분류)","금융 및 보험 서비스","기타 서비스","","원자료","0.000204","0.000406","0.000272","0.000254"
"2.2.1.2.4. 투입산출표 수입유발계수표(생산자가격, 대분류)","금융 및 보험 서비스","기타","","원자료","0","0","0","0"
"2.2.1.2.4. 투입산출표 수입유발계수표(생산자가격, 대분류)","금융 및 보험 서비스","열합","","원자료","0.061502","0.069703","0.074764","0.080044"
"2.2.1.2.4. 투입산출표 수입유발계수표(생산자가격, 대분류)","부동산서비스","농림수산품","","원자료","0.000321","0.000383","0.000581","0.000549"
"2.2.1.2.4. 투입산출표 수입유발계수표(생산자가격, 대분류)","부동산서비스","광산품","","원자료","0.00696","0.009872","0.018335","0.01538"
"2.2.1.2.4. 투입산출표 수입유발계수표(생산자가격, 대분류)","부동산서비스","음식료품","","원자료","0.000819","0.000984","0.001368","0.001444"
"2.2.1.2.4. 투입산출표 수입유발계수표(생산자가격, 대분류)","부동산서비스","섬유 및 가죽제품","","원자료","0.000628","0.00075","0.000762","0.000705"
"2.2.1.2.4. 투입산출표 수입유발계수표(생산자가격, 대분류)","부동산서비스","목재 및 종이, 인쇄","","원자료","0.000737","0.000969","0.001176","0.000992"
"2.2.1.2.4. 투입산출표 수입유발계수표(생산자가격, 대분류)","부동산서비스","석탄 및 석유제품","","원자료","0.001036","0.001675","0.002139","0.002071"
"2.2.1.2.4. 투입산출표 수입유발계수표(생산자가격, 대분류)","부동산서비스","화학제품","","원자료","0.002253","0.002901","0.003819","0.003956"
"2.2.1.2.4. 투입산출표 수입유발계수표(생산자가격, 대분류)","부동산서비스","비금속광물제품","","원자료","0.000497","0.000678","0.000923","0.000863"
"2.2.1.2.4. 투입산출표 수입유발계수표(생산자가격, 대분류)","부동산서비스","1차 금속제품","","원자료","0.001484","0.002502","0.003313","0.003041"
"2.2.1.2.4. 투입산출표 수입유발계수표(생산자가격, 대분류)","부동산서비스","금속가공제품","","원자료","0.000336","0.000406","0.000531","0.000579"
"2.2.1.2.4. 투입산출표 수입유발계수표(생산자가격, 대분류)","부동산서비스","컴퓨터, 전자 및 광학기기","","원자료","0.00229","0.002666","0.002948","0.003107"
"2.2.1.2.4. 투입산출표 수입유발계수표(생산자가격, 대분류)","부동산서비스","전기장비","","원자료","0.000937","0.00131","0.001854","0.001944"
"2.2.1.2.4. 투입산출표 수입유발계수표(생산자가격, 대분류)","부동산서비스","기계 및 장비","","원자료","0.000666","0.000878","0.001124","0.001135"
"2.2.1.2.4. 투입산출표 수입유발계수표(생산자가격, 대분류)","부동산서비스","운송장비","","원자료","0.000193","0.000188","0.000285","0.000391"
"2.2.1.2.4. 투입산출표 수입유발계수표(생산자가격, 대분류)","부동산서비스","기타 제조업 제품","","원자료","0.000261","0.000357","0.000363","0.000331"
"2.2.1.2.4. 투입산출표 수입유발계수표(생산자가격, 대분류)","부동산서비스","제조임가공 및 산업용 장비 수리","","원자료","0.000433","0.00044","0.000512","0.000519"
"2.2.1.2.4. 투입산출표 수입유발계수표(생산자가격, 대분류)","부동산서비스","전력, 가스 및 증기","","원자료","0.000001","0.000001","0.000002","0.000002"
"2.2.1.2.4. 투입산출표 수입유발계수표(생산자가격, 대분류)","부동산서비스","수도, 폐기물처리 및 재활용서비스","","원자료","0.000009","0.000001","0.000018","0.000053"
"2.2.1.2.4. 투입산출표 수입유발계수표(생산자가격, 대분류)","부동산서비스","건설","","원자료","0","0","0","0"
"2.2.1.2.4. 투입산출표 수입유발계수표(생산자가격, 대분류)","부동산서비스","도소매 및 상품중개서비스","","원자료","0.000142","0.000182","0.000257","0.000219"
"2.2.1.2.4. 투입산출표 수입유발계수표(생산자가격, 대분류)","부동산서비스","운송서비스","","원자료","0.000932","0.000961","0.00119","0.001366"
"2.2.1.2.4. 투입산출표 수입유발계수표(생산자가격, 대분류)","부동산서비스","음식점 및 숙박서비스","","원자료","0.000741","0.001252","0.001332","0.00065"
"2.2.1.2.4. 투입산출표 수입유발계수표(생산자가격, 대분류)","부동산서비스","정보통신 및 방송 서비스","","원자료","0.001033","0.001615","0.002109","0.001876"
"2.2.1.2.4. 투입산출표 수입유발계수표(생산자가격, 대분류)","부동산서비스","금융 및 보험 서비스","","원자료","0.003048","0.00304","0.002868","0.005001"
"2.2.1.2.4. 투입산출표 수입유발계수표(생산자가격, 대분류)","부동산서비스","부동산서비스","","원자료","0.000036","0.000032","0.000039","0.000049"
"2.2.1.2.4. 투입산출표 수입유발계수표(생산자가격, 대분류)","부동산서비스","전문, 과학 및 기술 서비스","","원자료","0.002203","0.002179","0.002592","0.003049"
"2.2.1.2.4. 투입산출표 수입유발계수표(생산자가격, 대분류)","부동산서비스","사업지원서비스","","원자료","0.003815","0.003879","0.003671","0.004007"
"2.2.1.2.4. 투입산출표 수입유발계수표(생산자가격, 대분류)","부동산서비스","공공행정, 국방 및 사회보장","","원자료","0.000015","0.000009","0.000014","0.000026"
"2.2.1.2.4. 투입산출표 수입유발계수표(생산자가격, 대분류)","부동산서비스","교육서비스","","원자료","0","0","0","0"
"2.2.1.2.4. 투입산출표 수입유발계수표(생산자가격, 대분류)","부동산서비스","보건 및 사회복지 서비스","","원자료","0","0","0","0"
"2.2.1.2.4. 투입산출표 수입유발계수표(생산자가격, 대분류)","부동산서비스","예술, 스포츠 및 여가 관련 서비스","","원자료","0.000033","0.000028","0.000069","0.000047"
"2.2.1.2.4. 투입산출표 수입유발계수표(생산자가격, 대분류)","부동산서비스","기타 서비스","","원자료","0.000188","0.000434","0.00029","0.000274"
"2.2.1.2.4. 투입산출표 수입유발계수표(생산자가격, 대분류)","부동산서비스","기타","","원자료","0","0","0","0"
"2.2.1.2.4. 투입산출표 수입유발계수표(생산자가격, 대분류)","부동산서비스","열합","","원자료","0.032048","0.040572","0.054483","0.053625"
"2.2.1.2.4. 투입산출표 수입유발계수표(생산자가격, 대분류)","전문, 과학 및 기술 서비스","농림수산품","","원자료","0.00136","0.001425","0.00191","0.001803"
"2.2.1.2.4. 투입산출표 수입유발계수표(생산자가격, 대분류)","전문, 과학 및 기술 서비스","광산품","","원자료","0.01974","0.025016","0.041205","0.034617"
"2.2.1.2.4. 투입산출표 수입유발계수표(생산자가격, 대분류)","전문, 과학 및 기술 서비스","음식료품","","원자료","0.003399","0.003565","0.004304","0.004484"
"2.2.1.2.4. 투입산출표 수입유발계수표(생산자가격, 대분류)","전문, 과학 및 기술 서비스","섬유 및 가죽제품","","원자료","0.001697","0.001794","0.001763","0.001595"
"2.2.1.2.4. 투입산출표 수입유발계수표(생산자가격, 대분류)","전문, 과학 및 기술 서비스","목재 및 종이, 인쇄","","원자료","0.002645","0.002898","0.003156","0.002827"
"2.2.1.2.4. 투입산출표 수입유발계수표(생산자가격, 대분류)","전문, 과학 및 기술 서비스","석탄 및 석유제품","","원자료","0.004265","0.006272","0.007154","0.006759"
"2.2.1.2.4. 투입산출표 수입유발계수표(생산자가격, 대분류)","전문, 과학 및 기술 서비스","화학제품","","원자료","0.01189","0.013417","0.015407","0.01545"
"2.2.1.2.4. 투입산출표 수입유발계수표(생산자가격, 대분류)","전문, 과학 및 기술 서비스","비금속광물제품","","원자료","0.000964","0.001","0.001108","0.001017"
"2.2.1.2.4. 투입산출표 수입유발계수표(생산자가격, 대분류)","전문, 과학 및 기술 서비스","1차 금속제품","","원자료","0.003575","0.004939","0.005228","0.004487"
"2.2.1.2.4. 투입산출표 수입유발계수표(생산자가격, 대분류)","전문, 과학 및 기술 서비스","금속가공제품","","원자료","0.001181","0.001159","0.001216","0.001271"
"2.2.1.2.4. 투입산출표 수입유발계수표(생산자가격, 대분류)","전문, 과학 및 기술 서비스","컴퓨터, 전자 및 광학기기","","원자료","0.021265","0.022631","0.022233","0.022737"
"2.2.1.2.4. 투입산출표 수입유발계수표(생산자가격, 대분류)","전문, 과학 및 기술 서비스","전기장비","","원자료","0.003655","0.004365","0.005814","0.006089"
"2.2.1.2.4. 투입산출표 수입유발계수표(생산자가격, 대분류)","전문, 과학 및 기술 서비스","기계 및 장비","","원자료","0.0023","0.002489","0.002261","0.002093"
"2.2.1.2.4. 투입산출표 수입유발계수표(생산자가격, 대분류)","전문, 과학 및 기술 서비스","운송장비","","원자료","0.001304","0.001161","0.001329","0.001873"
"2.2.1.2.4. 투입산출표 수입유발계수표(생산자가격, 대분류)","전문, 과학 및 기술 서비스","기타 제조업 제품","","원자료","0.000634","0.000722","0.000683","0.000635"
"2.2.1.2.4. 투입산출표 수입유발계수표(생산자가격, 대분류)","전문, 과학 및 기술 서비스","제조임가공 및 산업용 장비 수리","","원자료","0.001551","0.001335","0.001506","0.001555"
"2.2.1.2.4. 투입산출표 수입유발계수표(생산자가격, 대분류)","전문, 과학 및 기술 서비스","전력, 가스 및 증기","","원자료","0.000003","0.000001","0.000002","0.000002"
"2.2.1.2.4. 투입산출표 수입유발계수표(생산자가격, 대분류)","전문, 과학 및 기술 서비스","수도, 폐기물처리 및 재활용서비스","","원자료","0.000004","0","0.000007","0.00002"
"2.2.1.2.4. 투입산출표 수입유발계수표(생산자가격, 대분류)","전문, 과학 및 기술 서비스","건설","","원자료","0","0","0","0"
"2.2.1.2.4. 투입산출표 수입유발계수표(생산자가격, 대분류)","전문, 과학 및 기술 서비스","도소매 및 상품중개서비스","","원자료","0.00059","0.000636","0.000774","0.000658"
"2.2.1.2.4. 투입산출표 수입유발계수표(생산자가격, 대분류)","전문, 과학 및 기술 서비스","운송서비스","","원자료","0.003021","0.002956","0.003294","0.003553"
"2.2.1.2.4. 투입산출표 수입유발계수표(생산자가격, 대분류)","전문, 과학 및 기술 서비스","음식점 및 숙박서비스","","원자료","0.003307","0.005284","0.00552","0.002601"
"2.2.1.2.4. 투입산출표 수입유발계수표(생산자가격, 대분류)","전문, 과학 및 기술 서비스","정보통신 및 방송 서비스","","원자료","0.005032","0.006771","0.008539","0.00799"
"2.2.1.2.4. 투입산출표 수입유발계수표(생산자가격, 대분류)","전문, 과학 및 기술 서비스","금융 및 보험 서비스","","원자료","0.000762","0.000622","0.000583","0.00103"
"2.2.1.2.4. 투입산출표 수입유발계수표(생산자가격, 대분류)","전문, 과학 및 기술 서비스","부동산서비스","","원자료","0.000259","0.000201","0.000235","0.000291"
"2.2.1.2.4. 투입산출표 수입유발계수표(생산자가격, 대분류)","전문, 과학 및 기술 서비스","전문, 과학 및 기술 서비스","","원자료","0.012916","0.011932","0.013856","0.015988"
"2.2.1.2.4. 투입산출표 수입유발계수표(생산자가격, 대분류)","전문, 과학 및 기술 서비스","사업지원서비스","","원자료","0.009569","0.007905","0.007765","0.008947"
"2.2.1.2.4. 투입산출표 수입유발계수표(생산자가격, 대분류)","전문, 과학 및 기술 서비스","공공행정, 국방 및 사회보장","","원자료","0.000048","0.000029","0.000036","0.000065"
"2.2.1.2.4. 투입산출표 수입유발계수표(생산자가격, 대분류)","전문, 과학 및 기술 서비스","교육서비스","","원자료","0.000001","0.000001","0.000001","0.000001"
"2.2.1.2.4. 투입산출표 수입유발계수표(생산자가격, 대분류)","전문, 과학 및 기술 서비스","보건 및 사회복지 서비스","","원자료","0","0","0","0"
"2.2.1.2.4. 투입산출표 수입유발계수표(생산자가격, 대분류)","전문, 과학 및 기술 서비스","예술, 스포츠 및 여가 관련 서비스","","원자료","0.000248","0.000151","0.000417","0.000265"
"2.2.1.2.4. 투입산출표 수입유발계수표(생산자가격, 대분류)","전문, 과학 및 기술 서비스","기타 서비스","","원자료","0.000455","0.000976","0.00066","0.000626"
"2.2.1.2.4. 투입산출표 수입유발계수표(생산자가격, 대분류)","전문, 과학 및 기술 서비스","기타","","원자료","0","0","0","0"
"2.2.1.2.4. 투입산출표 수입유발계수표(생산자가격, 대분류)","전문, 과학 및 기술 서비스","열합","","원자료","0.11764","0.131654","0.157965","0.15133"
"2.2.1.2.4. 투입산출표 수입유발계수표(생산자가격, 대분류)","사업지원서비스","농림수산품","","원자료","0.001143","0.001306","0.001899","0.00164"
"2.2.1.2.4. 투입산출표 수입유발계수표(생산자가격, 대분류)","사업지원서비스","광산품","","원자료","0.011458","0.015603","0.025179","0.019987"
"2.2.1.2.4. 투입산출표 수입유발계수표(생산자가격, 대분류)","사업지원서비스","음식료품","","원자료","0.002851","0.003338","0.004317","0.004075"
"2.2.1.2.4. 투입산출표 수입유발계수표(생산자가격, 대분류)","사업지원서비스","섬유 및 가죽제품","","원자료","0.003246","0.0034","0.003294","0.00309"
"2.2.1.2.4. 투입산출표 수입유발계수표(생산자가격, 대분류)","사업지원서비스","목재 및 종이, 인쇄","","원자료","0.001422","0.001753","0.001915","0.001554"
"2.2.1.2.4. 투입산출표 수입유발계수표(생산자가격, 대분류)","사업지원서비스","석탄 및 석유제품","","원자료","0.003698","0.005964","0.006799","0.005918"
"2.2.1.2.4. 투입산출표 수입유발계수표(생산자가격, 대분류)","사업지원서비스","화학제품","","원자료","0.009278","0.011249","0.012948","0.0124"
"2.2.1.2.4. 투입산출표 수입유발계수표(생산자가격, 대분류)","사업지원서비스","비금속광물제품","","원자료","0.000552","0.000643","0.000694","0.000582"
"2.2.1.2.4. 투입산출표 수입유발계수표(생산자가격, 대분류)","사업지원서비스","1차 금속제품","","원자료","0.002826","0.004252","0.004363","0.003579"
"2.2.1.2.4. 투입산출표 수입유발계수표(생산자가격, 대분류)","사업지원서비스","금속가공제품","","원자료","0.000816","0.000888","0.000941","0.000936"
"2.2.1.2.4. 투입산출표 수입유발계수표(생산자가격, 대분류)","사업지원서비스","컴퓨터, 전자 및 광학기기","","원자료","0.006541","0.007094","0.007535","0.007924"
"2.2.1.2.4. 투입산출표 수입유발계수표(생산자가격, 대분류)","사업지원서비스","전기장비","","원자료","0.002518","0.003325","0.004167","0.004245"
"2.2.1.2.4. 투입산출표 수입유발계수표(생산자가격, 대분류)","사업지원서비스","기계 및 장비","","원자료","0.001359","0.001619","0.001542","0.001403"
"2.2.1.2.4. 투입산출표 수입유발계수표(생산자가격, 대분류)","사업지원서비스","운송장비","","원자료","0.000798","0.00079","0.00104","0.001243"
"2.2.1.2.4. 투입산출표 수입유발계수표(생산자가격, 대분류)","사업지원서비스","기타 제조업 제품","","원자료","0.000812","0.001038","0.00094","0.000827"
"2.2.1.2.4. 투입산출표 수입유발계수표(생산자가격, 대분류)","사업지원서비스","제조임가공 및 산업용 장비 수리","","원자료","0.001821","0.001588","0.001726","0.001745"
"2.2.1.2.4. 투입산출표 수입유발계수표(생산자가격, 대분류)","사업지원서비스","전력, 가스 및 증기","","원자료","0.000003","0.000002","0.000002","0.000002"
"2.2.1.2.4. 투입산출표 수입유발계수표(생산자가격, 대분류)","사업지원서비스","수도, 폐기물처리 및 재활용서비스","","원자료","0.000004","0","0.000007","0.00002"
"2.2.1.2.4. 투입산출표 수입유발계수표(생산자가격, 대분류)","사업지원서비스","건설","","원자료","0","0","0","0"
"2.2.1.2.4. 투입산출표 수입유발계수표(생산자가격, 대분류)","사업지원서비스","도소매 및 상품중개서비스","","원자료","0.000418","0.000491","0.000596","0.00048"
"2.2.1.2.4. 투입산출표 수입유발계수표(생산자가격, 대분류)","사업지원서비스","운송서비스","","원자료","0.00319","0.003429","0.003829","0.003872"
"2.2.1.2.4. 투입산출표 수입유발계수표(생산자가격, 대분류)","사업지원서비스","음식점 및 숙박서비스","","원자료","0.002593","0.004127","0.004275","0.00203"
"2.2.1.2.4. 투입산출표 수입유발계수표(생산자가격, 대분류)","사업지원서비스","정보통신 및 방송 서비스","","원자료","0.001518","0.002247","0.002907","0.002826"
"2.2.1.2.4. 투입산출표 수입유발계수표(생산자가격, 대분류)","사업지원서비스","금융 및 보험 서비스","","원자료","0.00048","0.000494","0.000412","0.000754"
"2.2.1.2.4. 투입산출표 수입유발계수표(생산자가격, 대분류)","사업지원서비스","부동산서비스","","원자료","0.000233","0.000185","0.000206","0.000249"
"2.2.1.2.4. 투입산출표 수입유발계수표(생산자가격, 대분류)","사업지원서비스","전문, 과학 및 기술 서비스","","원자료","0.006666","0.006258","0.006928","0.008381"
"2.2.1.2.4. 투입산출표 수입유발계수표(생산자가격, 대분류)","사업지원서비스","사업지원서비스","","원자료","0.021213","0.019832","0.019217","0.022184"
"2.2.1.2.4. 투입산출표 수입유발계수표(생산자가격, 대분류)","사업지원서비스","공공행정, 국방 및 사회보장","","원자료","0.000047","0.000031","0.00004","0.000067"
"2.2.1.2.4. 투입산출표 수입유발계수표(생산자가격, 대분류)","사업지원서비스","교육서비스","","원자료","0.000001","0","0","0"
"2.2.1.2.4. 투입산출표 수입유발계수표(생산자가격, 대분류)","사업지원서비스","보건 및 사회복지 서비스","","원자료","0","0","0","0"
"2.2.1.2.4. 투입산출표 수입유발계수표(생산자가격, 대분류)","사업지원서비스","예술, 스포츠 및 여가 관련 서비스","","원자료","0.000074","0.000068","0.000152","0.000106"
"2.2.1.2.4. 투입산출표 수입유발계수표(생산자가격, 대분류)","사업지원서비스","기타 서비스","","원자료","0.00035","0.000729","0.000493","0.000472"
"2.2.1.2.4. 투입산출표 수입유발계수표(생산자가격, 대분류)","사업지원서비스","기타","","원자료","0","0","0","0"
"2.2.1.2.4. 투입산출표 수입유발계수표(생산자가격, 대분류)","사업지원서비스","열합","","원자료","0.087929","0.101745","0.118365","0.112592"
"2.2.1.2.4. 투입산출표 수입유발계수표(생산자가격, 대분류)","공공행정, 국방 및 사회보장","농림수산품","","원자료","0.001114","0.001205","0.001608","0.001417"
"2.2.1.2.4. 투입산출표 수입유발계수표(생산자가격, 대분류)","공공행정, 국방 및 사회보장","광산품","","원자료","0.013333","0.019271","0.032628","0.021733"
"2.2.1.2.4. 투입산출표 수입유발계수표(생산자가격, 대분류)","공공행정, 국방 및 사회보장","음식료품","","원자료","0.002321","0.002495","0.003079","0.003099"
"2.2.1.2.4. 투입산출표 수입유발계수표(생산자가격, 대분류)","공공행정, 국방 및 사회보장","섬유 및 가죽제품","","원자료","0.001966","0.001973","0.001795","0.001473"
"2.2.1.2.4. 투입산출표 수입유발계수표(생산자가격, 대분류)","공공행정, 국방 및 사회보장","목재 및 종이, 인쇄","","원자료","0.001638","0.001819","0.001839","0.001386"
"2.2.1.2.4. 투입산출표 수입유발계수표(생산자가격, 대분류)","공공행정, 국방 및 사회보장","석탄 및 석유제품","","원자료","0.002301","0.003544","0.0042","0.003358"
"2.2.1.2.4. 투입산출표 수입유발계수표(생산자가격, 대분류)","공공행정, 국방 및 사회보장","화학제품","","원자료","0.004435","0.005244","0.006183","0.005253"
"2.2.1.2.4. 투입산출표 수입유발계수표(생산자가격, 대분류)","공공행정, 국방 및 사회보장","비금속광물제품","","원자료","0.000441","0.000527","0.000527","0.000373"
"2.2.1.2.4. 투입산출표 수입유발계수표(생산자가격, 대분류)","공공행정, 국방 및 사회보장","1차 금속제품","","원자료","0.002192","0.003322","0.003553","0.002588"
"2.2.1.2.4. 투입산출표 수입유발계수표(생산자가격, 대분류)","공공행정, 국방 및 사회보장","금속가공제품","","원자료","0.001394","0.001417","0.00146","0.001458"
"2.2.1.2.4. 투입산출표 수입유발계수표(생산자가격, 대분류)","공공행정, 국방 및 사회보장","컴퓨터, 전자 및 광학기기","","원자료","0.00528","0.006034","0.005784","0.005539"
"2.2.1.2.4. 투입산출표 수입유발계수표(생산자가격, 대분류)","공공행정, 국방 및 사회보장","전기장비","","원자료","0.001535","0.002067","0.00253","0.002385"
"2.2.1.2.4. 투입산출표 수입유발계수표(생산자가격, 대분류)","공공행정, 국방 및 사회보장","기계 및 장비","","원자료","0.001355","0.001628","0.001629","0.001384"
"2.2.1.2.4. 투입산출표 수입유발계수표(생산자가격, 대분류)","공공행정, 국방 및 사회보장","운송장비","","원자료","0.002124","0.001917","0.002754","0.003809"
"2.2.1.2.4. 투입산출표 수입유발계수표(생산자가격, 대분류)","공공행정, 국방 및 사회보장","기타 제조업 제품","","원자료","0.000474","0.000664","0.000725","0.000641"
"2.2.1.2.4. 투입산출표 수입유발계수표(생산자가격, 대분류)","공공행정, 국방 및 사회보장","제조임가공 및 산업용 장비 수리","","원자료","0.001172","0.000887","0.000902","0.000774"
"2.2.1.2.4. 투입산출표 수입유발계수표(생산자가격, 대분류)","공공행정, 국방 및 사회보장","전력, 가스 및 증기","","원자료","0.000943","0.000835","0.00077","0.00079"
"2.2.1.2.4. 투입산출표 수입유발계수표(생산자가격, 대분류)","공공행정, 국방 및 사회보장","수도, 폐기물처리 및 재활용서비스","","원자료","0.0001","0.000177","0.000183","0.00023"
"2.2.1.2.4. 투입산출표 수입유발계수표(생산자가격, 대분류)","공공행정, 국방 및 사회보장","건설","","원자료","0.000008","0.000006","0.000007","0.000008"
"2.2.1.2.4. 투입산출표 수입유발계수표(생산자가격, 대분류)","공공행정, 국방 및 사회보장","도소매 및 상품중개서비스","","원자료","0.000328","0.000394","0.000525","0.000365"
"2.2.1.2.4. 투입산출표 수입유발계수표(생산자가격, 대분류)","공공행정, 국방 및 사회보장","운송서비스","","원자료","0.003919","0.0047","0.005083","0.004096"
"2.2.1.2.4. 투입산출표 수입유발계수표(생산자가격, 대분류)","공공행정, 국방 및 사회보장","음식점 및 숙박서비스","","원자료","0.003351","0.005549","0.005613","0.002562"
"2.2.1.2.4. 투입산출표 수입유발계수표(생산자가격, 대분류)","공공행정, 국방 및 사회보장","정보통신 및 방송 서비스","","원자료","0.003882","0.006143","0.007271","0.00682"
"2.2.1.2.4. 투입산출표 수입유발계수표(생산자가격, 대분류)","공공행정, 국방 및 사회보장","금융 및 보험 서비스","","원자료","0.002018","0.002605","0.002584","0.003819"
"2.2.1.2.4. 투입산출표 수입유발계수표(생산자가격, 대분류)","공공행정, 국방 및 사회보장","부동산서비스","","원자료","0.003445","0.00269","0.003031","0.003596"
"2.2.1.2.4. 투입산출표 수입유발계수표(생산자가격, 대분류)","공공행정, 국방 및 사회보장","전문, 과학 및 기술 서비스","","원자료","0.00386","0.004022","0.004406","0.00504"
"2.2.1.2.4. 투입산출표 수입유발계수표(생산자가격, 대분류)","공공행정, 국방 및 사회보장","사업지원서비스","","원자료","0.006167","0.006099","0.006057","0.006517"
"2.2.1.2.4. 투입산출표 수입유발계수표(생산자가격, 대분류)","공공행정, 국방 및 사회보장","공공행정, 국방 및 사회보장","","원자료","0.00004","0.000026","0.000031","0.00005"
"2.2.1.2.4. 투입산출표 수입유발계수표(생산자가격, 대분류)","공공행정, 국방 및 사회보장","교육서비스","","원자료","0.000046","0.000055","0.000053","0.000052"
"2.2.1.2.4. 투입산출표 수입유발계수표(생산자가격, 대분류)","공공행정, 국방 및 사회보장","보건 및 사회복지 서비스","","원자료","0","0","0","0"
"2.2.1.2.4. 투입산출표 수입유발계수표(생산자가격, 대분류)","공공행정, 국방 및 사회보장","예술, 스포츠 및 여가 관련 서비스","","원자료","0.000108","0.0001","0.000178","0.000199"
"2.2.1.2.4. 투입산출표 수입유발계수표(생산자가격, 대분류)","공공행정, 국방 및 사회보장","기타 서비스","","원자료","0.000219","0.0003","0.000245","0.000244"
"2.2.1.2.4. 투입산출표 수입유발계수표(생산자가격, 대분류)","공공행정, 국방 및 사회보장","기타","","원자료","0","0","0","0"
"2.2.1.2.4. 투입산출표 수입유발계수표(생산자가격, 대분류)","공공행정, 국방 및 사회보장","열합","","원자료","0.07151","0.087718","0.107232","0.091058"
"2.2.1.2.4. 투입산출표 수입유발계수표(생산자가격, 대분류)","교육서비스","농림수산품","","원자료","0.001877","0.00193","0.002803","0.002557"
"2.2.1.2.4. 투입산출표 수입유발계수표(생산자가격, 대분류)","교육서비스","광산품","","원자료","0.018083","0.022217","0.03965","0.031555"
"2.2.1.2.4. 투입산출표 수입유발계수표(생산자가격, 대분류)","교육서비스","음식료품","","원자료","0.003814","0.003966","0.005","0.004798"
"2.2.1.2.4. 투입산출표 수입유발계수표(생산자가격, 대분류)","교육서비스","섬유 및 가죽제품","","원자료","0.001419","0.001574","0.0015","0.001279"
"2.2.1.2.4. 투입산출표 수입유발계수표(생산자가격, 대분류)","교육서비스","목재 및 종이, 인쇄","","원자료","0.001821","0.001987","0.002167","0.001841"
"2.2.1.2.4. 투입산출표 수입유발계수표(생산자가격, 대분류)","교육서비스","석탄 및 석유제품","","원자료","0.004562","0.006656","0.007426","0.006356"
"2.2.1.2.4. 투입산출표 수입유발계수표(생산자가격, 대분류)","교육서비스","화학제품","","원자료","0.005351","0.005882","0.006745","0.006676"
"2.2.1.2.4. 투입산출표 수입유발계수표(생산자가격, 대분류)","교육서비스","비금속광물제품","","원자료","0.000404","0.000418","0.000441","0.000389"
"2.2.1.2.4. 투입산출표 수입유발계수표(생산자가격, 대분류)","교육서비스","1차 금속제품","","원자료","0.001928","0.002594","0.002559","0.002179"
"2.2.1.2.4. 투입산출표 수입유발계수표(생산자가격, 대분류)","교육서비스","금속가공제품","","원자료","0.000637","0.000645","0.000665","0.000663"
"2.2.1.2.4. 투입산출표 수입유발계수표(생산자가격, 대분류)","교육서비스","컴퓨터, 전자 및 광학기기","","원자료","0.008302","0.009488","0.008897","0.008988"
"2.2.1.2.4. 투입산출표 수입유발계수표(생산자가격, 대분류)","교육서비스","전기장비","","원자료","0.001326","0.001547","0.001964","0.002059"
"2.2.1.2.4. 투입산출표 수입유발계수표(생산자가격, 대분류)","교육서비스","기계 및 장비","","원자료","0.000915","0.001002","0.001008","0.000919"
"2.2.1.2.4. 투입산출표 수입유발계수표(생산자가격, 대분류)","교육서비스","운송장비","","원자료","0.000449","0.000409","0.000509","0.000654"
"2.2.1.2.4. 투입산출표 수입유발계수표(생산자가격, 대분류)","교육서비스","기타 제조업 제품","","원자료","0.003443","0.003672","0.002975","0.002576"
"2.2.1.2.4. 투입산출표 수입유발계수표(생산자가격, 대분류)","교육서비스","제조임가공 및 산업용 장비 수리","","원자료","0.000967","0.000869","0.00095","0.000884"
"2.2.1.2.4. 투입산출표 수입유발계수표(생산자가격, 대분류)","교육서비스","전력, 가스 및 증기","","원자료","0.000001","0.000001","0.000001","0.000001"
"2.2.1.2.4. 투입산출표 수입유발계수표(생산자가격, 대분류)","교육서비스","수도, 폐기물처리 및 재활용서비스","","원자료","0.00001","0.000001","0.000019","0.000053"
"2.2.1.2.4. 투입산출표 수입유발계수표(생산자가격, 대분류)","교육서비스","건설","","원자료","0","0","0","0"
"2.2.1.2.4. 투입산출표 수입유발계수표(생산자가격, 대분류)","교육서비스","도소매 및 상품중개서비스","","원자료","0.000355","0.000386","0.000491","0.000405"
"2.2.1.2.4. 투입산출표 수입유발계수표(생산자가격, 대분류)","교육서비스","운송서비스","","원자료","0.001772","0.001682","0.001904","0.002116"
"2.2.1.2.4. 투입산출표 수입유발계수표(생산자가격, 대분류)","교육서비스","음식점 및 숙박서비스","","원자료","0.003161","0.004892","0.005055","0.002402"
"2.2.1.2.4. 투입산출표 수입유발계수표(생산자가격, 대분류)","교육서비스","정보통신 및 방송 서비스","","원자료","0.002297","0.003367","0.004445","0.004378"
"2.2.1.2.4. 투입산출표 수입유발계수표(생산자가격, 대분류)","교육서비스","금융 및 보험 서비스","","원자료","0.000544","0.000652","0.00058","0.001038"
"2.2.1.2.4. 투입산출표 수입유발계수표(생산자가격, 대분류)","교육서비스","부동산서비스","","원자료","0.000049","0.000038","0.000045","0.000056"
"2.2.1.2.4. 투입산출표 수입유발계수표(생산자가격, 대분류)","교육서비스","전문, 과학 및 기술 서비스","","원자료","0.00305","0.002931","0.003388","0.004299"
"2.2.1.2.4. 투입산출표 수입유발계수표(생산자가격, 대분류)","교육서비스","사업지원서비스","","원자료","0.00348","0.003301","0.003311","0.003842"
"2.2.1.2.4. 투입산출표 수입유발계수표(생산자가격, 대분류)","교육서비스","공공행정, 국방 및 사회보장","","원자료","0.000047","0.000031","0.000037","0.000054"
"2.2.1.2.4. 투입산출표 수입유발계수표(생산자가격, 대분류)","교육서비스","교육서비스","","원자료","0.000001","0","0","0"
"2.2.1.2.4. 투입산출표 수입유발계수표(생산자가격, 대분류)","교육서비스","보건 및 사회복지 서비스","","원자료","0","0","0","0"
"2.2.1.2.4. 투입산출표 수입유발계수표(생산자가격, 대분류)","교육서비스","예술, 스포츠 및 여가 관련 서비스","","원자료","0.000083","0.000066","0.000165","0.000128"
"2.2.1.2.4. 투입산출표 수입유발계수표(생산자가격, 대분류)","교육서비스","기타 서비스","","원자료","0.000158","0.000339","0.000228","0.000217"
"2.2.1.2.4. 투입산출표 수입유발계수표(생산자가격, 대분류)","교육서비스","기타","","원자료","0","0","0","0"
"2.2.1.2.4. 투입산출표 수입유발계수표(생산자가격, 대분류)","교육서비스","열합","","원자료","0.070305","0.082543","0.104926","0.093364"
"2.2.1.2.4. 투입산출표 수입유발계수표(생산자가격, 대분류)","보건 및 사회복지 서비스","농림수산품","","원자료","0.002378","0.002476","0.003013","0.002672"
"2.2.1.2.4. 투입산출표 수입유발계수표(생산자가격, 대분류)","보건 및 사회복지 서비스","광산품","","원자료","0.018793","0.022983","0.035549","0.028686"
"2.2.1.2.4. 투입산출표 수입유발계수표(생산자가격, 대분류)","보건 및 사회복지 서비스","음식료품","","원자료","0.006828","0.007244","0.00784","0.007119"
"2.2.1.2.4. 투입산출표 수입유발계수표(생산자가격, 대분류)","보건 및 사회복지 서비스","섬유 및 가죽제품","","원자료","0.002535","0.003119","0.002709","0.002253"
"2.2.1.2.4. 투입산출표 수입유발계수표(생산자가격, 대분류)","보건 및 사회복지 서비스","목재 및 종이, 인쇄","","원자료","0.001774","0.001944","0.00189","0.00158"
"2.2.1.2.4. 투입산출표 수입유발계수표(생산자가격, 대분류)","보건 및 사회복지 서비스","석탄 및 석유제품","","원자료","0.007997","0.011715","0.013793","0.012424"
"2.2.1.2.4. 투입산출표 수입유발계수표(생산자가격, 대분류)","보건 및 사회복지 서비스","화학제품","","원자료","0.058265","0.066605","0.076009","0.066695"
"2.2.1.2.4. 투입산출표 수입유발계수표(생산자가격, 대분류)","보건 및 사회복지 서비스","비금속광물제품","","원자료","0.000538","0.000539","0.000556","0.000508"
"2.2.1.2.4. 투입산출표 수입유발계수표(생산자가격, 대분류)","보건 및 사회복지 서비스","1차 금속제품","","원자료","0.003427","0.004574","0.004159","0.003361"
"2.2.1.2.4. 투입산출표 수입유발계수표(생산자가격, 대분류)","보건 및 사회복지 서비스","금속가공제품","","원자료","0.000625","0.000621","0.000597","0.000618"
"2.2.1.2.4. 투입산출표 수입유발계수표(생산자가격, 대분류)","보건 및 사회복지 서비스","컴퓨터, 전자 및 광학기기","","원자료","0.016234","0.015211","0.01382","0.015817"
"2.2.1.2.4. 투입산출표 수입유발계수표(생산자가격, 대분류)","보건 및 사회복지 서비스","전기장비","","원자료","0.001229","0.001394","0.001514","0.001626"
"2.2.1.2.4. 투입산출표 수입유발계수표(생산자가격, 대분류)","보건 및 사회복지 서비스","기계 및 장비","","원자료","0.001036","0.001082","0.00093","0.000881"
"2.2.1.2.4. 투입산출표 수입유발계수표(생산자가격, 대분류)","보건 및 사회복지 서비스","운송장비","","원자료","0.000512","0.000436","0.000578","0.00076"
"2.2.1.2.4. 투입산출표 수입유발계수표(생산자가격, 대분류)","보건 및 사회복지 서비스","기타 제조업 제품","","원자료","0.000875","0.000929","0.000731","0.000662"
"2.2.1.2.4. 투입산출표 수입유발계수표(생산자가격, 대분류)","보건 및 사회복지 서비스","제조임가공 및 산업용 장비 수리","","원자료","0.001348","0.001318","0.001252","0.001144"
"2.2.1.2.4. 투입산출표 수입유발계수표(생산자가격, 대분류)","보건 및 사회복지 서비스","전력, 가스 및 증기","","원자료","0.000003","0.000002","0.000002","0.000002"
"2.2.1.2.4. 투입산출표 수입유발계수표(생산자가격, 대분류)","보건 및 사회복지 서비스","수도, 폐기물처리 및 재활용서비스","","원자료","0.000017","0.000001","0.000031","0.000086"
"2.2.1.2.4. 투입산출표 수입유발계수표(생산자가격, 대분류)","보건 및 사회복지 서비스","건설","","원자료","0","0","0","0"
"2.2.1.2.4. 투입산출표 수입유발계수표(생산자가격, 대분류)","보건 및 사회복지 서비스","도소매 및 상품중개서비스","","원자료","0.000744","0.000814","0.000938","0.000783"
"2.2.1.2.4. 투입산출표 수입유발계수표(생산자가격, 대분류)","보건 및 사회복지 서비스","운송서비스","","원자료","0.002752","0.002507","0.002689","0.003033"
"2.2.1.2.4. 투입산출표 수입유발계수표(생산자가격, 대분류)","보건 및 사회복지 서비스","음식점 및 숙박서비스","","원자료","0.001613","0.002432","0.002463","0.001215"
"2.2.1.2.4. 투입산출표 수입유발계수표(생산자가격, 대분류)","보건 및 사회복지 서비스","정보통신 및 방송 서비스","","원자료","0.001083","0.001425","0.001844","0.001847"
"2.2.1.2.4. 투입산출표 수입유발계수표(생산자가격, 대분류)","보건 및 사회복지 서비스","금융 및 보험 서비스","","원자료","0.000808","0.000738","0.000653","0.001173"
"2.2.1.2.4. 투입산출표 수입유발계수표(생산자가격, 대분류)","보건 및 사회복지 서비스","부동산서비스","","원자료","0.000085","0.000065","0.000073","0.000088"
"2.2.1.2.4. 투입산출표 수입유발계수표(생산자가격, 대분류)","보건 및 사회복지 서비스","전문, 과학 및 기술 서비스","","원자료","0.003123","0.002809","0.003099","0.003779"
"2.2.1.2.4. 투입산출표 수입유발계수표(생산자가격, 대분류)","보건 및 사회복지 서비스","사업지원서비스","","원자료","0.003546","0.003245","0.003063","0.003539"
"2.2.1.2.4. 투입산출표 수입유발계수표(생산자가격, 대분류)","보건 및 사회복지 서비스","공공행정, 국방 및 사회보장","","원자료","0.000059","0.000036","0.00004","0.000065"
"2.2.1.2.4. 투입산출표 수입유발계수표(생산자가격, 대분류)","보건 및 사회복지 서비스","교육서비스","","원자료","0.000001","0","0","0"
"2.2.1.2.4. 투입산출표 수입유발계수표(생산자가격, 대분류)","보건 및 사회복지 서비스","보건 및 사회복지 서비스","","원자료","0","0","0","0"
"2.2.1.2.4. 투입산출표 수입유발계수표(생산자가격, 대분류)","보건 및 사회복지 서비스","예술, 스포츠 및 여가 관련 서비스","","원자료","0.000047","0.000039","0.000077","0.000055"
"2.2.1.2.4. 투입산출표 수입유발계수표(생산자가격, 대분류)","보건 및 사회복지 서비스","기타 서비스","","원자료","0.000184","0.000385","0.000248","0.000234"
"2.2.1.2.4. 투입산출표 수입유발계수표(생산자가격, 대분류)","보건 및 사회복지 서비스","기타","","원자료","0","0","0","0"
"2.2.1.2.4. 투입산출표 수입유발계수표(생산자가격, 대분류)","보건 및 사회복지 서비스","열합","","원자료","0.13846","0.156687","0.18016","0.162705"
"2.2.1.2.4. 투입산출표 수입유발계수표(생산자가격, 대분류)","예술, 스포츠 및 여가 관련 서비스","농림수산품","","원자료","0.003542","0.00364","0.006301","0.004259"
"2.2.1.2.4. 투입산출표 수입유발계수표(생산자가격, 대분류)","예술, 스포츠 및 여가 관련 서비스","광산품","","원자료","0.017441","0.020904","0.034004","0.024592"
"2.2.1.2.4. 투입산출표 수입유발계수표(생산자가격, 대분류)","예술, 스포츠 및 여가 관련 서비스","음식료품","","원자료","0.009545","0.009634","0.013185","0.010096"
"2.2.1.2.4. 투입산출표 수입유발계수표(생산자가격, 대분류)","예술, 스포츠 및 여가 관련 서비스","섬유 및 가죽제품","","원자료","0.004117","0.004083","0.004073","0.003288"
"2.2.1.2.4. 투입산출표 수입유발계수표(생산자가격, 대분류)","예술, 스포츠 및 여가 관련 서비스","목재 및 종이, 인쇄","","원자료","0.002657","0.003033","0.003235","0.002504"
"2.2.1.2.4. 투입산출표 수입유발계수표(생산자가격, 대분류)","예술, 스포츠 및 여가 관련 서비스","석탄 및 석유제품","","원자료","0.003602","0.004996","0.00569","0.004641"
"2.2.1.2.4. 투입산출표 수입유발계수표(생산자가격, 대분류)","예술, 스포츠 및 여가 관련 서비스","화학제품","","원자료","0.008314","0.009017","0.01078","0.008963"
"2.2.1.2.4. 투입산출표 수입유발계수표(생산자가격, 대분류)","예술, 스포츠 및 여가 관련 서비스","비금속광물제품","","원자료","0.000619","0.000627","0.00066","0.000511"
"2.2.1.2.4. 투입산출표 수입유발계수표(생산자가격, 대분류)","예술, 스포츠 및 여가 관련 서비스","1차 금속제품","","원자료","0.002661","0.003526","0.003513","0.002684"
"2.2.1.2.4. 투입산출표 수입유발계수표(생산자가격, 대분류)","예술, 스포츠 및 여가 관련 서비스","금속가공제품","","원자료","0.000879","0.000856","0.000904","0.000812"
"2.2.1.2.4. 투입산출표 수입유발계수표(생산자가격, 대분류)","예술, 스포츠 및 여가 관련 서비스","컴퓨터, 전자 및 광학기기","","원자료","0.006819","0.006976","0.007341","0.007313"
"2.2.1.2.4. 투입산출표 수입유발계수표(생산자가격, 대분류)","예술, 스포츠 및 여가 관련 서비스","전기장비","","원자료","0.001906","0.00218","0.002724","0.002618"
"2.2.1.2.4. 투입산출표 수입유발계수표(생산자가격, 대분류)","예술, 스포츠 및 여가 관련 서비스","기계 및 장비","","원자료","0.001155","0.001212","0.001185","0.001027"
"2.2.1.2.4. 투입산출표 수입유발계수표(생산자가격, 대분류)","예술, 스포츠 및 여가 관련 서비스","운송장비","","원자료","0.000657","0.000548","0.00074","0.000847"
"2.2.1.2.4. 투입산출표 수입유발계수표(생산자가격, 대분류)","예술, 스포츠 및 여가 관련 서비스","기타 제조업 제품","","원자료","0.007549","0.008522","0.006612","0.006328"
"2.2.1.2.4. 투입산출표 수입유발계수표(생산자가격, 대분류)","예술, 스포츠 및 여가 관련 서비스","제조임가공 및 산업용 장비 수리","","원자료","0.002175","0.001761","0.001969","0.001688"
"2.2.1.2.4. 투입산출표 수입유발계수표(생산자가격, 대분류)","예술, 스포츠 및 여가 관련 서비스","전력, 가스 및 증기","","원자료","0.000003","0.000002","0.000003","0.000002"
"2.2.1.2.4. 투입산출표 수입유발계수표(생산자가격, 대분류)","예술, 스포츠 및 여가 관련 서비스","수도, 폐기물처리 및 재활용서비스","","원자료","0.00001","0.000001","0.000017","0.000049"
"2.2.1.2.4. 투입산출표 수입유발계수표(생산자가격, 대분류)","예술, 스포츠 및 여가 관련 서비스","건설","","원자료","0","0","0","0"
"2.2.1.2.4. 투입산출표 수입유발계수표(생산자가격, 대분류)","예술, 스포츠 및 여가 관련 서비스","도소매 및 상품중개서비스","","원자료","0.000489","0.00051","0.000633","0.000466"
"2.2.1.2.4. 투입산출표 수입유발계수표(생산자가격, 대분류)","예술, 스포츠 및 여가 관련 서비스","운송서비스","","원자료","0.002942","0.002686","0.003137","0.003053"
"2.2.1.2.4. 투입산출표 수입유발계수표(생산자가격, 대분류)","예술, 스포츠 및 여가 관련 서비스","음식점 및 숙박서비스","","원자료","0.003217","0.004949","0.005176","0.002432"
"2.2.1.2.4. 투입산출표 수입유발계수표(생산자가격, 대분류)","예술, 스포츠 및 여가 관련 서비스","정보통신 및 방송 서비스","","원자료","0.004677","0.006008","0.007743","0.008064"
"2.2.1.2.4. 투입산출표 수입유발계수표(생산자가격, 대분류)","예술, 스포츠 및 여가 관련 서비스","금융 및 보험 서비스","","원자료","0.000839","0.000874","0.000766","0.001288"
"2.2.1.2.4. 투입산출표 수입유발계수표(생산자가격, 대분류)","예술, 스포츠 및 여가 관련 서비스","부동산서비스","","원자료","0.000124","0.000089","0.000116","0.000133"
"2.2.1.2.4. 투입산출표 수입유발계수표(생산자가격, 대분류)","예술, 스포츠 및 여가 관련 서비스","전문, 과학 및 기술 서비스","","원자료","0.007029","0.006346","0.007487","0.008968"
"2.2.1.2.4. 투입산출표 수입유발계수표(생산자가격, 대분류)","예술, 스포츠 및 여가 관련 서비스","사업지원서비스","","원자료","0.010342","0.009204","0.009016","0.010085"
"2.2.1.2.4. 투입산출표 수입유발계수표(생산자가격, 대분류)","예술, 스포츠 및 여가 관련 서비스","공공행정, 국방 및 사회보장","","원자료","0.00007","0.000045","0.000059","0.00007"
"2.2.1.2.4. 투입산출표 수입유발계수표(생산자가격, 대분류)","예술, 스포츠 및 여가 관련 서비스","교육서비스","","원자료","0.000001","0","0.000001","0"
"2.2.1.2.4. 투입산출표 수입유발계수표(생산자가격, 대분류)","예술, 스포츠 및 여가 관련 서비스","보건 및 사회복지 서비스","","원자료","0","0","0","0"
"2.2.1.2.4. 투입산출표 수입유발계수표(생산자가격, 대분류)","예술, 스포츠 및 여가 관련 서비스","예술, 스포츠 및 여가 관련 서비스","","원자료","0.001368","0.003162","0.005523","0.005497"
"2.2.1.2.4. 투입산출표 수입유발계수표(생산자가격, 대분류)","예술, 스포츠 및 여가 관련 서비스","기타 서비스","","원자료","0.000326","0.000684","0.000459","0.000408"
"2.2.1.2.4. 투입산출표 수입유발계수표(생산자가격, 대분류)","예술, 스포츠 및 여가 관련 서비스","기타","","원자료","0","0","0","0"
"2.2.1.2.4. 투입산출표 수입유발계수표(생산자가격, 대분류)","예술, 스포츠 및 여가 관련 서비스","열합","","원자료","0.105074","0.116075","0.143053","0.122688"
"2.2.1.2.4. 투입산출표 수입유발계수표(생산자가격, 대분류)","기타 서비스","농림수산품","","원자료","0.002426","0.00255","0.003447","0.003023"
"2.2.1.2.4. 투입산출표 수입유발계수표(생산자가격, 대분류)","기타 서비스","광산품","","원자료","0.02347","0.031004","0.046109","0.036082"
"2.2.1.2.4. 투입산출표 수입유발계수표(생산자가격, 대분류)","기타 서비스","음식료품","","원자료","0.005616","0.005989","0.007253","0.006936"
"2.2.1.2.4. 투입산출표 수입유발계수표(생산자가격, 대분류)","기타 서비스","섬유 및 가죽제품","","원자료","0.004583","0.004758","0.004706","0.003996"
"2.2.1.2.4. 투입산출표 수입유발계수표(생산자가격, 대분류)","기타 서비스","목재 및 종이, 인쇄","","원자료","0.002602","0.002997","0.003237","0.002542"
"2.2.1.2.4. 투입산출표 수입유발계수표(생산자가격, 대분류)","기타 서비스","석탄 및 석유제품","","원자료","0.008294","0.012046","0.012888","0.010995"
"2.2.1.2.4. 투입산출표 수입유발계수표(생산자가격, 대분류)","기타 서비스","화학제품","","원자료","0.021608","0.025557","0.026811","0.024869"
"2.2.1.2.4. 투입산출표 수입유발계수표(생산자가격, 대분류)","기타 서비스","비금속광물제품","","원자료","0.001439","0.001495","0.001576","0.001361"
"2.2.1.2.4. 투입산출표 수입유발계수표(생산자가격, 대분류)","기타 서비스","1차 금속제품","","원자료","0.008586","0.011632","0.011436","0.009259"
"2.2.1.2.4. 투입산출표 수입유발계수표(생산자가격, 대분류)","기타 서비스","금속가공제품","","원자료","0.002416","0.002474","0.002348","0.002278"
"2.2.1.2.4. 투입산출표 수입유발계수표(생산자가격, 대분류)","기타 서비스","컴퓨터, 전자 및 광학기기","","원자료","0.019627","0.019901","0.019819","0.020001"
"2.2.1.2.4. 투입산출표 수입유발계수표(생산자가격, 대분류)","기타 서비스","전기장비","","원자료","0.011017","0.013917","0.014193","0.016289"
"2.2.1.2.4. 투입산출표 수입유발계수표(생산자가격, 대분류)","기타 서비스","기계 및 장비","","원자료","0.003749","0.003838","0.003322","0.003134"
"2.2.1.2.4. 투입산출표 수입유발계수표(생산자가격, 대분류)","기타 서비스","운송장비","","원자료","0.01278","0.012885","0.012087","0.01221"
"2.2.1.2.4. 투입산출표 수입유발계수표(생산자가격, 대분류)","기타 서비스","기타 제조업 제품","","원자료","0.001069","0.001256","0.001116","0.000943"
"2.2.1.2.4. 투입산출표 수입유발계수표(생산자가격, 대분류)","기타 서비스","제조임가공 및 산업용 장비 수리","","원자료","0.003026","0.002627","0.002925","0.002765"
"2.2.1.2.4. 투입산출표 수입유발계수표(생산자가격, 대분류)","기타 서비스","전력, 가스 및 증기","","원자료","0.000003","0.000001","0.000002","0.000002"
"2.2.1.2.4. 투입산출표 수입유발계수표(생산자가격, 대분류)","기타 서비스","수도, 폐기물처리 및 재활용서비스","","원자료","0.000009","0.000001","0.000017","0.000047"
"2.2.1.2.4. 투입산출표 수입유발계수표(생산자가격, 대분류)","기타 서비스","건설","","원자료","0","0","0","0"
"2.2.1.2.4. 투입산출표 수입유발계수표(생산자가격, 대분류)","기타 서비스","도소매 및 상품중개서비스","","원자료","0.001114","0.001176","0.001324","0.001076"
"2.2.1.2.4. 투입산출표 수입유발계수표(생산자가격, 대분류)","기타 서비스","운송서비스","","원자료","0.003771","0.003697","0.004077","0.004379"
"2.2.1.2.4. 투입산출표 수입유발계수표(생산자가격, 대분류)","기타 서비스","음식점 및 숙박서비스","","원자료","0.004939","0.007866","0.007713","0.00371"
"2.2.1.2.4. 투입산출표 수입유발계수표(생산자가격, 대분류)","기타 서비스","정보통신 및 방송 서비스","","원자료","0.001943","0.002658","0.003355","0.003219"
"2.2.1.2.4. 투입산출표 수입유발계수표(생산자가격, 대분류)","기타 서비스","금융 및 보험 서비스","","원자료","0.001048","0.000989","0.000856","0.001507"
"2.2.1.2.4. 투입산출표 수입유발계수표(생산자가격, 대분류)","기타 서비스","부동산서비스","","원자료","0.00011","0.000085","0.000094","0.000111"
"2.2.1.2.4. 투입산출표 수입유발계수표(생산자가격, 대분류)","기타 서비스","전문, 과학 및 기술 서비스","","원자료","0.005656","0.005085","0.00563","0.006617"
"2.2.1.2.4. 투입산출표 수입유발계수표(생산자가격, 대분류)","기타 서비스","사업지원서비스","","원자료","0.004597","0.004389","0.004208","0.004651"
"2.2.1.2.4. 투입산출표 수입유발계수표(생산자가격, 대분류)","기타 서비스","공공행정, 국방 및 사회보장","","원자료","0.000071","0.000046","0.000057","0.00009"
"2.2.1.2.4. 투입산출표 수입유발계수표(생산자가격, 대분류)","기타 서비스","교육서비스","","원자료","0.000001","0.000001","0.000001","0.000001"
"2.2.1.2.4. 투입산출표 수입유발계수표(생산자가격, 대분류)","기타 서비스","보건 및 사회복지 서비스","","원자료","0","0","0","0"
"2.2.1.2.4. 투입산출표 수입유발계수표(생산자가격, 대분류)","기타 서비스","예술, 스포츠 및 여가 관련 서비스","","원자료","0.00018","0.00014","0.000294","0.0002"
"2.2.1.2.4. 투입산출표 수입유발계수표(생산자가격, 대분류)","기타 서비스","기타 서비스","","원자료","0.000725","0.00156","0.000995","0.000923"
"2.2.1.2.4. 투입산출표 수입유발계수표(생산자가격, 대분류)","기타 서비스","기타","","원자료","0","0","0","0"
"2.2.1.2.4. 투입산출표 수입유발계수표(생산자가격, 대분류)","기타 서비스","열합","","원자료","0.156474","0.182619","0.201894","0.183218"
"2.2.1.2.4. 투입산출표 수입유발계수표(생산자가격, 대분류)","기타","농림수산품","","원자료","0.001568","0.00295","0.002959","0.002224"
"2.2.1.2.4. 투입산출표 수입유발계수표(생산자가격, 대분류)","기타","광산품","","원자료","0.034507","0.031536","0.043243","0.02909"
"2.2.1.2.4. 투입산출표 수입유발계수표(생산자가격, 대분류)","기타","음식료품","","원자료","0.003019","0.005287","0.00511","0.004237"
"2.2.1.2.4. 투입산출표 수입유발계수표(생산자가격, 대분류)","기타","섬유 및 가죽제품","","원자료","0.003462","0.00542","0.003748","0.002393"
"2.2.1.2.4. 투입산출표 수입유발계수표(생산자가격, 대분류)","기타","목재 및 종이, 인쇄","","원자료","0.002121","0.002896","0.002481","0.001776"
"2.2.1.2.4. 투입산출표 수입유발계수표(생산자가격, 대분류)","기타","석탄 및 석유제품","","원자료","0.014565","0.006678","0.00688","0.006133"
"2.2.1.2.4. 투입산출표 수입유발계수표(생산자가격, 대분류)","기타","화학제품","","원자료","0.007732","0.011069","0.009963","0.007963"
"2.2.1.2.4. 투입산출표 수입유발계수표(생산자가격, 대분류)","기타","비금속광물제품","","원자료","0.000641","0.000953","0.000767","0.000526"
"2.2.1.2.4. 투입산출표 수입유발계수표(생산자가격, 대분류)","기타","1차 금속제품","","원자료","0.003954","0.006884","0.005568","0.003775"
"2.2.1.2.4. 투입산출표 수입유발계수표(생산자가격, 대분류)","기타","금속가공제품","","원자료","0.001771","0.001826","0.0017","0.001639"
"2.2.1.2.4. 투입산출표 수입유발계수표(생산자가격, 대분류)","기타","컴퓨터, 전자 및 광학기기","","원자료","0.008313","0.011479","0.009329","0.00848"
"2.2.1.2.4. 투입산출표 수입유발계수표(생산자가격, 대분류)","기타","전기장비","","원자료","0.002759","0.003103","0.003288","0.003085"
"2.2.1.2.4. 투입산출표 수입유발계수표(생산자가격, 대분류)","기타","기계 및 장비","","원자료","0.002343","0.002426","0.00206","0.001722"
"2.2.1.2.4. 투입산출표 수입유발계수표(생산자가격, 대분류)","기타","운송장비","","원자료","0.006046","0.001914","0.00298","0.004434"
"2.2.1.2.4. 투입산출표 수입유발계수표(생산자가격, 대분류)","기타","기타 제조업 제품","","원자료","0.000571","0.000976","0.000894","0.000721"
"2.2.1.2.4. 투입산출표 수입유발계수표(생산자가격, 대분류)","기타","제조임가공 및 산업용 장비 수리","","원자료","0.002003","0.002603","0.00195","0.001366"
"2.2.1.2.4. 투입산출표 수입유발계수표(생산자가격, 대분류)","기타","전력, 가스 및 증기","","원자료","0.000534","0.000656","0.000665","0.000696"
"2.2.1.2.4. 투입산출표 수입유발계수표(생산자가격, 대분류)","기타","수도, 폐기물처리 및 재활용서비스","","원자료","0.000059","0.000139","0.000159","0.000205"
"2.2.1.2.4. 투입산출표 수입유발계수표(생산자가격, 대분류)","기타","건설","","원자료","0.000004","0.000004","0.000006","0.000007"
"2.2.1.2.4. 투입산출표 수입유발계수표(생산자가격, 대분류)","기타","도소매 및 상품중개서비스","","원자료","0.000718","0.000773","0.00078","0.000526"
"2.2.1.2.4. 투입산출표 수입유발계수표(생산자가격, 대분류)","기타","운송서비스","","원자료","0.036605","0.005859","0.006985","0.008031"
"2.2.1.2.4. 투입산출표 수입유발계수표(생산자가격, 대분류)","기타","음식점 및 숙박서비스","","원자료","0.003333","0.005092","0.005392","0.002603"
"2.2.1.2.4. 투입산출표 수입유발계수표(생산자가격, 대분류)","기타","정보통신 및 방송 서비스","","원자료","0.003687","0.006954","0.008049","0.007836"
"2.2.1.2.4. 투입산출표 수입유발계수표(생산자가격, 대분류)","기타","금융 및 보험 서비스","","원자료","0.001432","0.002184","0.002304","0.003478"
"2.2.1.2.4. 투입산출표 수입유발계수표(생산자가격, 대분류)","기타","부동산서비스","","원자료","0.001992","0.002139","0.002632","0.003186"
"2.2.1.2.4. 투입산출표 수입유발계수표(생산자가격, 대분류)","기타","전문, 과학 및 기술 서비스","","원자료","0.004814","0.004788","0.004911","0.005511"
"2.2.1.2.4. 투입산출표 수입유발계수표(생산자가격, 대분류)","기타","사업지원서비스","","원자료","0.010485","0.006373","0.006432","0.007328"
"2.2.1.2.4. 투입산출표 수입유발계수표(생산자가격, 대분류)","기타","공공행정, 국방 및 사회보장","","원자료","0.000552","0.000053","0.000064","0.000134"
"2.2.1.2.4. 투입산출표 수입유발계수표(생산자가격, 대분류)","기타","교육서비스","","원자료","0.000026","0.000043","0.000045","0.000046"
"2.2.1.2.4. 투입산출표 수입유발계수표(생산자가격, 대분류)","기타","보건 및 사회복지 서비스","","원자료","0","0","0","0"
"2.2.1.2.4. 투입산출표 수입유발계수표(생산자가격, 대분류)","기타","예술, 스포츠 및 여가 관련 서비스","","원자료","0.0001","0.000102","0.000195","0.000199"
"2.2.1.2.4. 투입산출표 수입유발계수표(생산자가격, 대분류)","기타","기타 서비스","","원자료","0.000253","0.000431","0.000292","0.000282"
"2.2.1.2.4. 투입산출표 수입유발계수표(생산자가격, 대분류)","기타","기타","","원자료","0.000001","0.000001","0","0"
"2.2.1.2.4. 투입산출표 수입유발계수표(생산자가격, 대분류)","기타","열합","","원자료","0.159968","0.133592","0.141832","0.119633"
"2.2.1.2.4. 투입산출표 수입유발계수표(생산자가격, 대분류)","행합","농림수산품","","원자료","0.145159","0.153133","0.195494","0.171294"
"2.2.1.2.4. 투입산출표 수입유발계수표(생산자가격, 대분류)","행합","광산품","","원자료","2.093678","2.538128","3.501141","2.872564"
"2.2.1.2.4. 투입산출표 수입유발계수표(생산자가격, 대분류)","행합","음식료품","","원자료","0.266094","0.28994","0.350776","0.312364"
"2.2.1.2.4. 투입산출표 수입유발계수표(생산자가격, 대분류)","행합","섬유 및 가죽제품","","원자료","0.297008","0.335926","0.337566","0.31382"
"2.2.1.2.4. 투입산출표 수입유발계수표(생산자가격, 대분류)","행합","목재 및 종이, 인쇄","","원자료","0.209466","0.234185","0.250448","0.210258"
"2.2.1.2.4. 투입산출표 수입유발계수표(생산자가격, 대분류)","행합","석탄 및 석유제품","","원자료","0.328924","0.449245","0.49761","0.449016"
"2.2.1.2.4. 투입산출표 수입유발계수표(생산자가격, 대분류)","행합","화학제품","","원자료","0.742273","0.809299","0.927973","0.892851"
"2.2.1.2.4. 투입산출표 수입유발계수표(생산자가격, 대분류)","행합","비금속광물제품","","원자료","0.101651","0.105182","0.106854","0.09084"
"2.2.1.2.4. 투입산출표 수입유발계수표(생산자가격, 대분류)","행합","1차 금속제품","","원자료","0.515752","0.675582","0.677565","0.579048"
"2.2.1.2.4. 투입산출표 수입유발계수표(생산자가격, 대분류)","행합","금속가공제품","","원자료","0.099896","0.101435","0.102982","0.102339"
"2.2.1.2.4. 투입산출표 수입유발계수표(생산자가격, 대분류)","행합","컴퓨터, 전자 및 광학기기","","원자료","0.564587","0.572628","0.597607","0.621132"
"2.2.1.2.4. 투입산출표 수입유발계수표(생산자가격, 대분류)","행합","전기장비","","원자료","0.212439","0.254597","0.298646","0.314671"
"2.2.1.2.4. 투입산출표 수입유발계수표(생산자가격, 대분류)","행합","기계 및 장비","","원자료","0.215538","0.229514","0.224746","0.213673"
"2.2.1.2.4. 투입산출표 수입유발계수표(생산자가격, 대분류)","행합","운송장비","","원자료","0.10255","0.092101","0.115987","0.130916"
"2.2.1.2.4. 투입산출표 수입유발계수표(생산자가격, 대분류)","행합","기타 제조업 제품","","원자료","0.064981","0.075074","0.07416","0.066305"
"2.2.1.2.4. 투입산출표 수입유발계수표(생산자가격, 대분류)","행합","제조임가공 및 산업용 장비 수리","","원자료","0.181715","0.16742","0.18097","0.180536"
"2.2.1.2.4. 투입산출표 수입유발계수표(생산자가격, 대분류)","행합","전력, 가스 및 증기","","원자료","0.001586","0.001553","0.00151","0.001561"
"2.2.1.2.4. 투입산출표 수입유발계수표(생산자가격, 대분류)","행합","수도, 폐기물처리 및 재활용서비스","","원자료","0.00038","0.000338","0.000732","0.001529"
"2.2.1.2.4. 투입산출표 수입유발계수표(생산자가격, 대분류)","행합","건설","","원자료","0.000012","0.000011","0.000013","0.000015"
"2.2.1.2.4. 투입산출표 수입유발계수표(생산자가격, 대분류)","행합","도소매 및 상품중개서비스","","원자료","0.049877","0.05343","0.060372","0.050608"
"2.2.1.2.4. 투입산출표 수입유발계수표(생산자가격, 대분류)","행합","운송서비스","","원자료","0.296279","0.245548","0.273474","0.296194"
"2.2.1.2.4. 투입산출표 수입유발계수표(생산자가격, 대분류)","행합","음식점 및 숙박서비스","","원자료","0.064713","0.102214","0.106576","0.053048"
"2.2.1.2.4. 투입산출표 수입유발계수표(생산자가격, 대분류)","행합","정보통신 및 방송 서비스","","원자료","0.093561","0.127508","0.162796","0.159112"
"2.2.1.2.4. 투입산출표 수입유발계수표(생산자가격, 대분류)","행합","금융 및 보험 서비스","","원자료","0.034326","0.038451","0.031006","0.057929"
"2.2.1.2.4. 투입산출표 수입유발계수표(생산자가격, 대분류)","행합","부동산서비스","","원자료","0.009292","0.007816","0.009093","0.010864"
"2.2.1.2.4. 투입산출표 수입유발계수표(생산자가격, 대분류)","행합","전문, 과학 및 기술 서비스","","원자료","0.225305","0.205723","0.230851","0.273236"
"2.2.1.2.4. 투입산출표 수입유발계수표(생산자가격, 대분류)","행합","사업지원서비스","","원자료","0.228786","0.226321","0.220043","0.246043"
"2.2.1.2.4. 투입산출표 수입유발계수표(생산자가격, 대분류)","행합","공공행정, 국방 및 사회보장","","원자료","0.007164","0.00443","0.005182","0.007399"
"2.2.1.2.4. 투입산출표 수입유발계수표(생산자가격, 대분류)","행합","교육서비스","","원자료","0.0001","0.000117","0.000118","0.000118"
"2.2.1.2.4. 투입산출표 수입유발계수표(생산자가격, 대분류)","행합","보건 및 사회복지 서비스","","원자료","0.000005","0.000008","0.000011","0.000012"
"2.2.1.2.4. 투입산출표 수입유발계수표(생산자가격, 대분류)","행합","예술, 스포츠 및 여가 관련 서비스","","원자료","0.005306","0.005642","0.012363","0.010317"
"2.2.1.2.4. 투입산출표 수입유발계수표(생산자가격, 대분류)","행합","기타 서비스","","원자료","0.010184","0.021011","0.013977","0.013017"
"2.2.1.2.4. 투입산출표 수입유발계수표(생산자가격, 대분류)","행합","기타","","원자료","0.000001","0.000001","0","0"
"2.2.1.2.4. 투입산출표 수입유발계수표(생산자가격, 대분류)","행합","열합","","원자료","7.168591","8.12351","9.56864","8.70263"