통계표,수요부문(열),투입부문(행),단위,변환,2020,2021,2022,2023
"2.2.1.2.3. 투입산출표 생산유발계수표(생산자가격, 대분류)","농림수산품","농림수산품","","원자료","1.095745","1.101027","1.092833","1.101715"
"2.2.1.2.3. 투입산출표 생산유발계수표(생산자가격, 대분류)","농림수산품","광산품","","원자료","0.000531","0.000549","0.001062","0.000532"
"2.2.1.2.3. 투입산출표 생산유발계수표(생산자가격, 대분류)","농림수산품","음식료품","","원자료","0.185144","0.180192","0.203502","0.233339"
"2.2.1.2.3. 투입산출표 생산유발계수표(생산자가격, 대분류)","농림수산품","섬유 및 가죽제품","","원자료","0.018267","0.023489","0.017751","0.011915"
"2.2.1.2.3. 투입산출표 생산유발계수표(생산자가격, 대분류)","농림수산품","목재 및 종이, 인쇄","","원자료","0.029544","0.03067","0.025747","0.027063"
"2.2.1.2.3. 투입산출표 생산유발계수표(생산자가격, 대분류)","농림수산품","석탄 및 석유제품","","원자료","0.031806","0.03668","0.047359","0.037658"
"2.2.1.2.3. 투입산출표 생산유발계수표(생산자가격, 대분류)","농림수산품","화학제품","","원자료","0.103953","0.107566","0.112238","0.10516"
"2.2.1.2.3. 투입산출표 생산유발계수표(생산자가격, 대분류)","농림수산품","비금속광물제품","","원자료","0.0035","0.00334","0.003219","0.003081"
"2.2.1.2.3. 투입산출표 생산유발계수표(생산자가격, 대분류)","농림수산품","1차 금속제품","","원자료","0.007576","0.009687","0.009175","0.007403"
"2.2.1.2.3. 투입산출표 생산유발계수표(생산자가격, 대분류)","농림수산품","금속가공제품","","원자료","0.010901","0.010638","0.010418","0.010188"
"2.2.1.2.3. 투입산출표 생산유발계수표(생산자가격, 대분류)","농림수산품","컴퓨터, 전자 및 광학기기","","원자료","0.011439","0.01166","0.01152","0.010043"
"2.2.1.2.3. 투입산출표 생산유발계수표(생산자가격, 대분류)","농림수산품","전기장비","","원자료","0.008348","0.008701","0.010548","0.009341"
"2.2.1.2.3. 투입산출표 생산유발계수표(생산자가격, 대분류)","농림수산품","기계 및 장비","","원자료","0.005838","0.006207","0.006284","0.005017"
"2.2.1.2.3. 투입산출표 생산유발계수표(생산자가격, 대분류)","농림수산품","운송장비","","원자료","0.009262","0.008229","0.009661","0.009346"
"2.2.1.2.3. 투입산출표 생산유발계수표(생산자가격, 대분류)","농림수산품","기타 제조업 제품","","원자료","0.001699","0.001732","0.001773","0.001795"
"2.2.1.2.3. 투입산출표 생산유발계수표(생산자가격, 대분류)","농림수산품","제조임가공 및 산업용 장비 수리","","원자료","0.019543","0.018467","0.021208","0.020032"
"2.2.1.2.3. 투입산출표 생산유발계수표(생산자가격, 대분류)","농림수산품","전력, 가스 및 증기","","원자료","0.0336","0.033691","0.043908","0.050792"
"2.2.1.2.3. 투입산출표 생산유발계수표(생산자가격, 대분류)","농림수산품","수도, 폐기물처리 및 재활용서비스","","원자료","0.006427","0.006397","0.006315","0.005798"
"2.2.1.2.3. 투입산출표 생산유발계수표(생산자가격, 대분류)","농림수산품","건설","","원자료","0.00536","0.005459","0.003946","0.002884"
"2.2.1.2.3. 투입산출표 생산유발계수표(생산자가격, 대분류)","농림수산품","도소매 및 상품중개서비스","","원자료","0.094102","0.092858","0.092026","0.097108"
"2.2.1.2.3. 투입산출표 생산유발계수표(생산자가격, 대분류)","농림수산품","운송서비스","","원자료","0.046916","0.045245","0.048756","0.050119"
"2.2.1.2.3. 투입산출표 생산유발계수표(생산자가격, 대분류)","농림수산품","음식점 및 숙박서비스","","원자료","0.015432","0.014757","0.016024","0.017441"
"2.2.1.2.3. 투입산출표 생산유발계수표(생산자가격, 대분류)","농림수산품","정보통신 및 방송 서비스","","원자료","0.01638","0.015282","0.015275","0.014209"
"2.2.1.2.3. 투입산출표 생산유발계수표(생산자가격, 대분류)","농림수산품","금융 및 보험 서비스","","원자료","0.03399","0.035826","0.04042","0.033406"
"2.2.1.2.3. 투입산출표 생산유발계수표(생산자가격, 대분류)","농림수산품","부동산서비스","","원자료","0.011438","0.010819","0.010063","0.010313"
"2.2.1.2.3. 투입산출표 생산유발계수표(생산자가격, 대분류)","농림수산품","전문, 과학 및 기술 서비스","","원자료","0.047882","0.047976","0.052112","0.052529"
"2.2.1.2.3. 투입산출표 생산유발계수표(생산자가격, 대분류)","농림수산품","사업지원서비스","","원자료","0.017427","0.016153","0.016385","0.016724"
"2.2.1.2.3. 투입산출표 생산유발계수표(생산자가격, 대분류)","농림수산품","공공행정, 국방 및 사회보장","","원자료","0.003989","0.004361","0.005176","0.004333"
"2.2.1.2.3. 투입산출표 생산유발계수표(생산자가격, 대분류)","농림수산품","교육서비스","","원자료","0.000494","0.000777","0.000646","0.000628"
"2.2.1.2.3. 투입산출표 생산유발계수표(생산자가격, 대분류)","농림수산품","보건 및 사회복지 서비스","","원자료","0.002633","0.002887","0.002625","0.002301"
"2.2.1.2.3. 투입산출표 생산유발계수표(생산자가격, 대분류)","농림수산품","예술, 스포츠 및 여가 관련 서비스","","원자료","0.002449","0.002317","0.002497","0.002387"
"2.2.1.2.3. 투입산출표 생산유발계수표(생산자가격, 대분류)","농림수산품","기타 서비스","","원자료","0.005061","0.004426","0.004603","0.004513"
"2.2.1.2.3. 투입산출표 생산유발계수표(생산자가격, 대분류)","농림수산품","기타","","원자료","0.007154","0.005781","0.006138","0.004957"
"2.2.1.2.3. 투입산출표 생산유발계수표(생산자가격, 대분류)","농림수산품","열합","","원자료","1.893831","1.903843","1.951213","1.964069"
"2.2.1.2.3. 투입산출표 생산유발계수표(생산자가격, 대분류)","농림수산품","영향력계수","","원자료","1.006032","1.007162","1.026856","1.038462"
"2.2.1.2.3. 투입산출표 생산유발계수표(생산자가격, 대분류)","광산품","농림수산품","","원자료","0.006367","0.007318","0.007356","0.00714"
"2.2.1.2.3. 투입산출표 생산유발계수표(생산자가격, 대분류)","광산품","광산품","","원자료","1.001048","1.001335","1.002282","1.001208"
"2.2.1.2.3. 투입산출표 생산유발계수표(생산자가격, 대분류)","광산품","음식료품","","원자료","0.015312","0.016627","0.019306","0.01856"
"2.2.1.2.3. 투입산출표 생산유발계수표(생산자가격, 대분류)","광산품","섬유 및 가죽제품","","원자료","0.01339","0.013862","0.012431","0.009885"
"2.2.1.2.3. 투입산출표 생산유발계수표(생산자가격, 대분류)","광산품","목재 및 종이, 인쇄","","원자료","0.011122","0.01248","0.012187","0.010659"
"2.2.1.2.3. 투입산출표 생산유발계수표(생산자가격, 대분류)","광산품","석탄 및 석유제품","","원자료","0.040586","0.048934","0.069827","0.048253"
"2.2.1.2.3. 투입산출표 생산유발계수표(생산자가격, 대분류)","광산품","화학제품","","원자료","0.07718","0.097971","0.093532","0.08053"
"2.2.1.2.3. 투입산출표 생산유발계수표(생산자가격, 대분류)","광산품","비금속광물제품","","원자료","0.005951","0.006325","0.005711","0.004781"
"2.2.1.2.3. 투입산출표 생산유발계수표(생산자가격, 대분류)","광산품","1차 금속제품","","원자료","0.022756","0.029508","0.028919","0.022732"
"2.2.1.2.3. 투입산출표 생산유발계수표(생산자가격, 대분류)","광산품","금속가공제품","","원자료","0.04076","0.046271","0.042777","0.039405"
"2.2.1.2.3. 투입산출표 생산유발계수표(생산자가격, 대분류)","광산품","컴퓨터, 전자 및 광학기기","","원자료","0.019104","0.01847","0.018441","0.017132"
"2.2.1.2.3. 투입산출표 생산유발계수표(생산자가격, 대분류)","광산품","전기장비","","원자료","0.031016","0.0342","0.043657","0.038497"
"2.2.1.2.3. 투입산출표 생산유발계수표(생산자가격, 대분류)","광산품","기계 및 장비","","원자료","0.038049","0.037579","0.03332","0.030862"
"2.2.1.2.3. 투입산출표 생산유발계수표(생산자가격, 대분류)","광산품","운송장비","","원자료","0.051591","0.050322","0.060941","0.056165"
"2.2.1.2.3. 투입산출표 생산유발계수표(생산자가격, 대분류)","광산품","기타 제조업 제품","","원자료","0.002907","0.003269","0.003258","0.003231"
"2.2.1.2.3. 투입산출표 생산유발계수표(생산자가격, 대분류)","광산품","제조임가공 및 산업용 장비 수리","","원자료","0.041349","0.044427","0.048366","0.047056"
"2.2.1.2.3. 투입산출표 생산유발계수표(생산자가격, 대분류)","광산품","전력, 가스 및 증기","","원자료","0.071322","0.075311","0.083867","0.090357"
"2.2.1.2.3. 투입산출표 생산유발계수표(생산자가격, 대분류)","광산품","수도, 폐기물처리 및 재활용서비스","","원자료","0.009309","0.009635","0.009002","0.00777"
"2.2.1.2.3. 투입산출표 생산유발계수표(생산자가격, 대분류)","광산품","건설","","원자료","0.014423","0.016056","0.011526","0.008199"
"2.2.1.2.3. 투입산출표 생산유발계수표(생산자가격, 대분류)","광산품","도소매 및 상품중개서비스","","원자료","0.050904","0.054611","0.0526","0.048815"
"2.2.1.2.3. 투입산출표 생산유발계수표(생산자가격, 대분류)","광산품","운송서비스","","원자료","0.190156","0.194673","0.196143","0.179625"
"2.2.1.2.3. 투입산출표 생산유발계수표(생산자가격, 대분류)","광산품","음식점 및 숙박서비스","","원자료","0.029566","0.030194","0.034236","0.036339"
"2.2.1.2.3. 투입산출표 생산유발계수표(생산자가격, 대분류)","광산품","정보통신 및 방송 서비스","","원자료","0.023273","0.022616","0.023004","0.020971"
"2.2.1.2.3. 투입산출표 생산유발계수표(생산자가격, 대분류)","광산품","금융 및 보험 서비스","","원자료","0.041266","0.039563","0.035683","0.029359"
"2.2.1.2.3. 투입산출표 생산유발계수표(생산자가격, 대분류)","광산품","부동산서비스","","원자료","0.014319","0.014103","0.012775","0.012462"
"2.2.1.2.3. 투입산출표 생산유발계수표(생산자가격, 대분류)","광산품","전문, 과학 및 기술 서비스","","원자료","0.079524","0.077586","0.077918","0.084813"
"2.2.1.2.3. 투입산출표 생산유발계수표(생산자가격, 대분류)","광산품","사업지원서비스","","원자료","0.076569","0.074314","0.074839","0.072601"
"2.2.1.2.3. 투입산출표 생산유발계수표(생산자가격, 대분류)","광산품","공공행정, 국방 및 사회보장","","원자료","0.002976","0.00331","0.004244","0.003781"
"2.2.1.2.3. 투입산출표 생산유발계수표(생산자가격, 대분류)","광산품","교육서비스","","원자료","0.000728","0.001194","0.000994","0.0009"
"2.2.1.2.3. 투입산출표 생산유발계수표(생산자가격, 대분류)","광산품","보건 및 사회복지 서비스","","원자료","0.003692","0.004525","0.004327","0.004012"
"2.2.1.2.3. 투입산출표 생산유발계수표(생산자가격, 대분류)","광산품","예술, 스포츠 및 여가 관련 서비스","","원자료","0.008028","0.00886","0.009869","0.009366"
"2.2.1.2.3. 투입산출표 생산유발계수표(생산자가격, 대분류)","광산품","기타 서비스","","원자료","0.012345","0.01194","0.011903","0.011452"
"2.2.1.2.3. 투입산출표 생산유발계수표(생산자가격, 대분류)","광산품","기타","","원자료","0.005103","0.004226","0.004804","0.004133"
"2.2.1.2.3. 투입산출표 생산유발계수표(생산자가격, 대분류)","광산품","열합","","원자료","2.051993","2.111616","2.150047","2.061052"
"2.2.1.2.3. 투입산출표 생산유발계수표(생산자가격, 대분류)","광산품","영향력계수","","원자료","1.090049","1.117077","1.131495","1.089739"
"2.2.1.2.3. 투입산출표 생산유발계수표(생산자가격, 대분류)","음식료품","농림수산품","","원자료","0.273384","0.283091","0.247873","0.241929"
"2.2.1.2.3. 투입산출표 생산유발계수표(생산자가격, 대분류)","음식료품","광산품","","원자료","0.001043","0.001046","0.001498","0.001095"
"2.2.1.2.3. 투입산출표 생산유발계수표(생산자가격, 대분류)","음식료품","음식료품","","원자료","1.184641","1.19064","1.199378","1.20355"
"2.2.1.2.3. 투입산출표 생산유발계수표(생산자가격, 대분류)","음식료품","섬유 및 가죽제품","","원자료","0.011077","0.012682","0.010914","0.007398"
"2.2.1.2.3. 투입산출표 생산유발계수표(생산자가격, 대분류)","음식료품","목재 및 종이, 인쇄","","원자료","0.041285","0.043345","0.041492","0.039977"
"2.2.1.2.3. 투입산출표 생산유발계수표(생산자가격, 대분류)","음식료품","석탄 및 석유제품","","원자료","0.020174","0.02338","0.028728","0.02326"
"2.2.1.2.3. 투입산출표 생산유발계수표(생산자가격, 대분류)","음식료품","화학제품","","원자료","0.075034","0.079508","0.075811","0.073279"
"2.2.1.2.3. 투입산출표 생산유발계수표(생산자가격, 대분류)","음식료품","비금속광물제품","","원자료","0.009359","0.007978","0.007769","0.008021"
"2.2.1.2.3. 투입산출표 생산유발계수표(생산자가격, 대분류)","음식료품","1차 금속제품","","원자료","0.009401","0.011676","0.011215","0.009801"
"2.2.1.2.3. 투입산출표 생산유발계수표(생산자가격, 대분류)","음식료품","금속가공제품","","원자료","0.023946","0.023967","0.02318","0.023785"
"2.2.1.2.3. 투입산출표 생산유발계수표(생산자가격, 대분류)","음식료품","컴퓨터, 전자 및 광학기기","","원자료","0.012346","0.011656","0.011777","0.011866"
"2.2.1.2.3. 투입산출표 생산유발계수표(생산자가격, 대분류)","음식료품","전기장비","","원자료","0.008926","0.009359","0.011597","0.011481"
"2.2.1.2.3. 투입산출표 생산유발계수표(생산자가격, 대분류)","음식료품","기계 및 장비","","원자료","0.006839","0.007139","0.007248","0.00636"
"2.2.1.2.3. 투입산출표 생산유발계수표(생산자가격, 대분류)","음식료품","운송장비","","원자료","0.009597","0.008928","0.009647","0.00956"
"2.2.1.2.3. 투입산출표 생산유발계수표(생산자가격, 대분류)","음식료품","기타 제조업 제품","","원자료","0.003151","0.002957","0.0032","0.003604"
"2.2.1.2.3. 투입산출표 생산유발계수표(생산자가격, 대분류)","음식료품","제조임가공 및 산업용 장비 수리","","원자료","0.045574","0.043019","0.0526","0.050873"
"2.2.1.2.3. 투입산출표 생산유발계수표(생산자가격, 대분류)","음식료품","전력, 가스 및 증기","","원자료","0.034529","0.037794","0.04564","0.049922"
"2.2.1.2.3. 투입산출표 생산유발계수표(생산자가격, 대분류)","음식료품","수도, 폐기물처리 및 재활용서비스","","원자료","0.011147","0.010295","0.010636","0.009644"
"2.2.1.2.3. 투입산출표 생산유발계수표(생산자가격, 대분류)","음식료품","건설","","원자료","0.004595","0.004687","0.003634","0.002997"
"2.2.1.2.3. 투입산출표 생산유발계수표(생산자가격, 대분류)","음식료품","도소매 및 상품중개서비스","","원자료","0.130278","0.129595","0.119303","0.125471"
"2.2.1.2.3. 투입산출표 생산유발계수표(생산자가격, 대분류)","음식료품","운송서비스","","원자료","0.067804","0.071189","0.069414","0.072254"
"2.2.1.2.3. 투입산출표 생산유발계수표(생산자가격, 대분류)","음식료품","음식점 및 숙박서비스","","원자료","0.015994","0.015217","0.018516","0.020398"
"2.2.1.2.3. 투입산출표 생산유발계수표(생산자가격, 대분류)","음식료품","정보통신 및 방송 서비스","","원자료","0.019161","0.018073","0.018392","0.018558"
"2.2.1.2.3. 투입산출표 생산유발계수표(생산자가격, 대분류)","음식료품","금융 및 보험 서비스","","원자료","0.033802","0.034728","0.035046","0.031478"
"2.2.1.2.3. 투입산출표 생산유발계수표(생산자가격, 대분류)","음식료품","부동산서비스","","원자료","0.016024","0.015367","0.014074","0.015081"
"2.2.1.2.3. 투입산출표 생산유발계수표(생산자가격, 대분류)","음식료품","전문, 과학 및 기술 서비스","","원자료","0.073679","0.072996","0.076988","0.093905"
"2.2.1.2.3. 투입산출표 생산유발계수표(생산자가격, 대분류)","음식료품","사업지원서비스","","원자료","0.023035","0.021666","0.023642","0.024683"
"2.2.1.2.3. 투입산출표 생산유발계수표(생산자가격, 대분류)","음식료품","공공행정, 국방 및 사회보장","","원자료","0.001868","0.00201","0.002542","0.002172"
"2.2.1.2.3. 투입산출표 생산유발계수표(생산자가격, 대분류)","음식료품","교육서비스","","원자료","0.000777","0.001234","0.001014","0.001031"
"2.2.1.2.3. 투입산출표 생산유발계수표(생산자가격, 대분류)","음식료품","보건 및 사회복지 서비스","","원자료","0.002285","0.002467","0.00265","0.002342"
"2.2.1.2.3. 투입산출표 생산유발계수표(생산자가격, 대분류)","음식료품","예술, 스포츠 및 여가 관련 서비스","","원자료","0.00243","0.002347","0.002888","0.002864"
"2.2.1.2.3. 투입산출표 생산유발계수표(생산자가격, 대분류)","음식료품","기타 서비스","","원자료","0.006227","0.005438","0.006294","0.006252"
"2.2.1.2.3. 투입산출표 생산유발계수표(생산자가격, 대분류)","음식료품","기타","","원자료","0.003281","0.002614","0.002948","0.002417"
"2.2.1.2.3. 투입산출표 생산유발계수표(생산자가격, 대분류)","음식료품","열합","","원자료","2.182694","2.208087","2.197547","2.207307"
"2.2.1.2.3. 투입산출표 생산유발계수표(생산자가격, 대분류)","음식료품","영향력계수","","원자료","1.159479","1.168112","1.156493","1.167069"
"2.2.1.2.3. 투입산출표 생산유발계수표(생산자가격, 대분류)","섬유 및 가죽제품","농림수산품","","원자료","0.005363","0.007323","0.006024","0.005393"
"2.2.1.2.3. 투입산출표 생산유발계수표(생산자가격, 대분류)","섬유 및 가죽제품","광산품","","원자료","0.000445","0.00061","0.001002","0.000432"
"2.2.1.2.3. 투입산출표 생산유발계수표(생산자가격, 대분류)","섬유 및 가죽제품","음식료품","","원자료","0.010565","0.016512","0.014671","0.012307"
"2.2.1.2.3. 투입산출표 생산유발계수표(생산자가격, 대분류)","섬유 및 가죽제품","섬유 및 가죽제품","","원자료","1.209558","1.244894","1.232433","1.16111"
"2.2.1.2.3. 투입산출표 생산유발계수표(생산자가격, 대분류)","섬유 및 가죽제품","목재 및 종이, 인쇄","","원자료","0.011996","0.013326","0.012651","0.011222"
"2.2.1.2.3. 투입산출표 생산유발계수표(생산자가격, 대분류)","섬유 및 가죽제품","석탄 및 석유제품","","원자료","0.017059","0.020658","0.024856","0.019884"
"2.2.1.2.3. 투입산출표 생산유발계수표(생산자가격, 대분류)","섬유 및 가죽제품","화학제품","","원자료","0.134179","0.137955","0.135302","0.128106"
"2.2.1.2.3. 투입산출표 생산유발계수표(생산자가격, 대분류)","섬유 및 가죽제품","비금속광물제품","","원자료","0.002381","0.00267","0.002375","0.002014"
"2.2.1.2.3. 투입산출표 생산유발계수표(생산자가격, 대분류)","섬유 및 가죽제품","1차 금속제품","","원자료","0.006244","0.008387","0.007636","0.006482"
"2.2.1.2.3. 투입산출표 생산유발계수표(생산자가격, 대분류)","섬유 및 가죽제품","금속가공제품","","원자료","0.009606","0.009519","0.008605","0.008885"
"2.2.1.2.3. 투입산출표 생산유발계수표(생산자가격, 대분류)","섬유 및 가죽제품","컴퓨터, 전자 및 광학기기","","원자료","0.010919","0.010854","0.010082","0.010073"
"2.2.1.2.3. 투입산출표 생산유발계수표(생산자가격, 대분류)","섬유 및 가죽제품","전기장비","","원자료","0.008428","0.00953","0.010938","0.010737"
"2.2.1.2.3. 투입산출표 생산유발계수표(생산자가격, 대분류)","섬유 및 가죽제품","기계 및 장비","","원자료","0.004162","0.004897","0.00469","0.00385"
"2.2.1.2.3. 투입산출표 생산유발계수표(생산자가격, 대분류)","섬유 및 가죽제품","운송장비","","원자료","0.009808","0.010464","0.010252","0.009982"
"2.2.1.2.3. 투입산출표 생산유발계수표(생산자가격, 대분류)","섬유 및 가죽제품","기타 제조업 제품","","원자료","0.003106","0.002575","0.002491","0.003124"
"2.2.1.2.3. 투입산출표 생산유발계수표(생산자가격, 대분류)","섬유 및 가죽제품","제조임가공 및 산업용 장비 수리","","원자료","0.079961","0.093262","0.097493","0.093831"
"2.2.1.2.3. 투입산출표 생산유발계수표(생산자가격, 대분류)","섬유 및 가죽제품","전력, 가스 및 증기","","원자료","0.031682","0.039819","0.04288","0.044804"
"2.2.1.2.3. 투입산출표 생산유발계수표(생산자가격, 대분류)","섬유 및 가죽제품","수도, 폐기물처리 및 재활용서비스","","원자료","0.011684","0.018484","0.013926","0.010532"
"2.2.1.2.3. 투입산출표 생산유발계수표(생산자가격, 대분류)","섬유 및 가죽제품","건설","","원자료","0.002978","0.003281","0.002569","0.002253"
"2.2.1.2.3. 투입산출표 생산유발계수표(생산자가격, 대분류)","섬유 및 가죽제품","도소매 및 상품중개서비스","","원자료","0.134712","0.142598","0.130392","0.124654"
"2.2.1.2.3. 투입산출표 생산유발계수표(생산자가격, 대분류)","섬유 및 가죽제품","운송서비스","","원자료","0.062457","0.067436","0.066349","0.069082"
"2.2.1.2.3. 투입산출표 생산유발계수표(생산자가격, 대분류)","섬유 및 가죽제품","음식점 및 숙박서비스","","원자료","0.019924","0.018495","0.019919","0.022957"
"2.2.1.2.3. 투입산출표 생산유발계수표(생산자가격, 대분류)","섬유 및 가죽제품","정보통신 및 방송 서비스","","원자료","0.018242","0.017766","0.016639","0.016245"
"2.2.1.2.3. 투입산출표 생산유발계수표(생산자가격, 대분류)","섬유 및 가죽제품","금융 및 보험 서비스","","원자료","0.038353","0.039073","0.037583","0.033571"
"2.2.1.2.3. 투입산출표 생산유발계수표(생산자가격, 대분류)","섬유 및 가죽제품","부동산서비스","","원자료","0.019221","0.017448","0.015257","0.01656"
"2.2.1.2.3. 투입산출표 생산유발계수표(생산자가격, 대분류)","섬유 및 가죽제품","전문, 과학 및 기술 서비스","","원자료","0.0537","0.053069","0.048557","0.058462"
"2.2.1.2.3. 투입산출표 생산유발계수표(생산자가격, 대분류)","섬유 및 가죽제품","사업지원서비스","","원자료","0.026908","0.024892","0.023426","0.026477"
"2.2.1.2.3. 투입산출표 생산유발계수표(생산자가격, 대분류)","섬유 및 가죽제품","공공행정, 국방 및 사회보장","","원자료","0.001028","0.001194","0.00159","0.001391"
"2.2.1.2.3. 투입산출표 생산유발계수표(생산자가격, 대분류)","섬유 및 가죽제품","교육서비스","","원자료","0.000759","0.00129","0.00102","0.000986"
"2.2.1.2.3. 투입산출표 생산유발계수표(생산자가격, 대분류)","섬유 및 가죽제품","보건 및 사회복지 서비스","","원자료","0.002201","0.002518","0.002214","0.002111"
"2.2.1.2.3. 투입산출표 생산유발계수표(생산자가격, 대분류)","섬유 및 가죽제품","예술, 스포츠 및 여가 관련 서비스","","원자료","0.002947","0.002919","0.003107","0.003243"
"2.2.1.2.3. 투입산출표 생산유발계수표(생산자가격, 대분류)","섬유 및 가죽제품","기타 서비스","","원자료","0.005936","0.005681","0.005537","0.00565"
"2.2.1.2.3. 투입산출표 생산유발계수표(생산자가격, 대분류)","섬유 및 가죽제품","기타","","원자료","0.001767","0.001528","0.00181","0.001516"
"2.2.1.2.3. 투입산출표 생산유발계수표(생산자가격, 대분류)","섬유 및 가죽제품","열합","","원자료","1.958278","2.050928","2.014278","1.927923"
"2.2.1.2.3. 투입산출표 생산유발계수표(생산자가격, 대분류)","섬유 및 가죽제품","영향력계수","","원자료","1.040267","1.084973","1.060045","1.01935"
"2.2.1.2.3. 투입산출표 생산유발계수표(생산자가격, 대분류)","목재 및 종이, 인쇄","농림수산품","","원자료","0.012572","0.012647","0.011905","0.011939"
"2.2.1.2.3. 투입산출표 생산유발계수표(생산자가격, 대분류)","목재 및 종이, 인쇄","광산품","","원자료","0.000843","0.000892","0.001722","0.000804"
"2.2.1.2.3. 투입산출표 생산유발계수표(생산자가격, 대분류)","목재 및 종이, 인쇄","음식료품","","원자료","0.012774","0.01276","0.014465","0.014989"
"2.2.1.2.3. 투입산출표 생산유발계수표(생산자가격, 대분류)","목재 및 종이, 인쇄","섬유 및 가죽제품","","원자료","0.027699","0.027241","0.027419","0.017145"
"2.2.1.2.3. 투입산출표 생산유발계수표(생산자가격, 대분류)","목재 및 종이, 인쇄","목재 및 종이, 인쇄","","원자료","1.294556","1.309233","1.314747","1.28811"
"2.2.1.2.3. 투입산출표 생산유발계수표(생산자가격, 대분류)","목재 및 종이, 인쇄","석탄 및 석유제품","","원자료","0.021152","0.023694","0.030038","0.024823"
"2.2.1.2.3. 투입산출표 생산유발계수표(생산자가격, 대분류)","목재 및 종이, 인쇄","화학제품","","원자료","0.118742","0.129826","0.130227","0.121178"
"2.2.1.2.3. 투입산출표 생산유발계수표(생산자가격, 대분류)","목재 및 종이, 인쇄","비금속광물제품","","원자료","0.004114","0.004001","0.003734","0.003238"
"2.2.1.2.3. 투입산출표 생산유발계수표(생산자가격, 대분류)","목재 및 종이, 인쇄","1차 금속제품","","원자료","0.010901","0.01365","0.012691","0.011368"
"2.2.1.2.3. 투입산출표 생산유발계수표(생산자가격, 대분류)","목재 및 종이, 인쇄","금속가공제품","","원자료","0.0233","0.023903","0.021775","0.023244"
"2.2.1.2.3. 투입산출표 생산유발계수표(생산자가격, 대분류)","목재 및 종이, 인쇄","컴퓨터, 전자 및 광학기기","","원자료","0.017465","0.015276","0.014318","0.015908"
"2.2.1.2.3. 투입산출표 생산유발계수표(생산자가격, 대분류)","목재 및 종이, 인쇄","전기장비","","원자료","0.01341","0.014171","0.016072","0.016254"
"2.2.1.2.3. 투입산출표 생산유발계수표(생산자가격, 대분류)","목재 및 종이, 인쇄","기계 및 장비","","원자료","0.006879","0.007606","0.007134","0.006406"
"2.2.1.2.3. 투입산출표 생산유발계수표(생산자가격, 대분류)","목재 및 종이, 인쇄","운송장비","","원자료","0.012431","0.011332","0.011341","0.011588"
"2.2.1.2.3. 투입산출표 생산유발계수표(생산자가격, 대분류)","목재 및 종이, 인쇄","기타 제조업 제품","","원자료","0.002653","0.002926","0.002887","0.002954"
"2.2.1.2.3. 투입산출표 생산유발계수표(생산자가격, 대분류)","목재 및 종이, 인쇄","제조임가공 및 산업용 장비 수리","","원자료","0.052541","0.052598","0.056093","0.057244"
"2.2.1.2.3. 투입산출표 생산유발계수표(생산자가격, 대분류)","목재 및 종이, 인쇄","전력, 가스 및 증기","","원자료","0.067735","0.068794","0.076268","0.088224"
"2.2.1.2.3. 투입산출표 생산유발계수표(생산자가격, 대분류)","목재 및 종이, 인쇄","수도, 폐기물처리 및 재활용서비스","","원자료","0.018035","0.024885","0.020271","0.018116"
"2.2.1.2.3. 투입산출표 생산유발계수표(생산자가격, 대분류)","목재 및 종이, 인쇄","건설","","원자료","0.005187","0.005071","0.003951","0.003337"
"2.2.1.2.3. 투입산출표 생산유발계수표(생산자가격, 대분류)","목재 및 종이, 인쇄","도소매 및 상품중개서비스","","원자료","0.115322","0.114091","0.106296","0.106478"
"2.2.1.2.3. 투입산출표 생산유발계수표(생산자가격, 대분류)","목재 및 종이, 인쇄","운송서비스","","원자료","0.079591","0.080173","0.076303","0.080809"
"2.2.1.2.3. 투입산출표 생산유발계수표(생산자가격, 대분류)","목재 및 종이, 인쇄","음식점 및 숙박서비스","","원자료","0.022089","0.020984","0.023206","0.026598"
"2.2.1.2.3. 투입산출표 생산유발계수표(생산자가격, 대분류)","목재 및 종이, 인쇄","정보통신 및 방송 서비스","","원자료","0.024062","0.022908","0.022541","0.022721"
"2.2.1.2.3. 투입산출표 생산유발계수표(생산자가격, 대분류)","목재 및 종이, 인쇄","금융 및 보험 서비스","","원자료","0.041947","0.0416","0.040069","0.036621"
"2.2.1.2.3. 투입산출표 생산유발계수표(생산자가격, 대분류)","목재 및 종이, 인쇄","부동산서비스","","원자료","0.018196","0.017429","0.015561","0.016334"
"2.2.1.2.3. 투입산출표 생산유발계수표(생산자가격, 대분류)","목재 및 종이, 인쇄","전문, 과학 및 기술 서비스","","원자료","0.058972","0.058493","0.054634","0.067739"
"2.2.1.2.3. 투입산출표 생산유발계수표(생산자가격, 대분류)","목재 및 종이, 인쇄","사업지원서비스","","원자료","0.033507","0.031405","0.030302","0.033011"
"2.2.1.2.3. 투입산출표 생산유발계수표(생산자가격, 대분류)","목재 및 종이, 인쇄","공공행정, 국방 및 사회보장","","원자료","0.002059","0.00211","0.002839","0.002596"
"2.2.1.2.3. 투입산출표 생산유발계수표(생산자가격, 대분류)","목재 및 종이, 인쇄","교육서비스","","원자료","0.000991","0.001542","0.001269","0.001254"
"2.2.1.2.3. 투입산출표 생산유발계수표(생산자가격, 대분류)","목재 및 종이, 인쇄","보건 및 사회복지 서비스","","원자료","0.002813","0.003116","0.002819","0.002821"
"2.2.1.2.3. 투입산출표 생산유발계수표(생산자가격, 대분류)","목재 및 종이, 인쇄","예술, 스포츠 및 여가 관련 서비스","","원자료","0.00355","0.003493","0.003833","0.004057"
"2.2.1.2.3. 투입산출표 생산유발계수표(생산자가격, 대분류)","목재 및 종이, 인쇄","기타 서비스","","원자료","0.006938","0.006249","0.006203","0.006578"
"2.2.1.2.3. 투입산출표 생산유발계수표(생산자가격, 대분류)","목재 및 종이, 인쇄","기타","","원자료","0.003609","0.002738","0.003294","0.002898"
"2.2.1.2.3. 투입산출표 생산유발계수표(생산자가격, 대분류)","목재 및 종이, 인쇄","열합","","원자료","2.136639","2.166839","2.166227","2.147385"
"2.2.1.2.3. 투입산출표 생산유발계수표(생산자가격, 대분류)","목재 및 종이, 인쇄","영향력계수","","원자료","1.135015","1.146291","1.14001","1.135386"
"2.2.1.2.3. 투입산출표 생산유발계수표(생산자가격, 대분류)","석탄 및 석유제품","농림수산품","","원자료","0.001369","0.001002","0.000945","0.000958"
"2.2.1.2.3. 투입산출표 생산유발계수표(생산자가격, 대분류)","석탄 및 석유제품","광산품","","원자료","0.00173","0.001066","0.001949","0.000863"
"2.2.1.2.3. 투입산출표 생산유발계수표(생산자가격, 대분류)","석탄 및 석유제품","음식료품","","원자료","0.003266","0.002307","0.002528","0.002496"
"2.2.1.2.3. 투입산출표 생산유발계수표(생산자가격, 대분류)","석탄 및 석유제품","섬유 및 가죽제품","","원자료","0.00387","0.002691","0.002353","0.001649"
"2.2.1.2.3. 투입산출표 생산유발계수표(생산자가격, 대분류)","석탄 및 석유제품","목재 및 종이, 인쇄","","원자료","0.004851","0.003398","0.003253","0.002976"
"2.2.1.2.3. 투입산출표 생산유발계수표(생산자가격, 대분류)","석탄 및 석유제품","석탄 및 석유제품","","원자료","1.032416","1.029847","1.03755","1.032603"
"2.2.1.2.3. 투입산출표 생산유발계수표(생산자가격, 대분류)","석탄 및 석유제품","화학제품","","원자료","0.037079","0.033396","0.02715","0.027663"
"2.2.1.2.3. 투입산출표 생산유발계수표(생산자가격, 대분류)","석탄 및 석유제품","비금속광물제품","","원자료","0.002793","0.001841","0.001644","0.001515"
"2.2.1.2.3. 투입산출표 생산유발계수표(생산자가격, 대분류)","석탄 및 석유제품","1차 금속제품","","원자료","0.017677","0.01403","0.013389","0.010716"
"2.2.1.2.3. 투입산출표 생산유발계수표(생산자가격, 대분류)","석탄 및 석유제품","금속가공제품","","원자료","0.03792","0.024914","0.023394","0.022406"
"2.2.1.2.3. 투입산출표 생산유발계수표(생산자가격, 대분류)","석탄 및 석유제품","컴퓨터, 전자 및 광학기기","","원자료","0.015914","0.009143","0.009158","0.008887"
"2.2.1.2.3. 투입산출표 생산유발계수표(생산자가격, 대분류)","석탄 및 석유제품","전기장비","","원자료","0.010016","0.007026","0.007424","0.0068"
"2.2.1.2.3. 투입산출표 생산유발계수표(생산자가격, 대분류)","석탄 및 석유제품","기계 및 장비","","원자료","0.018666","0.012048","0.012517","0.010074"
"2.2.1.2.3. 투입산출표 생산유발계수표(생산자가격, 대분류)","석탄 및 석유제품","운송장비","","원자료","0.006741","0.003733","0.004016","0.004001"
"2.2.1.2.3. 투입산출표 생산유발계수표(생산자가격, 대분류)","석탄 및 석유제품","기타 제조업 제품","","원자료","0.000858","0.000597","0.00057","0.000592"
"2.2.1.2.3. 투입산출표 생산유발계수표(생산자가격, 대분류)","석탄 및 석유제품","제조임가공 및 산업용 장비 수리","","원자료","0.012894","0.007318","0.007482","0.007311"
"2.2.1.2.3. 투입산출표 생산유발계수표(생산자가격, 대분류)","석탄 및 석유제품","전력, 가스 및 증기","","원자료","0.039468","0.035425","0.035595","0.038265"
"2.2.1.2.3. 투입산출표 생산유발계수표(생산자가격, 대분류)","석탄 및 석유제품","수도, 폐기물처리 및 재활용서비스","","원자료","0.003751","0.002956","0.002339","0.00222"
"2.2.1.2.3. 투입산출표 생산유발계수표(생산자가격, 대분류)","석탄 및 석유제품","건설","","원자료","0.003362","0.002133","0.001518","0.00117"
"2.2.1.2.3. 투입산출표 생산유발계수표(생산자가격, 대분류)","석탄 및 석유제품","도소매 및 상품중개서비스","","원자료","0.027089","0.020419","0.018762","0.018815"
"2.2.1.2.3. 투입산출표 생산유발계수표(생산자가격, 대분류)","석탄 및 석유제품","운송서비스","","원자료","0.025688","0.01939","0.015276","0.016577"
"2.2.1.2.3. 투입산출표 생산유발계수표(생산자가격, 대분류)","석탄 및 석유제품","음식점 및 숙박서비스","","원자료","0.006701","0.004337","0.004511","0.005093"
"2.2.1.2.3. 투입산출표 생산유발계수표(생산자가격, 대분류)","석탄 및 석유제품","정보통신 및 방송 서비스","","원자료","0.012133","0.007492","0.007347","0.00695"
"2.2.1.2.3. 투입산출표 생산유발계수표(생산자가격, 대분류)","석탄 및 석유제품","금융 및 보험 서비스","","원자료","0.011711","0.013179","0.012614","0.011966"
"2.2.1.2.3. 투입산출표 생산유발계수표(생산자가격, 대분류)","석탄 및 석유제품","부동산서비스","","원자료","0.005667","0.003779","0.003296","0.003455"
"2.2.1.2.3. 투입산출표 생산유발계수표(생산자가격, 대분류)","석탄 및 석유제품","전문, 과학 및 기술 서비스","","원자료","0.038108","0.024636","0.02205","0.025922"
"2.2.1.2.3. 투입산출표 생산유발계수표(생산자가격, 대분류)","석탄 및 석유제품","사업지원서비스","","원자료","0.01444","0.009198","0.008059","0.008572"
"2.2.1.2.3. 투입산출표 생산유발계수표(생산자가격, 대분류)","석탄 및 석유제품","공공행정, 국방 및 사회보장","","원자료","0.001335","0.000811","0.001166","0.000962"
"2.2.1.2.3. 투입산출표 생산유발계수표(생산자가격, 대분류)","석탄 및 석유제품","교육서비스","","원자료","0.000452","0.000468","0.000378","0.000372"
"2.2.1.2.3. 투입산출표 생산유발계수표(생산자가격, 대분류)","석탄 및 석유제품","보건 및 사회복지 서비스","","원자료","0.000815","0.000583","0.000524","0.000511"
"2.2.1.2.3. 투입산출표 생산유발계수표(생산자가격, 대분류)","석탄 및 석유제품","예술, 스포츠 및 여가 관련 서비스","","원자료","0.001364","0.000891","0.000939","0.000921"
"2.2.1.2.3. 투입산출표 생산유발계수표(생산자가격, 대분류)","석탄 및 석유제품","기타 서비스","","원자료","0.00325","0.00216","0.00168","0.001806"
"2.2.1.2.3. 투입산출표 생산유발계수표(생산자가격, 대분류)","석탄 및 석유제품","기타","","원자료","0.002379","0.001063","0.001377","0.001093"
"2.2.1.2.3. 투입산출표 생산유발계수표(생산자가격, 대분류)","석탄 및 석유제품","열합","","원자료","1.405775","1.303278","1.292755","1.286181"
"2.2.1.2.3. 투입산출표 생산유발계수표(생산자가격, 대분류)","석탄 및 석유제품","영향력계수","","원자료","0.746768","0.689454","0.680332","0.680042"
"2.2.1.2.3. 투입산출표 생산유발계수표(생산자가격, 대분류)","화학제품","농림수산품","","원자료","0.005917","0.005821","0.005709","0.005964"
"2.2.1.2.3. 투입산출표 생산유발계수표(생산자가격, 대분류)","화학제품","광산품","","원자료","0.001683","0.00184","0.00237","0.001821"
"2.2.1.2.3. 투입산출표 생산유발계수표(생산자가격, 대분류)","화학제품","음식료품","","원자료","0.012265","0.01241","0.013823","0.013179"
"2.2.1.2.3. 투입산출표 생산유발계수표(생산자가격, 대분류)","화학제품","섬유 및 가죽제품","","원자료","0.011752","0.015198","0.014541","0.007319"
"2.2.1.2.3. 투입산출표 생산유발계수표(생산자가격, 대분류)","화학제품","목재 및 종이, 인쇄","","원자료","0.014806","0.01409","0.013747","0.013005"
"2.2.1.2.3. 투입산출표 생산유발계수표(생산자가격, 대분류)","화학제품","석탄 및 석유제품","","원자료","0.064802","0.073796","0.081158","0.073941"
"2.2.1.2.3. 투입산출표 생산유발계수표(생산자가격, 대분류)","화학제품","화학제품","","원자료","1.258543","1.275078","1.276281","1.267511"
"2.2.1.2.3. 투입산출표 생산유발계수표(생산자가격, 대분류)","화학제품","비금속광물제품","","원자료","0.007081","0.006316","0.005186","0.005072"
"2.2.1.2.3. 투입산출표 생산유발계수표(생산자가격, 대분류)","화학제품","1차 금속제품","","원자료","0.01473","0.017868","0.015097","0.012673"
"2.2.1.2.3. 투입산출표 생산유발계수표(생산자가격, 대분류)","화학제품","금속가공제품","","원자료","0.01883","0.016937","0.01569","0.015279"
"2.2.1.2.3. 투입산출표 생산유발계수표(생산자가격, 대분류)","화학제품","컴퓨터, 전자 및 광학기기","","원자료","0.013109","0.010814","0.010445","0.010679"
"2.2.1.2.3. 투입산출표 생산유발계수표(생산자가격, 대분류)","화학제품","전기장비","","원자료","0.00961","0.009081","0.010147","0.010463"
"2.2.1.2.3. 투입산출표 생산유발계수표(생산자가격, 대분류)","화학제품","기계 및 장비","","원자료","0.007303","0.006866","0.007018","0.005646"
"2.2.1.2.3. 투입산출표 생산유발계수표(생산자가격, 대분류)","화학제품","운송장비","","원자료","0.009079","0.007682","0.007807","0.00808"
"2.2.1.2.3. 투입산출표 생산유발계수표(생산자가격, 대분류)","화학제품","기타 제조업 제품","","원자료","0.001574","0.001505","0.001448","0.001598"
"2.2.1.2.3. 투입산출표 생산유발계수표(생산자가격, 대분류)","화학제품","제조임가공 및 산업용 장비 수리","","원자료","0.041008","0.037251","0.040323","0.039928"
"2.2.1.2.3. 투입산출표 생산유발계수표(생산자가격, 대분류)","화학제품","전력, 가스 및 증기","","원자료","0.057025","0.0547","0.061001","0.067035"
"2.2.1.2.3. 투입산출표 생산유발계수표(생산자가격, 대분류)","화학제품","수도, 폐기물처리 및 재활용서비스","","원자료","0.01788","0.017006","0.017878","0.019591"
"2.2.1.2.3. 투입산출표 생산유발계수표(생산자가격, 대분류)","화학제품","건설","","원자료","0.004319","0.003745","0.002788","0.002306"
"2.2.1.2.3. 투입산출표 생산유발계수표(생산자가격, 대분류)","화학제품","도소매 및 상품중개서비스","","원자료","0.074242","0.071375","0.066572","0.06956"
"2.2.1.2.3. 투입산출표 생산유발계수표(생산자가격, 대분류)","화학제품","운송서비스","","원자료","0.056452","0.054998","0.053286","0.056996"
"2.2.1.2.3. 투입산출표 생산유발계수표(생산자가격, 대분류)","화학제품","음식점 및 숙박서비스","","원자료","0.014917","0.012807","0.014289","0.016376"
"2.2.1.2.3. 투입산출표 생산유발계수표(생산자가격, 대분류)","화학제품","정보통신 및 방송 서비스","","원자료","0.017136","0.01473","0.014346","0.014735"
"2.2.1.2.3. 투입산출표 생산유발계수표(생산자가격, 대분류)","화학제품","금융 및 보험 서비스","","원자료","0.030039","0.027159","0.027229","0.025978"
"2.2.1.2.3. 투입산출표 생산유발계수표(생산자가격, 대분류)","화학제품","부동산서비스","","원자료","0.012112","0.010756","0.009491","0.010276"
"2.2.1.2.3. 투입산출표 생산유발계수표(생산자가격, 대분류)","화학제품","전문, 과학 및 기술 서비스","","원자료","0.075192","0.066383","0.06409","0.078506"
"2.2.1.2.3. 투입산출표 생산유발계수표(생산자가격, 대분류)","화학제품","사업지원서비스","","원자료","0.022081","0.018911","0.018149","0.020147"
"2.2.1.2.3. 투입산출표 생산유발계수표(생산자가격, 대분류)","화학제품","공공행정, 국방 및 사회보장","","원자료","0.002461","0.002494","0.00344","0.003005"
"2.2.1.2.3. 투입산출표 생산유발계수표(생산자가격, 대분류)","화학제품","교육서비스","","원자료","0.000853","0.001227","0.000966","0.000982"
"2.2.1.2.3. 투입산출표 생산유발계수표(생산자가격, 대분류)","화학제품","보건 및 사회복지 서비스","","원자료","0.001831","0.001817","0.001624","0.001629"
"2.2.1.2.3. 투입산출표 생산유발계수표(생산자가격, 대분류)","화학제품","예술, 스포츠 및 여가 관련 서비스","","원자료","0.002489","0.002182","0.002363","0.002514"
"2.2.1.2.3. 투입산출표 생산유발계수표(생산자가격, 대분류)","화학제품","기타 서비스","","원자료","0.004898","0.004058","0.003979","0.00428"
"2.2.1.2.3. 투입산출표 생산유발계수표(생산자가격, 대분류)","화학제품","기타","","원자료","0.004372","0.003277","0.00405","0.003406"
"2.2.1.2.3. 투입산출표 생산유발계수표(생산자가격, 대분류)","화학제품","열합","","원자료","1.890391","1.880178","1.886331","1.889477"
"2.2.1.2.3. 투입산출표 생산유발계수표(생산자가격, 대분류)","화학제품","영향력계수","","원자료","1.004204","0.994643","0.992711","0.999022"
"2.2.1.2.3. 투입산출표 생산유발계수표(생산자가격, 대분류)","비금속광물제품","농림수산품","","원자료","0.004268","0.004529","0.004409","0.004627"
"2.2.1.2.3. 투입산출표 생산유발계수표(생산자가격, 대분류)","비금속광물제품","광산품","","원자료","0.079082","0.084449","0.080178","0.0887"
"2.2.1.2.3. 투입산출표 생산유발계수표(생산자가격, 대분류)","비금속광물제품","음식료품","","원자료","0.010284","0.010464","0.011697","0.01211"
"2.2.1.2.3. 투입산출표 생산유발계수표(생산자가격, 대분류)","비금속광물제품","섬유 및 가죽제품","","원자료","0.01219","0.0158","0.014999","0.00949"
"2.2.1.2.3. 투입산출표 생산유발계수표(생산자가격, 대분류)","비금속광물제품","목재 및 종이, 인쇄","","원자료","0.020334","0.020394","0.01952","0.01868"
"2.2.1.2.3. 투입산출표 생산유발계수표(생산자가격, 대분류)","비금속광물제품","석탄 및 석유제품","","원자료","0.055174","0.063707","0.090697","0.077303"
"2.2.1.2.3. 투입산출표 생산유발계수표(생산자가격, 대분류)","비금속광물제품","화학제품","","원자료","0.078822","0.087214","0.083035","0.07737"
"2.2.1.2.3. 투입산출표 생산유발계수표(생산자가격, 대분류)","비금속광물제품","비금속광물제품","","원자료","1.134355","1.127974","1.129063","1.136878"
"2.2.1.2.3. 투입산출표 생산유발계수표(생산자가격, 대분류)","비금속광물제품","1차 금속제품","","원자료","0.033395","0.046812","0.044868","0.036668"
"2.2.1.2.3. 투입산출표 생산유발계수표(생산자가격, 대분류)","비금속광물제품","금속가공제품","","원자료","0.029733","0.03082","0.027857","0.027387"
"2.2.1.2.3. 투입산출표 생산유발계수표(생산자가격, 대분류)","비금속광물제품","컴퓨터, 전자 및 광학기기","","원자료","0.016103","0.014439","0.013591","0.014151"
"2.2.1.2.3. 투입산출표 생산유발계수표(생산자가격, 대분류)","비금속광물제품","전기장비","","원자료","0.019901","0.021259","0.024045","0.02397"
"2.2.1.2.3. 투입산출표 생산유발계수표(생산자가격, 대분류)","비금속광물제품","기계 및 장비","","원자료","0.013284","0.013079","0.012088","0.010998"
"2.2.1.2.3. 투입산출표 생산유발계수표(생산자가격, 대분류)","비금속광물제품","운송장비","","원자료","0.024214","0.02232","0.022027","0.021984"
"2.2.1.2.3. 투입산출표 생산유발계수표(생산자가격, 대분류)","비금속광물제품","기타 제조업 제품","","원자료","0.002121","0.002214","0.002062","0.002231"
"2.2.1.2.3. 투입산출표 생산유발계수표(생산자가격, 대분류)","비금속광물제품","제조임가공 및 산업용 장비 수리","","원자료","0.047142","0.044856","0.04834","0.04854"
"2.2.1.2.3. 투입산출표 생산유발계수표(생산자가격, 대분류)","비금속광물제품","전력, 가스 및 증기","","원자료","0.069691","0.080743","0.095271","0.094816"
"2.2.1.2.3. 투입산출표 생산유발계수표(생산자가격, 대분류)","비금속광물제품","수도, 폐기물처리 및 재활용서비스","","원자료","0.020752","0.021552","0.020528","0.019962"
"2.2.1.2.3. 투입산출표 생산유발계수표(생산자가격, 대분류)","비금속광물제품","건설","","원자료","0.005602","0.005605","0.004074","0.003349"
"2.2.1.2.3. 투입산출표 생산유발계수표(생산자가격, 대분류)","비금속광물제품","도소매 및 상품중개서비스","","원자료","0.080688","0.080966","0.073922","0.077154"
"2.2.1.2.3. 투입산출표 생산유발계수표(생산자가격, 대분류)","비금속광물제품","운송서비스","","원자료","0.166658","0.175128","0.170904","0.172724"
"2.2.1.2.3. 투입산출표 생산유발계수표(생산자가격, 대분류)","비금속광물제품","음식점 및 숙박서비스","","원자료","0.02093","0.019764","0.021083","0.024369"
"2.2.1.2.3. 투입산출표 생산유발계수표(생산자가격, 대분류)","비금속광물제품","정보통신 및 방송 서비스","","원자료","0.022011","0.020629","0.019387","0.019693"
"2.2.1.2.3. 투입산출표 생산유발계수표(생산자가격, 대분류)","비금속광물제품","금융 및 보험 서비스","","원자료","0.038999","0.038992","0.037387","0.033687"
"2.2.1.2.3. 투입산출표 생산유발계수표(생산자가격, 대분류)","비금속광물제품","부동산서비스","","원자료","0.015117","0.014397","0.012324","0.013093"
"2.2.1.2.3. 투입산출표 생산유발계수표(생산자가격, 대분류)","비금속광물제품","전문, 과학 및 기술 서비스","","원자료","0.07822","0.074296","0.067782","0.085265"
"2.2.1.2.3. 투입산출표 생산유발계수표(생산자가격, 대분류)","비금속광물제품","사업지원서비스","","원자료","0.035832","0.034009","0.031827","0.033719"
"2.2.1.2.3. 투입산출표 생산유발계수표(생산자가격, 대분류)","비금속광물제품","공공행정, 국방 및 사회보장","","원자료","0.001435","0.00147","0.001932","0.00179"
"2.2.1.2.3. 투입산출표 생산유발계수표(생산자가격, 대분류)","비금속광물제품","교육서비스","","원자료","0.001024","0.001516","0.001182","0.001175"
"2.2.1.2.3. 투입산출표 생산유발계수표(생산자가격, 대분류)","비금속광물제품","보건 및 사회복지 서비스","","원자료","0.002565","0.002712","0.002417","0.002418"
"2.2.1.2.3. 투입산출표 생산유발계수표(생산자가격, 대분류)","비금속광물제품","예술, 스포츠 및 여가 관련 서비스","","원자료","0.003853","0.003826","0.003991","0.004202"
"2.2.1.2.3. 투입산출표 생산유발계수표(생산자가격, 대분류)","비금속광물제품","기타 서비스","","원자료","0.01006","0.009454","0.008598","0.008959"
"2.2.1.2.3. 투입산출표 생산유발계수표(생산자가격, 대분류)","비금속광물제품","기타","","원자료","0.002348","0.001788","0.002067","0.001833"
"2.2.1.2.3. 투입산출표 생산유발계수표(생산자가격, 대분류)","비금속광물제품","열합","","원자료","2.15619","2.197178","2.203153","2.209292"
"2.2.1.2.3. 투입산출표 생산유발계수표(생산자가격, 대분류)","비금속광물제품","영향력계수","","원자료","1.1454","1.162341","1.159443","1.168118"
"2.2.1.2.3. 투입산출표 생산유발계수표(생산자가격, 대분류)","1차 금속제품","농림수산품","","원자료","0.002869","0.00223","0.002264","0.002838"
"2.2.1.2.3. 투입산출표 생산유발계수표(생산자가격, 대분류)","1차 금속제품","광산품","","원자료","0.004104","0.002618","0.003509","0.003331"
"2.2.1.2.3. 투입산출표 생산유발계수표(생산자가격, 대분류)","1차 금속제품","음식료품","","원자료","0.007103","0.005342","0.006272","0.007764"
"2.2.1.2.3. 투입산출표 생산유발계수표(생산자가격, 대분류)","1차 금속제품","섬유 및 가죽제품","","원자료","0.007201","0.005497","0.00513","0.004387"
"2.2.1.2.3. 투입산출표 생산유발계수표(생산자가격, 대분류)","1차 금속제품","목재 및 종이, 인쇄","","원자료","0.007516","0.005837","0.005722","0.006459"
"2.2.1.2.3. 투입산출표 생산유발계수표(생산자가격, 대분류)","1차 금속제품","석탄 및 석유제품","","원자료","0.015077","0.012578","0.015469","0.015176"
"2.2.1.2.3. 투입산출표 생산유발계수표(생산자가격, 대분류)","1차 금속제품","화학제품","","원자료","0.034599","0.02574","0.023423","0.029825"
"2.2.1.2.3. 투입산출표 생산유발계수표(생산자가격, 대분류)","1차 금속제품","비금속광물제품","","원자료","0.02332","0.016864","0.015946","0.021393"
"2.2.1.2.3. 투입산출표 생산유발계수표(생산자가격, 대분류)","1차 금속제품","1차 금속제품","","원자료","1.245044","1.244805","1.213696","1.22159"
"2.2.1.2.3. 투입산출표 생산유발계수표(생산자가격, 대분류)","1차 금속제품","금속가공제품","","원자료","0.020212","0.015225","0.014583","0.01696"
"2.2.1.2.3. 투입산출표 생산유발계수표(생산자가격, 대분류)","1차 금속제품","컴퓨터, 전자 및 광학기기","","원자료","0.013393","0.00944","0.0092","0.011244"
"2.2.1.2.3. 투입산출표 생산유발계수표(생산자가격, 대분류)","1차 금속제품","전기장비","","원자료","0.011746","0.00971","0.010607","0.012675"
"2.2.1.2.3. 투입산출표 생산유발계수표(생산자가격, 대분류)","1차 금속제품","기계 및 장비","","원자료","0.009505","0.007983","0.007615","0.008029"
"2.2.1.2.3. 투입산출표 생산유발계수표(생산자가격, 대분류)","1차 금속제품","운송장비","","원자료","0.009564","0.007036","0.007027","0.008141"
"2.2.1.2.3. 투입산출표 생산유발계수표(생산자가격, 대분류)","1차 금속제품","기타 제조업 제품","","원자료","0.001599","0.001306","0.00122","0.001565"
"2.2.1.2.3. 투입산출표 생산유발계수표(생산자가격, 대분류)","1차 금속제품","제조임가공 및 산업용 장비 수리","","원자료","0.038841","0.026906","0.030755","0.036252"
"2.2.1.2.3. 투입산출표 생산유발계수표(생산자가격, 대분류)","1차 금속제품","전력, 가스 및 증기","","원자료","0.08642","0.082082","0.101731","0.115358"
"2.2.1.2.3. 투입산출표 생산유발계수표(생산자가격, 대분류)","1차 금속제품","수도, 폐기물처리 및 재활용서비스","","원자료","0.042579","0.049236","0.04189","0.037122"
"2.2.1.2.3. 투입산출표 생산유발계수표(생산자가격, 대분류)","1차 금속제품","건설","","원자료","0.004771","0.003589","0.002643","0.002531"
"2.2.1.2.3. 투입산출표 생산유발계수표(생산자가격, 대분류)","1차 금속제품","도소매 및 상품중개서비스","","원자료","0.050064","0.042316","0.037492","0.044908"
"2.2.1.2.3. 투입산출표 생산유발계수표(생산자가격, 대분류)","1차 금속제품","운송서비스","","원자료","0.056459","0.047942","0.045754","0.052264"
"2.2.1.2.3. 투입산출표 생산유발계수표(생산자가격, 대분류)","1차 금속제품","음식점 및 숙박서비스","","원자료","0.014386","0.009767","0.010567","0.014662"
"2.2.1.2.3. 투입산출표 생산유발계수표(생산자가격, 대분류)","1차 금속제품","정보통신 및 방송 서비스","","원자료","0.016531","0.011882","0.011029","0.013597"
"2.2.1.2.3. 투입산출표 생산유발계수표(생산자가격, 대분류)","1차 금속제품","금융 및 보험 서비스","","원자료","0.028843","0.022215","0.021351","0.021969"
"2.2.1.2.3. 투입산출표 생산유발계수표(생산자가격, 대분류)","1차 금속제품","부동산서비스","","원자료","0.011988","0.008765","0.00685","0.008463"
"2.2.1.2.3. 투입산출표 생산유발계수표(생산자가격, 대분류)","1차 금속제품","전문, 과학 및 기술 서비스","","원자료","0.063923","0.043621","0.040208","0.061037"
"2.2.1.2.3. 투입산출표 생산유발계수표(생산자가격, 대분류)","1차 금속제품","사업지원서비스","","원자료","0.031643","0.021445","0.019776","0.026315"
"2.2.1.2.3. 투입산출표 생산유발계수표(생산자가격, 대분류)","1차 금속제품","공공행정, 국방 및 사회보장","","원자료","0.000811","0.000628","0.000838","0.000895"
"2.2.1.2.3. 투입산출표 생산유발계수표(생산자가격, 대분류)","1차 금속제품","교육서비스","","원자료","0.000956","0.001012","0.000774","0.000975"
"2.2.1.2.3. 투입산출표 생산유발계수표(생산자가격, 대분류)","1차 금속제품","보건 및 사회복지 서비스","","원자료","0.001909","0.001532","0.001311","0.001561"
"2.2.1.2.3. 투입산출표 생산유발계수표(생산자가격, 대분류)","1차 금속제품","예술, 스포츠 및 여가 관련 서비스","","원자료","0.003229","0.00226","0.002313","0.003016"
"2.2.1.2.3. 투입산출표 생산유발계수표(생산자가격, 대분류)","1차 금속제품","기타 서비스","","원자료","0.006292","0.00429","0.00407","0.005143"
"2.2.1.2.3. 투입산출표 생산유발계수표(생산자가격, 대분류)","1차 금속제품","기타","","원자료","0.001384","0.000791","0.000938","0.000965"
"2.2.1.2.3. 투입산출표 생산유발계수표(생산자가격, 대분류)","1차 금속제품","열합","","원자료","1.873881","1.752494","1.721972","1.818412"
"2.2.1.2.3. 투입산출표 생산유발계수표(생산자가격, 대분류)","1차 금속제품","영향력계수","","원자료","0.995433","0.927096","0.906214","0.961448"
"2.2.1.2.3. 투입산출표 생산유발계수표(생산자가격, 대분류)","금속가공제품","농림수산품","","원자료","0.004207","0.004023","0.004268","0.004492"
"2.2.1.2.3. 투입산출표 생산유발계수표(생산자가격, 대분류)","금속가공제품","광산품","","원자료","0.001766","0.001532","0.002041","0.001616"
"2.2.1.2.3. 투입산출표 생산유발계수표(생산자가격, 대분류)","금속가공제품","음식료품","","원자료","0.010015","0.009117","0.01101","0.01138"
"2.2.1.2.3. 투입산출표 생산유발계수표(생산자가격, 대분류)","금속가공제품","섬유 및 가죽제품","","원자료","0.012174","0.012318","0.011968","0.008739"
"2.2.1.2.3. 투입산출표 생산유발계수표(생산자가격, 대분류)","금속가공제품","목재 및 종이, 인쇄","","원자료","0.01846","0.017878","0.018444","0.017058"
"2.2.1.2.3. 투입산출표 생산유발계수표(생산자가격, 대분류)","금속가공제품","석탄 및 석유제품","","원자료","0.0181","0.019822","0.024381","0.020333"
"2.2.1.2.3. 투입산출표 생산유발계수표(생산자가격, 대분류)","금속가공제품","화학제품","","원자료","0.097658","0.103429","0.104564","0.105435"
"2.2.1.2.3. 투입산출표 생산유발계수표(생산자가격, 대분류)","금속가공제품","비금속광물제품","","원자료","0.012002","0.010167","0.010069","0.010406"
"2.2.1.2.3. 투입산출표 생산유발계수표(생산자가격, 대분류)","금속가공제품","1차 금속제품","","원자료","0.230707","0.273116","0.265551","0.23646"
"2.2.1.2.3. 투입산출표 생산유발계수표(생산자가격, 대분류)","금속가공제품","금속가공제품","","원자료","1.177832","1.165353","1.165195","1.166426"
"2.2.1.2.3. 투입산출표 생산유발계수표(생산자가격, 대분류)","금속가공제품","컴퓨터, 전자 및 광학기기","","원자료","0.026135","0.021075","0.021773","0.022133"
"2.2.1.2.3. 투입산출표 생산유발계수표(생산자가격, 대분류)","금속가공제품","전기장비","","원자료","0.022288","0.021414","0.024898","0.024539"
"2.2.1.2.3. 투입산출표 생산유발계수표(생산자가격, 대분류)","금속가공제품","기계 및 장비","","원자료","0.027981","0.026533","0.026476","0.024374"
"2.2.1.2.3. 투입산출표 생산유발계수표(생산자가격, 대분류)","금속가공제품","운송장비","","원자료","0.013354","0.01144","0.011952","0.012127"
"2.2.1.2.3. 투입산출표 생산유발계수표(생산자가격, 대분류)","금속가공제품","기타 제조업 제품","","원자료","0.002094","0.002122","0.002235","0.002817"
"2.2.1.2.3. 투입산출표 생산유발계수표(생산자가격, 대분류)","금속가공제품","제조임가공 및 산업용 장비 수리","","원자료","0.071616","0.061427","0.070292","0.072158"
"2.2.1.2.3. 투입산출표 생산유발계수표(생산자가격, 대분류)","금속가공제품","전력, 가스 및 증기","","원자료","0.063457","0.052158","0.051608","0.054813"
"2.2.1.2.3. 투입산출표 생산유발계수표(생산자가격, 대분류)","금속가공제품","수도, 폐기물처리 및 재활용서비스","","원자료","0.021006","0.02251","0.021198","0.018454"
"2.2.1.2.3. 투입산출표 생산유발계수표(생산자가격, 대분류)","금속가공제품","건설","","원자료","0.005442","0.004861","0.003792","0.003083"
"2.2.1.2.3. 투입산출표 생산유발계수표(생산자가격, 대분류)","금속가공제품","도소매 및 상품중개서비스","","원자료","0.074884","0.073021","0.067572","0.068411"
"2.2.1.2.3. 투입산출표 생산유발계수표(생산자가격, 대분류)","금속가공제품","운송서비스","","원자료","0.061643","0.062635","0.060501","0.061011"
"2.2.1.2.3. 투입산출표 생산유발계수표(생산자가격, 대분류)","금속가공제품","음식점 및 숙박서비스","","원자료","0.020058","0.017025","0.02012","0.023084"
"2.2.1.2.3. 투입산출표 생산유발계수표(생산자가격, 대분류)","금속가공제품","정보통신 및 방송 서비스","","원자료","0.020514","0.017527","0.018072","0.018172"
"2.2.1.2.3. 투입산출표 생산유발계수표(생산자가격, 대분류)","금속가공제품","금융 및 보험 서비스","","원자료","0.040269","0.036948","0.035817","0.032302"
"2.2.1.2.3. 투입산출표 생산유발계수표(생산자가격, 대분류)","금속가공제품","부동산서비스","","원자료","0.014411","0.012558","0.011019","0.0116"
"2.2.1.2.3. 투입산출표 생산유발계수표(생산자가격, 대분류)","금속가공제품","전문, 과학 및 기술 서비스","","원자료","0.065159","0.0555","0.056175","0.070102"
"2.2.1.2.3. 투입산출표 생산유발계수표(생산자가격, 대분류)","금속가공제품","사업지원서비스","","원자료","0.032788","0.0279","0.028197","0.030824"
"2.2.1.2.3. 투입산출표 생산유발계수표(생산자가격, 대분류)","금속가공제품","공공행정, 국방 및 사회보장","","원자료","0.001607","0.001538","0.002179","0.002002"
"2.2.1.2.3. 투입산출표 생산유발계수표(생산자가격, 대분류)","금속가공제품","교육서비스","","원자료","0.001386","0.001932","0.001657","0.001673"
"2.2.1.2.3. 투입산출표 생산유발계수표(생산자가격, 대분류)","금속가공제품","보건 및 사회복지 서비스","","원자료","0.002924","0.002838","0.002723","0.002704"
"2.2.1.2.3. 투입산출표 생산유발계수표(생산자가격, 대분류)","금속가공제품","예술, 스포츠 및 여가 관련 서비스","","원자료","0.003831","0.003415","0.004011","0.00416"
"2.2.1.2.3. 투입산출표 생산유발계수표(생산자가격, 대분류)","금속가공제품","기타 서비스","","원자료","0.007619","0.006266","0.006623","0.00697"
"2.2.1.2.3. 투입산출표 생산유발계수표(생산자가격, 대분류)","금속가공제품","기타","","원자료","0.002817","0.001991","0.002526","0.002237"
"2.2.1.2.3. 투입산출표 생산유발계수표(생산자가격, 대분류)","금속가공제품","열합","","원자료","2.186204","2.16139","2.168906","2.152094"
"2.2.1.2.3. 투입산출표 생산유발계수표(생산자가격, 대분류)","금속가공제품","영향력계수","","원자료","1.161344","1.143409","1.14142","1.137876"
"2.2.1.2.3. 투입산출표 생산유발계수표(생산자가격, 대분류)","컴퓨터, 전자 및 광학기기","농림수산품","","원자료","0.002153","0.002403","0.002536","0.002803"
"2.2.1.2.3. 투입산출표 생산유발계수표(생산자가격, 대분류)","컴퓨터, 전자 및 광학기기","광산품","","원자료","0.000871","0.000954","0.001309","0.000816"
"2.2.1.2.3. 투입산출표 생산유발계수표(생산자가격, 대분류)","컴퓨터, 전자 및 광학기기","음식료품","","원자료","0.004922","0.00514","0.006212","0.0068"
"2.2.1.2.3. 투입산출표 생산유발계수표(생산자가격, 대분류)","컴퓨터, 전자 및 광학기기","섬유 및 가죽제품","","원자료","0.005018","0.006305","0.006302","0.004777"
"2.2.1.2.3. 투입산출표 생산유발계수표(생산자가격, 대분류)","컴퓨터, 전자 및 광학기기","목재 및 종이, 인쇄","","원자료","0.004706","0.004989","0.004932","0.005037"
"2.2.1.2.3. 투입산출표 생산유발계수표(생산자가격, 대분류)","컴퓨터, 전자 및 광학기기","석탄 및 석유제품","","원자료","0.007746","0.009098","0.011335","0.010266"
"2.2.1.2.3. 투입산출표 생산유발계수표(생산자가격, 대분류)","컴퓨터, 전자 및 광학기기","화학제품","","원자료","0.05122","0.058288","0.057956","0.058703"
"2.2.1.2.3. 투입산출표 생산유발계수표(생산자가격, 대분류)","컴퓨터, 전자 및 광학기기","비금속광물제품","","원자료","0.00883","0.009031","0.006871","0.00658"
"2.2.1.2.3. 투입산출표 생산유발계수표(생산자가격, 대분류)","컴퓨터, 전자 및 광학기기","1차 금속제품","","원자료","0.023894","0.029767","0.024156","0.026017"
"2.2.1.2.3. 투입산출표 생산유발계수표(생산자가격, 대분류)","컴퓨터, 전자 및 광학기기","금속가공제품","","원자료","0.013692","0.015009","0.013629","0.014219"
"2.2.1.2.3. 투입산출표 생산유발계수표(생산자가격, 대분류)","컴퓨터, 전자 및 광학기기","컴퓨터, 전자 및 광학기기","","원자료","1.209601","1.197394","1.173848","1.175039"
"2.2.1.2.3. 투입산출표 생산유발계수표(생산자가격, 대분류)","컴퓨터, 전자 및 광학기기","전기장비","","원자료","0.018521","0.021521","0.024095","0.025529"
"2.2.1.2.3. 투입산출표 생산유발계수표(생산자가격, 대분류)","컴퓨터, 전자 및 광학기기","기계 및 장비","","원자료","0.009373","0.009072","0.007751","0.007608"
"2.2.1.2.3. 투입산출표 생산유발계수표(생산자가격, 대분류)","컴퓨터, 전자 및 광학기기","운송장비","","원자료","0.005578","0.005656","0.005938","0.006617"
"2.2.1.2.3. 투입산출표 생산유발계수표(생산자가격, 대분류)","컴퓨터, 전자 및 광학기기","기타 제조업 제품","","원자료","0.001056","0.001134","0.001125","0.001275"
"2.2.1.2.3. 투입산출표 생산유발계수표(생산자가격, 대분류)","컴퓨터, 전자 및 광학기기","제조임가공 및 산업용 장비 수리","","원자료","0.056415","0.059482","0.06495","0.071535"
"2.2.1.2.3. 투입산출표 생산유발계수표(생산자가격, 대분류)","컴퓨터, 전자 및 광학기기","전력, 가스 및 증기","","원자료","0.036479","0.037505","0.047775","0.058591"
"2.2.1.2.3. 투입산출표 생산유발계수표(생산자가격, 대분류)","컴퓨터, 전자 및 광학기기","수도, 폐기물처리 및 재활용서비스","","원자료","0.00388","0.004308","0.003948","0.003908"
"2.2.1.2.3. 투입산출표 생산유발계수표(생산자가격, 대분류)","컴퓨터, 전자 및 광학기기","건설","","원자료","0.002053","0.002029","0.001559","0.001486"
"2.2.1.2.3. 투입산출표 생산유발계수표(생산자가격, 대분류)","컴퓨터, 전자 및 광학기기","도소매 및 상품중개서비스","","원자료","0.060688","0.058838","0.055026","0.060752"
"2.2.1.2.3. 투입산출표 생산유발계수표(생산자가격, 대분류)","컴퓨터, 전자 및 광학기기","운송서비스","","원자료","0.024759","0.02606","0.026034","0.030547"
"2.2.1.2.3. 투입산출표 생산유발계수표(생산자가격, 대분류)","컴퓨터, 전자 및 광학기기","음식점 및 숙박서비스","","원자료","0.010284","0.010056","0.011634","0.013802"
"2.2.1.2.3. 투입산출표 생산유발계수표(생산자가격, 대분류)","컴퓨터, 전자 및 광학기기","정보통신 및 방송 서비스","","원자료","0.015041","0.013321","0.014023","0.01363"
"2.2.1.2.3. 투입산출표 생산유발계수표(생산자가격, 대분류)","컴퓨터, 전자 및 광학기기","금융 및 보험 서비스","","원자료","0.022669","0.019099","0.019994","0.020916"
"2.2.1.2.3. 투입산출표 생산유발계수표(생산자가격, 대분류)","컴퓨터, 전자 및 광학기기","부동산서비스","","원자료","0.008634","0.008179","0.007368","0.008294"
"2.2.1.2.3. 투입산출표 생산유발계수표(생산자가격, 대분류)","컴퓨터, 전자 및 광학기기","전문, 과학 및 기술 서비스","","원자료","0.04308","0.043437","0.042884","0.051344"
"2.2.1.2.3. 투입산출표 생산유발계수표(생산자가격, 대분류)","컴퓨터, 전자 및 광학기기","사업지원서비스","","원자료","0.019801","0.018896","0.019208","0.021645"
"2.2.1.2.3. 투입산출표 생산유발계수표(생산자가격, 대분류)","컴퓨터, 전자 및 광학기기","공공행정, 국방 및 사회보장","","원자료","0.000618","0.000675","0.000928","0.000937"
"2.2.1.2.3. 투입산출표 생산유발계수표(생산자가격, 대분류)","컴퓨터, 전자 및 광학기기","교육서비스","","원자료","0.000567","0.000912","0.000783","0.000849"
"2.2.1.2.3. 투입산출표 생산유발계수표(생산자가격, 대분류)","컴퓨터, 전자 및 광학기기","보건 및 사회복지 서비스","","원자료","0.001257","0.001374","0.001305","0.001352"
"2.2.1.2.3. 투입산출표 생산유발계수표(생산자가격, 대분류)","컴퓨터, 전자 및 광학기기","예술, 스포츠 및 여가 관련 서비스","","원자료","0.001339","0.001332","0.001521","0.001652"
"2.2.1.2.3. 투입산출표 생산유발계수표(생산자가격, 대분류)","컴퓨터, 전자 및 광학기기","기타 서비스","","원자료","0.003756","0.003235","0.003413","0.003725"
"2.2.1.2.3. 투입산출표 생산유발계수표(생산자가격, 대분류)","컴퓨터, 전자 및 광학기기","기타","","원자료","0.001082","0.000876","0.001076","0.001043"
"2.2.1.2.3. 투입산출표 생산유발계수표(생산자가격, 대분류)","컴퓨터, 전자 및 광학기기","열합","","원자료","1.679586","1.685377","1.67142","1.718094"
"2.2.1.2.3. 투입산출표 생산유발계수표(생산자가격, 대분류)","컴퓨터, 전자 및 광학기기","영향력계수","","원자료","0.892221","0.89159","0.87961","0.908407"
"2.2.1.2.3. 투입산출표 생산유발계수표(생산자가격, 대분류)","전기장비","농림수산품","","원자료","0.003008","0.00313","0.003123","0.003172"
"2.2.1.2.3. 투입산출표 생산유발계수표(생산자가격, 대분류)","전기장비","광산품","","원자료","0.001311","0.001252","0.001609","0.001236"
"2.2.1.2.3. 투입산출표 생산유발계수표(생산자가격, 대분류)","전기장비","음식료품","","원자료","0.007026","0.006951","0.00788","0.007917"
"2.2.1.2.3. 투입산출표 생산유발계수표(생산자가격, 대분류)","전기장비","섬유 및 가죽제품","","원자료","0.007233","0.008331","0.007767","0.004863"
"2.2.1.2.3. 투입산출표 생산유발계수표(생산자가격, 대분류)","전기장비","목재 및 종이, 인쇄","","원자료","0.011536","0.011719","0.011072","0.010121"
"2.2.1.2.3. 투입산출표 생산유발계수표(생산자가격, 대분류)","전기장비","석탄 및 석유제품","","원자료","0.014587","0.016607","0.020421","0.017484"
"2.2.1.2.3. 투입산출표 생산유발계수표(생산자가격, 대분류)","전기장비","화학제품","","원자료","0.106577","0.10858","0.1146","0.103165"
"2.2.1.2.3. 투입산출표 생산유발계수표(생산자가격, 대분류)","전기장비","비금속광물제품","","원자료","0.011952","0.011225","0.011122","0.010728"
"2.2.1.2.3. 투입산출표 생산유발계수표(생산자가격, 대분류)","전기장비","1차 금속제품","","원자료","0.128296","0.158702","0.150357","0.13095"
"2.2.1.2.3. 투입산출표 생산유발계수표(생산자가격, 대분류)","전기장비","금속가공제품","","원자료","0.053041","0.055948","0.04882","0.046949"
"2.2.1.2.3. 투입산출표 생산유발계수표(생산자가격, 대분류)","전기장비","컴퓨터, 전자 및 광학기기","","원자료","0.099529","0.083053","0.073782","0.075939"
"2.2.1.2.3. 투입산출표 생산유발계수표(생산자가격, 대분류)","전기장비","전기장비","","원자료","1.177766","1.184316","1.162525","1.196434"
"2.2.1.2.3. 투입산출표 생산유발계수표(생산자가격, 대분류)","전기장비","기계 및 장비","","원자료","0.013746","0.013957","0.013565","0.011664"
"2.2.1.2.3. 투입산출표 생산유발계수표(생산자가격, 대분류)","전기장비","운송장비","","원자료","0.008144","0.007616","0.007612","0.007538"
"2.2.1.2.3. 투입산출표 생산유발계수표(생산자가격, 대분류)","전기장비","기타 제조업 제품","","원자료","0.001541","0.001618","0.001537","0.001694"
"2.2.1.2.3. 투입산출표 생산유발계수표(생산자가격, 대분류)","전기장비","제조임가공 및 산업용 장비 수리","","원자료","0.052793","0.052436","0.056645","0.05324"
"2.2.1.2.3. 투입산출표 생산유발계수표(생산자가격, 대분류)","전기장비","전력, 가스 및 증기","","원자료","0.036086","0.035875","0.038167","0.041835"
"2.2.1.2.3. 투입산출표 생산유발계수표(생산자가격, 대분류)","전기장비","수도, 폐기물처리 및 재활용서비스","","원자료","0.010233","0.012027","0.010739","0.009158"
"2.2.1.2.3. 투입산출표 생산유발계수표(생산자가격, 대분류)","전기장비","건설","","원자료","0.003991","0.003899","0.002912","0.002393"
"2.2.1.2.3. 투입산출표 생산유발계수표(생산자가격, 대분류)","전기장비","도소매 및 상품중개서비스","","원자료","0.081299","0.080455","0.071807","0.076398"
"2.2.1.2.3. 투입산출표 생산유발계수표(생산자가격, 대분류)","전기장비","운송서비스","","원자료","0.045364","0.046299","0.042518","0.043815"
"2.2.1.2.3. 투입산출표 생산유발계수표(생산자가격, 대분류)","전기장비","음식점 및 숙박서비스","","원자료","0.014321","0.013272","0.014523","0.016215"
"2.2.1.2.3. 투입산출표 생산유발계수표(생산자가격, 대분류)","전기장비","정보통신 및 방송 서비스","","원자료","0.017566","0.016319","0.015512","0.015215"
"2.2.1.2.3. 투입산출표 생산유발계수표(생산자가격, 대분류)","전기장비","금융 및 보험 서비스","","원자료","0.029688","0.028672","0.027337","0.026144"
"2.2.1.2.3. 투입산출표 생산유발계수표(생산자가격, 대분류)","전기장비","부동산서비스","","원자료","0.01361","0.012702","0.010972","0.011352"
"2.2.1.2.3. 투입산출표 생산유발계수표(생산자가격, 대분류)","전기장비","전문, 과학 및 기술 서비스","","원자료","0.067721","0.065072","0.063035","0.071054"
"2.2.1.2.3. 투입산출표 생산유발계수표(생산자가격, 대분류)","전기장비","사업지원서비스","","원자료","0.024148","0.022135","0.020904","0.022267"
"2.2.1.2.3. 투입산출표 생산유발계수표(생산자가격, 대분류)","전기장비","공공행정, 국방 및 사회보장","","원자료","0.001001","0.001032","0.001361","0.001201"
"2.2.1.2.3. 투입산출표 생산유발계수표(생산자가격, 대분류)","전기장비","교육서비스","","원자료","0.001038","0.001595","0.001289","0.00121"
"2.2.1.2.3. 투입산출표 생산유발계수표(생산자가격, 대분류)","전기장비","보건 및 사회복지 서비스","","원자료","0.002091","0.002228","0.001996","0.001892"
"2.2.1.2.3. 투입산출표 생산유발계수표(생산자가격, 대분류)","전기장비","예술, 스포츠 및 여가 관련 서비스","","원자료","0.002454","0.002362","0.002563","0.002537"
"2.2.1.2.3. 투입산출표 생산유발계수표(생산자가격, 대분류)","전기장비","기타 서비스","","원자료","0.005897","0.005068","0.004992","0.005136"
"2.2.1.2.3. 투입산출표 생산유발계수표(생산자가격, 대분류)","전기장비","기타","","원자료","0.001745","0.001333","0.001571","0.001331"
"2.2.1.2.3. 투입산출표 생산유발계수표(생산자가격, 대분류)","전기장비","열합","","원자료","2.056337","2.075787","2.024637","2.032246"
"2.2.1.2.3. 투입산출표 생산유발계수표(생산자가격, 대분류)","전기장비","영향력계수","","원자료","1.092357","1.098123","1.065496","1.074509"
"2.2.1.2.3. 투입산출표 생산유발계수표(생산자가격, 대분류)","기계 및 장비","농림수산품","","원자료","0.003628","0.003952","0.004165","0.00452"
"2.2.1.2.3. 투입산출표 생산유발계수표(생산자가격, 대분류)","기계 및 장비","광산품","","원자료","0.000975","0.000939","0.001335","0.000989"
"2.2.1.2.3. 투입산출표 생산유발계수표(생산자가격, 대분류)","기계 및 장비","음식료품","","원자료","0.008477","0.008647","0.010311","0.011059"
"2.2.1.2.3. 투입산출표 생산유발계수표(생산자가격, 대분류)","기계 및 장비","섬유 및 가죽제품","","원자료","0.008352","0.009279","0.009225","0.006846"
"2.2.1.2.3. 투입산출표 생산유발계수표(생산자가격, 대분류)","기계 및 장비","목재 및 종이, 인쇄","","원자료","0.009876","0.010499","0.010631","0.010185"
"2.2.1.2.3. 투입산출표 생산유발계수표(생산자가격, 대분류)","기계 및 장비","석탄 및 석유제품","","원자료","0.013103","0.015529","0.019151","0.016406"
"2.2.1.2.3. 투입산출표 생산유발계수표(생산자가격, 대분류)","기계 및 장비","화학제품","","원자료","0.067139","0.075199","0.07514","0.072193"
"2.2.1.2.3. 투입산출표 생산유발계수표(생산자가격, 대분류)","기계 및 장비","비금속광물제품","","원자료","0.007094","0.006744","0.006695","0.006944"
"2.2.1.2.3. 투입산출표 생산유발계수표(생산자가격, 대분류)","기계 및 장비","1차 금속제품","","원자료","0.115077","0.144056","0.140776","0.128451"
"2.2.1.2.3. 투입산출표 생산유발계수표(생산자가격, 대분류)","기계 및 장비","금속가공제품","","원자료","0.137848","0.14631","0.144152","0.144312"
"2.2.1.2.3. 투입산출표 생산유발계수표(생산자가격, 대분류)","기계 및 장비","컴퓨터, 전자 및 광학기기","","원자료","0.070153","0.064069","0.059758","0.060212"
"2.2.1.2.3. 투입산출표 생산유발계수표(생산자가격, 대분류)","기계 및 장비","전기장비","","원자료","0.049501","0.058031","0.063525","0.06139"
"2.2.1.2.3. 투입산출표 생산유발계수표(생산자가격, 대분류)","기계 및 장비","기계 및 장비","","원자료","1.146909","1.146444","1.139509","1.142732"
"2.2.1.2.3. 투입산출표 생산유발계수표(생산자가격, 대분류)","기계 및 장비","운송장비","","원자료","0.014629","0.014757","0.015051","0.015483"
"2.2.1.2.3. 투입산출표 생산유발계수표(생산자가격, 대분류)","기계 및 장비","기타 제조업 제품","","원자료","0.001733","0.001904","0.001926","0.002249"
"2.2.1.2.3. 투입산출표 생산유발계수표(생산자가격, 대분류)","기계 및 장비","제조임가공 및 산업용 장비 수리","","원자료","0.081855","0.085559","0.097937","0.104171"
"2.2.1.2.3. 투입산출표 생산유발계수표(생산자가격, 대분류)","기계 및 장비","전력, 가스 및 증기","","원자료","0.035394","0.034522","0.038692","0.044216"
"2.2.1.2.3. 투입산출표 생산유발계수표(생산자가격, 대분류)","기계 및 장비","수도, 폐기물처리 및 재활용서비스","","원자료","0.01297","0.017157","0.015245","0.012501"
"2.2.1.2.3. 투입산출표 생산유발계수표(생산자가격, 대분류)","기계 및 장비","건설","","원자료","0.003534","0.003546","0.002795","0.002427"
"2.2.1.2.3. 투입산출표 생산유발계수표(생산자가격, 대분류)","기계 및 장비","도소매 및 상품중개서비스","","원자료","0.079191","0.079432","0.072242","0.077851"
"2.2.1.2.3. 투입산출표 생산유발계수표(생산자가격, 대분류)","기계 및 장비","운송서비스","","원자료","0.049698","0.052763","0.050927","0.054006"
"2.2.1.2.3. 투입산출표 생산유발계수표(생산자가격, 대분류)","기계 및 장비","음식점 및 숙박서비스","","원자료","0.017762","0.017083","0.019793","0.023314"
"2.2.1.2.3. 투입산출표 생산유발계수표(생산자가격, 대분류)","기계 및 장비","정보통신 및 방송 서비스","","원자료","0.018868","0.017761","0.017862","0.018229"
"2.2.1.2.3. 투입산출표 생산유발계수표(생산자가격, 대분류)","기계 및 장비","금융 및 보험 서비스","","원자료","0.040349","0.037677","0.036529","0.034171"
"2.2.1.2.3. 투입산출표 생산유발계수표(생산자가격, 대분류)","기계 및 장비","부동산서비스","","원자료","0.012606","0.012071","0.010706","0.011804"
"2.2.1.2.3. 투입산출표 생산유발계수표(생산자가격, 대분류)","기계 및 장비","전문, 과학 및 기술 서비스","","원자료","0.062725","0.062164","0.062613","0.078066"
"2.2.1.2.3. 투입산출표 생산유발계수표(생산자가격, 대분류)","기계 및 장비","사업지원서비스","","원자료","0.023954","0.022891","0.022964","0.026016"
"2.2.1.2.3. 투입산출표 생산유발계수표(생산자가격, 대분류)","기계 및 장비","공공행정, 국방 및 사회보장","","원자료","0.001124","0.001218","0.001708","0.001649"
"2.2.1.2.3. 투입산출표 생산유발계수표(생산자가격, 대분류)","기계 및 장비","교육서비스","","원자료","0.001136","0.001795","0.001531","0.00156"
"2.2.1.2.3. 투입산출표 생산유발계수표(생산자가격, 대분류)","기계 및 장비","보건 및 사회복지 서비스","","원자료","0.002615","0.002867","0.002719","0.002727"
"2.2.1.2.3. 투입산출표 생산유발계수표(생산자가격, 대분류)","기계 및 장비","예술, 스포츠 및 여가 관련 서비스","","원자료","0.002929","0.002943","0.00337","0.003546"
"2.2.1.2.3. 투입산출표 생산유발계수표(생산자가격, 대분류)","기계 및 장비","기타 서비스","","원자료","0.006441","0.005814","0.006152","0.006581"
"2.2.1.2.3. 투입산출표 생산유발계수표(생산자가격, 대분류)","기계 및 장비","기타","","원자료","0.001961","0.001574","0.001975","0.001837"
"2.2.1.2.3. 투입산출표 생산유발계수표(생산자가격, 대분류)","기계 및 장비","열합","","원자료","2.109608","2.165196","2.16711","2.188642"
"2.2.1.2.3. 투입산출표 생산유발계수표(생산자가격, 대분류)","기계 및 장비","영향력계수","","원자료","1.120655","1.145422","1.140475","1.1572"
"2.2.1.2.3. 투입산출표 생산유발계수표(생산자가격, 대분류)","운송장비","농림수산품","","원자료","0.003389","0.003483","0.00366","0.003661"
"2.2.1.2.3. 투입산출표 생산유발계수표(생산자가격, 대분류)","운송장비","광산품","","원자료","0.001357","0.001364","0.001938","0.001382"
"2.2.1.2.3. 투입산출표 생산유발계수표(생산자가격, 대분류)","운송장비","음식료품","","원자료","0.007856","0.007731","0.009232","0.009088"
"2.2.1.2.3. 투입산출표 생산유발계수표(생산자가격, 대분류)","운송장비","섬유 및 가죽제품","","원자료","0.013456","0.014439","0.014372","0.009144"
"2.2.1.2.3. 투입산출표 생산유발계수표(생산자가격, 대분류)","운송장비","목재 및 종이, 인쇄","","원자료","0.008596","0.008651","0.008764","0.007929"
"2.2.1.2.3. 투입산출표 생산유발계수표(생산자가격, 대분류)","운송장비","석탄 및 석유제품","","원자료","0.016236","0.01858","0.023745","0.018611"
"2.2.1.2.3. 투입산출표 생산유발계수표(생산자가격, 대분류)","운송장비","화학제품","","원자료","0.129018","0.135142","0.139422","0.129296"
"2.2.1.2.3. 투입산출표 생산유발계수표(생산자가격, 대분류)","운송장비","비금속광물제품","","원자료","0.012547","0.012406","0.012845","0.012327"
"2.2.1.2.3. 투입산출표 생산유발계수표(생산자가격, 대분류)","운송장비","1차 금속제품","","원자료","0.126087","0.166464","0.162492","0.132298"
"2.2.1.2.3. 투입산출표 생산유발계수표(생산자가격, 대분류)","운송장비","금속가공제품","","원자료","0.110944","0.10722","0.101955","0.092068"
"2.2.1.2.3. 투입산출표 생산유발계수표(생산자가격, 대분류)","운송장비","컴퓨터, 전자 및 광학기기","","원자료","0.053505","0.045111","0.049701","0.045316"
"2.2.1.2.3. 투입산출표 생산유발계수표(생산자가격, 대분류)","운송장비","전기장비","","원자료","0.0797","0.090122","0.105322","0.102742"
"2.2.1.2.3. 투입산출표 생산유발계수표(생산자가격, 대분류)","운송장비","기계 및 장비","","원자료","0.035602","0.0321","0.038761","0.032654"
"2.2.1.2.3. 투입산출표 생산유발계수표(생산자가격, 대분류)","운송장비","운송장비","","원자료","1.369269","1.346524","1.362272","1.350117"
"2.2.1.2.3. 투입산출표 생산유발계수표(생산자가격, 대분류)","운송장비","기타 제조업 제품","","원자료","0.001726","0.001754","0.001757","0.001802"
"2.2.1.2.3. 투입산출표 생산유발계수표(생산자가격, 대분류)","운송장비","제조임가공 및 산업용 장비 수리","","원자료","0.060399","0.05506","0.064237","0.060152"
"2.2.1.2.3. 투입산출표 생산유발계수표(생산자가격, 대분류)","운송장비","전력, 가스 및 증기","","원자료","0.038549","0.041208","0.052139","0.05389"
"2.2.1.2.3. 투입산출표 생산유발계수표(생산자가격, 대분류)","운송장비","수도, 폐기물처리 및 재활용서비스","","원자료","0.011154","0.013535","0.012477","0.010194"
"2.2.1.2.3. 투입산출표 생산유발계수표(생산자가격, 대분류)","운송장비","건설","","원자료","0.003067","0.002978","0.002435","0.002018"
"2.2.1.2.3. 투입산출표 생산유발계수표(생산자가격, 대분류)","운송장비","도소매 및 상품중개서비스","","원자료","0.096035","0.096387","0.090767","0.089643"
"2.2.1.2.3. 투입산출표 생산유발계수표(생산자가격, 대분류)","운송장비","운송서비스","","원자료","0.045868","0.048225","0.046765","0.045364"
"2.2.1.2.3. 투입산출표 생산유발계수표(생산자가격, 대분류)","운송장비","음식점 및 숙박서비스","","원자료","0.01658","0.015235","0.017597","0.019158"
"2.2.1.2.3. 투입산출표 생산유발계수표(생산자가격, 대분류)","운송장비","정보통신 및 방송 서비스","","원자료","0.019068","0.017582","0.017687","0.016906"
"2.2.1.2.3. 투입산출표 생산유발계수표(생산자가격, 대분류)","운송장비","금융 및 보험 서비스","","원자료","0.038765","0.035918","0.034324","0.029747"
"2.2.1.2.3. 투입산출표 생산유발계수표(생산자가격, 대분류)","운송장비","부동산서비스","","원자료","0.01427","0.013247","0.011819","0.01186"
"2.2.1.2.3. 투입산출표 생산유발계수표(생산자가격, 대분류)","운송장비","전문, 과학 및 기술 서비스","","원자료","0.071263","0.066803","0.068533","0.077661"
"2.2.1.2.3. 투입산출표 생산유발계수표(생산자가격, 대분류)","운송장비","사업지원서비스","","원자료","0.039185","0.033834","0.034521","0.034858"
"2.2.1.2.3. 투입산출표 생산유발계수표(생산자가격, 대분류)","운송장비","공공행정, 국방 및 사회보장","","원자료","0.000918","0.000936","0.001334","0.001153"
"2.2.1.2.3. 투입산출표 생산유발계수표(생산자가격, 대분류)","운송장비","교육서비스","","원자료","0.000926","0.001379","0.001161","0.001102"
"2.2.1.2.3. 투입산출표 생산유발계수표(생산자가격, 대분류)","운송장비","보건 및 사회복지 서비스","","원자료","0.002618","0.002739","0.002608","0.002448"
"2.2.1.2.3. 투입산출표 생산유발계수표(생산자가격, 대분류)","운송장비","예술, 스포츠 및 여가 관련 서비스","","원자료","0.002358","0.002199","0.002484","0.002454"
"2.2.1.2.3. 투입산출표 생산유발계수표(생산자가격, 대분류)","운송장비","기타 서비스","","원자료","0.005804","0.005074","0.00533","0.005335"
"2.2.1.2.3. 투입산출표 생산유발계수표(생산자가격, 대분류)","운송장비","기타","","원자료","0.001593","0.001202","0.001532","0.001274"
"2.2.1.2.3. 투입산출표 생산유발계수표(생산자가격, 대분류)","운송장비","열합","","원자료","2.437706","2.444633","2.503988","2.413654"
"2.2.1.2.3. 투입산출표 생산유발계수표(생산자가격, 대분류)","운송장비","영향력계수","","원자료","1.294946","1.293248","1.317762","1.27617"
"2.2.1.2.3. 투입산출표 생산유발계수표(생산자가격, 대분류)","기타 제조업 제품","농림수산품","","원자료","0.005137","0.005637","0.005457","0.005956"
"2.2.1.2.3. 투입산출표 생산유발계수표(생산자가격, 대분류)","기타 제조업 제품","광산품","","원자료","0.001335","0.001128","0.001475","0.001335"
"2.2.1.2.3. 투입산출표 생산유발계수표(생산자가격, 대분류)","기타 제조업 제품","음식료품","","원자료","0.010234","0.010494","0.012042","0.012866"
"2.2.1.2.3. 투입산출표 생산유발계수표(생산자가격, 대분류)","기타 제조업 제품","섬유 및 가죽제품","","원자료","0.073584","0.125359","0.1302","0.064544"
"2.2.1.2.3. 투입산출표 생산유발계수표(생산자가격, 대분류)","기타 제조업 제품","목재 및 종이, 인쇄","","원자료","0.072766","0.070502","0.076304","0.072567"
"2.2.1.2.3. 투입산출표 생산유발계수표(생산자가격, 대분류)","기타 제조업 제품","석탄 및 석유제품","","원자료","0.018565","0.020845","0.025746","0.022795"
"2.2.1.2.3. 투입산출표 생산유발계수표(생산자가격, 대분류)","기타 제조업 제품","화학제품","","원자료","0.137505","0.133221","0.135395","0.147048"
"2.2.1.2.3. 투입산출표 생산유발계수표(생산자가격, 대분류)","기타 제조업 제품","비금속광물제품","","원자료","0.012694","0.009585","0.009223","0.011168"
"2.2.1.2.3. 투입산출표 생산유발계수표(생산자가격, 대분류)","기타 제조업 제품","1차 금속제품","","원자료","0.08148","0.085376","0.079518","0.084416"
"2.2.1.2.3. 투입산출표 생산유발계수표(생산자가격, 대분류)","기타 제조업 제품","금속가공제품","","원자료","0.066254","0.054199","0.054234","0.064213"
"2.2.1.2.3. 투입산출표 생산유발계수표(생산자가격, 대분류)","기타 제조업 제품","컴퓨터, 전자 및 광학기기","","원자료","0.022788","0.016577","0.016955","0.018743"
"2.2.1.2.3. 투입산출표 생산유발계수표(생산자가격, 대분류)","기타 제조업 제품","전기장비","","원자료","0.019358","0.018779","0.022491","0.025094"
"2.2.1.2.3. 투입산출표 생산유발계수표(생산자가격, 대분류)","기타 제조업 제품","기계 및 장비","","원자료","0.007756","0.007048","0.007232","0.007346"
"2.2.1.2.3. 투입산출표 생산유발계수표(생산자가격, 대분류)","기타 제조업 제품","운송장비","","원자료","0.011233","0.010268","0.01093","0.011996"
"2.2.1.2.3. 투입산출표 생산유발계수표(생산자가격, 대분류)","기타 제조업 제품","기타 제조업 제품","","원자료","1.026101","1.023008","1.021162","1.027227"
"2.2.1.2.3. 투입산출표 생산유발계수표(생산자가격, 대분류)","기타 제조업 제품","제조임가공 및 산업용 장비 수리","","원자료","0.079006","0.074628","0.087301","0.097242"
"2.2.1.2.3. 투입산출표 생산유발계수표(생산자가격, 대분류)","기타 제조업 제품","전력, 가스 및 증기","","원자료","0.028479","0.032161","0.034931","0.039616"
"2.2.1.2.3. 투입산출표 생산유발계수표(생산자가격, 대분류)","기타 제조업 제품","수도, 폐기물처리 및 재활용서비스","","원자료","0.010354","0.011339","0.010417","0.010182"
"2.2.1.2.3. 투입산출표 생산유발계수표(생산자가격, 대분류)","기타 제조업 제품","건설","","원자료","0.004084","0.003791","0.003213","0.003055"
"2.2.1.2.3. 투입산출표 생산유발계수표(생산자가격, 대분류)","기타 제조업 제품","도소매 및 상품중개서비스","","원자료","0.14136","0.146343","0.131713","0.129373"
"2.2.1.2.3. 투입산출표 생산유발계수표(생산자가격, 대분류)","기타 제조업 제품","운송서비스","","원자료","0.066645","0.071438","0.071894","0.07519"
"2.2.1.2.3. 투입산출표 생산유발계수표(생산자가격, 대분류)","기타 제조업 제품","음식점 및 숙박서비스","","원자료","0.020698","0.018912","0.022011","0.026724"
"2.2.1.2.3. 투입산출표 생산유발계수표(생산자가격, 대분류)","기타 제조업 제품","정보통신 및 방송 서비스","","원자료","0.025538","0.023372","0.026751","0.02755"
"2.2.1.2.3. 투입산출표 생산유발계수표(생산자가격, 대분류)","기타 제조업 제품","금융 및 보험 서비스","","원자료","0.041054","0.036834","0.037","0.034154"
"2.2.1.2.3. 투입산출표 생산유발계수표(생산자가격, 대분류)","기타 제조업 제품","부동산서비스","","원자료","0.021164","0.019261","0.017821","0.01933"
"2.2.1.2.3. 투입산출표 생산유발계수표(생산자가격, 대분류)","기타 제조업 제품","전문, 과학 및 기술 서비스","","원자료","0.072924","0.063101","0.064353","0.088367"
"2.2.1.2.3. 투입산출표 생산유발계수표(생산자가격, 대분류)","기타 제조업 제품","사업지원서비스","","원자료","0.02929","0.026162","0.027217","0.031106"
"2.2.1.2.3. 투입산출표 생산유발계수표(생산자가격, 대분류)","기타 제조업 제품","공공행정, 국방 및 사회보장","","원자료","0.001414","0.001357","0.001946","0.00199"
"2.2.1.2.3. 투입산출표 생산유발계수표(생산자가격, 대분류)","기타 제조업 제품","교육서비스","","원자료","0.000879","0.001323","0.001109","0.001171"
"2.2.1.2.3. 투입산출표 생산유발계수표(생산자가격, 대분류)","기타 제조업 제품","보건 및 사회복지 서비스","","원자료","0.002655","0.002657","0.002539","0.002714"
"2.2.1.2.3. 투입산출표 생산유발계수표(생산자가격, 대분류)","기타 제조업 제품","예술, 스포츠 및 여가 관련 서비스","","원자료","0.003011","0.002699","0.003175","0.00359"
"2.2.1.2.3. 투입산출표 생산유발계수표(생산자가격, 대분류)","기타 제조업 제품","기타 서비스","","원자료","0.006302","0.005433","0.005655","0.00631"
"2.2.1.2.3. 투입산출표 생산유발계수표(생산자가격, 대분류)","기타 제조업 제품","기타","","원자료","0.00246","0.001741","0.002229","0.002203"
"2.2.1.2.3. 투입산출표 생산유발계수표(생산자가격, 대분류)","기타 제조업 제품","열합","","원자료","2.124104","2.134578","2.159639","2.17718"
"2.2.1.2.3. 투입산출표 생산유발계수표(생산자가격, 대분류)","기타 제조업 제품","영향력계수","","원자료","1.128355","1.129225","1.136543","1.15114"
"2.2.1.2.3. 투입산출표 생산유발계수표(생산자가격, 대분류)","제조임가공 및 산업용 장비 수리","농림수산품","","원자료","0.011274","0.013856","0.014459","0.01474"
"2.2.1.2.3. 투입산출표 생산유발계수표(생산자가격, 대분류)","제조임가공 및 산업용 장비 수리","광산품","","원자료","0.000579","0.000675","0.000986","0.000731"
"2.2.1.2.3. 투입산출표 생산유발계수표(생산자가격, 대분류)","제조임가공 및 산업용 장비 수리","음식료품","","원자료","0.018869","0.020893","0.024893","0.025737"
"2.2.1.2.3. 투입산출표 생산유발계수표(생산자가격, 대분류)","제조임가공 및 산업용 장비 수리","섬유 및 가죽제품","","원자료","0.048014","0.052251","0.051224","0.037321"
"2.2.1.2.3. 투입산출표 생산유발계수표(생산자가격, 대분류)","제조임가공 및 산업용 장비 수리","목재 및 종이, 인쇄","","원자료","0.011143","0.012541","0.013073","0.012398"
"2.2.1.2.3. 투입산출표 생산유발계수표(생산자가격, 대분류)","제조임가공 및 산업용 장비 수리","석탄 및 석유제품","","원자료","0.014292","0.017662","0.024856","0.019821"
"2.2.1.2.3. 투입산출표 생산유발계수표(생산자가격, 대분류)","제조임가공 및 산업용 장비 수리","화학제품","","원자료","0.051034","0.057466","0.05772","0.055623"
"2.2.1.2.3. 투입산출표 생산유발계수표(생산자가격, 대분류)","제조임가공 및 산업용 장비 수리","비금속광물제품","","원자료","0.004123","0.004368","0.004261","0.004297"
"2.2.1.2.3. 투입산출표 생산유발계수표(생산자가격, 대분류)","제조임가공 및 산업용 장비 수리","1차 금속제품","","원자료","0.027506","0.038061","0.036459","0.031367"
"2.2.1.2.3. 투입산출표 생산유발계수표(생산자가격, 대분류)","제조임가공 및 산업용 장비 수리","금속가공제품","","원자료","0.027008","0.02696","0.025661","0.027255"
"2.2.1.2.3. 투입산출표 생산유발계수표(생산자가격, 대분류)","제조임가공 및 산업용 장비 수리","컴퓨터, 전자 및 광학기기","","원자료","0.046687","0.039974","0.039582","0.041795"
"2.2.1.2.3. 투입산출표 생산유발계수표(생산자가격, 대분류)","제조임가공 및 산업용 장비 수리","전기장비","","원자료","0.027224","0.028974","0.039798","0.039618"
"2.2.1.2.3. 투입산출표 생산유발계수표(생산자가격, 대분류)","제조임가공 및 산업용 장비 수리","기계 및 장비","","원자료","0.019834","0.017866","0.017991","0.017353"
"2.2.1.2.3. 투입산출표 생산유발계수표(생산자가격, 대분류)","제조임가공 및 산업용 장비 수리","운송장비","","원자료","0.0582","0.062326","0.061584","0.063053"
"2.2.1.2.3. 투입산출표 생산유발계수표(생산자가격, 대분류)","제조임가공 및 산업용 장비 수리","기타 제조업 제품","","원자료","0.003725","0.004224","0.004277","0.004365"
"2.2.1.2.3. 투입산출표 생산유발계수표(생산자가격, 대분류)","제조임가공 및 산업용 장비 수리","제조임가공 및 산업용 장비 수리","","원자료","1.117167","1.137156","1.158926","1.16193"
"2.2.1.2.3. 투입산출표 생산유발계수표(생산자가격, 대분류)","제조임가공 및 산업용 장비 수리","전력, 가스 및 증기","","원자료","0.02004","0.022428","0.026092","0.029195"
"2.2.1.2.3. 투입산출표 생산유발계수표(생산자가격, 대분류)","제조임가공 및 산업용 장비 수리","수도, 폐기물처리 및 재활용서비스","","원자료","0.00747","0.008236","0.007928","0.007563"
"2.2.1.2.3. 투입산출표 생산유발계수표(생산자가격, 대분류)","제조임가공 및 산업용 장비 수리","건설","","원자료","0.002776","0.002971","0.002537","0.002312"
"2.2.1.2.3. 투입산출표 생산유발계수표(생산자가격, 대분류)","제조임가공 및 산업용 장비 수리","도소매 및 상품중개서비스","","원자료","0.058781","0.060642","0.057869","0.057972"
"2.2.1.2.3. 투입산출표 생산유발계수표(생산자가격, 대분류)","제조임가공 및 산업용 장비 수리","운송서비스","","원자료","0.038852","0.04002","0.037513","0.039044"
"2.2.1.2.3. 투입산출표 생산유발계수표(생산자가격, 대분류)","제조임가공 및 산업용 장비 수리","음식점 및 숙박서비스","","원자료","0.030411","0.03124","0.037068","0.042608"
"2.2.1.2.3. 투입산출표 생산유발계수표(생산자가격, 대분류)","제조임가공 및 산업용 장비 수리","정보통신 및 방송 서비스","","원자료","0.018878","0.018519","0.019253","0.019761"
"2.2.1.2.3. 투입산출표 생산유발계수표(생산자가격, 대분류)","제조임가공 및 산업용 장비 수리","금융 및 보험 서비스","","원자료","0.030606","0.022793","0.023658","0.02237"
"2.2.1.2.3. 투입산출표 생산유발계수표(생산자가격, 대분류)","제조임가공 및 산업용 장비 수리","부동산서비스","","원자료","0.017622","0.017182","0.014774","0.01565"
"2.2.1.2.3. 투입산출표 생산유발계수표(생산자가격, 대분류)","제조임가공 및 산업용 장비 수리","전문, 과학 및 기술 서비스","","원자료","0.055553","0.058243","0.059133","0.073858"
"2.2.1.2.3. 투입산출표 생산유발계수표(생산자가격, 대분류)","제조임가공 및 산업용 장비 수리","사업지원서비스","","원자료","0.055318","0.056712","0.059101","0.065432"
"2.2.1.2.3. 투입산출표 생산유발계수표(생산자가격, 대분류)","제조임가공 및 산업용 장비 수리","공공행정, 국방 및 사회보장","","원자료","0.003375","0.003943","0.005545","0.005243"
"2.2.1.2.3. 투입산출표 생산유발계수표(생산자가격, 대분류)","제조임가공 및 산업용 장비 수리","교육서비스","","원자료","0.002354","0.003945","0.003443","0.003523"
"2.2.1.2.3. 투입산출표 생산유발계수표(생산자가격, 대분류)","제조임가공 및 산업용 장비 수리","보건 및 사회복지 서비스","","원자료","0.003079","0.003585","0.003529","0.003557"
"2.2.1.2.3. 투입산출표 생산유발계수표(생산자가격, 대분류)","제조임가공 및 산업용 장비 수리","예술, 스포츠 및 여가 관련 서비스","","원자료","0.003711","0.00399","0.004709","0.004954"
"2.2.1.2.3. 투입산출표 생산유발계수표(생산자가격, 대분류)","제조임가공 및 산업용 장비 수리","기타 서비스","","원자료","0.008962","0.008557","0.009817","0.010579"
"2.2.1.2.3. 투입산출표 생산유발계수표(생산자가격, 대분류)","제조임가공 및 산업용 장비 수리","기타","","원자료","0.006054","0.005227","0.006597","0.006028"
"2.2.1.2.3. 투입산출표 생산유발계수표(생산자가격, 대분류)","제조임가공 및 산업용 장비 수리","열합","","원자료","1.850524","1.903488","1.954315","1.967053"
"2.2.1.2.3. 투입산출표 생산유발계수표(생산자가격, 대분류)","제조임가공 및 산업용 장비 수리","영향력계수","","원자료","0.983026","1.006975","1.028488","1.040039"
"2.2.1.2.3. 투입산출표 생산유발계수표(생산자가격, 대분류)","전력, 가스 및 증기","농림수산품","","원자료","0.002197","0.002892","0.003488","0.00349"
"2.2.1.2.3. 투입산출표 생산유발계수표(생산자가격, 대분류)","전력, 가스 및 증기","광산품","","원자료","0.002669","0.002431","0.016581","0.00107"
"2.2.1.2.3. 투입산출표 생산유발계수표(생산자가격, 대분류)","전력, 가스 및 증기","음식료품","","원자료","0.006674","0.009433","0.013971","0.014038"
"2.2.1.2.3. 투입산출표 생산유발계수표(생산자가격, 대분류)","전력, 가스 및 증기","섬유 및 가죽제품","","원자료","0.003117","0.002635","0.002128","0.001681"
"2.2.1.2.3. 투입산출표 생산유발계수표(생산자가격, 대분류)","전력, 가스 및 증기","목재 및 종이, 인쇄","","원자료","0.006133","0.008223","0.007304","0.007017"
"2.2.1.2.3. 투입산출표 생산유발계수표(생산자가격, 대분류)","전력, 가스 및 증기","석탄 및 석유제품","","원자료","0.028581","0.024293","0.029418","0.025047"
"2.2.1.2.3. 투입산출표 생산유발계수표(생산자가격, 대분류)","전력, 가스 및 증기","화학제품","","원자료","0.039613","0.027161","0.019846","0.032611"
"2.2.1.2.3. 투입산출표 생산유발계수표(생산자가격, 대분류)","전력, 가스 및 증기","비금속광물제품","","원자료","0.001162","0.000596","-0.000041","-0.0004"
"2.2.1.2.3. 투입산출표 생산유발계수표(생산자가격, 대분류)","전력, 가스 및 증기","1차 금속제품","","원자료","0.013082","0.015102","0.011527","0.009831"
"2.2.1.2.3. 투입산출표 생산유발계수표(생산자가격, 대분류)","전력, 가스 및 증기","금속가공제품","","원자료","0.015601","0.014103","0.01097","0.011588"
"2.2.1.2.3. 투입산출표 생산유발계수표(생산자가격, 대분류)","전력, 가스 및 증기","컴퓨터, 전자 및 광학기기","","원자료","0.020308","0.016993","0.013126","0.014129"
"2.2.1.2.3. 투입산출표 생산유발계수표(생산자가격, 대분류)","전력, 가스 및 증기","전기장비","","원자료","0.02458","0.023027","0.015415","0.019802"
"2.2.1.2.3. 투입산출표 생산유발계수표(생산자가격, 대분류)","전력, 가스 및 증기","기계 및 장비","","원자료","0.01172","0.013615","0.011923","0.009261"
"2.2.1.2.3. 투입산출표 생산유발계수표(생산자가격, 대분류)","전력, 가스 및 증기","운송장비","","원자료","0.004341","0.00348","0.004436","0.003804"
"2.2.1.2.3. 투입산출표 생산유발계수표(생산자가격, 대분류)","전력, 가스 및 증기","기타 제조업 제품","","원자료","0.000961","0.000905","0.000784","0.0008"
"2.2.1.2.3. 투입산출표 생산유발계수표(생산자가격, 대분류)","전력, 가스 및 증기","제조임가공 및 산업용 장비 수리","","원자료","0.013121","0.010942","0.009683","0.008988"
"2.2.1.2.3. 투입산출표 생산유발계수표(생산자가격, 대분류)","전력, 가스 및 증기","전력, 가스 및 증기","","원자료","1.126794","1.184345","1.235692","1.211992"
"2.2.1.2.3. 투입산출표 생산유발계수표(생산자가격, 대분류)","전력, 가스 및 증기","수도, 폐기물처리 및 재활용서비스","","원자료","0.006037","0.005316","0.005002","0.00433"
"2.2.1.2.3. 투입산출표 생산유발계수표(생산자가격, 대분류)","전력, 가스 및 증기","건설","","원자료","0.008595","0.007359","0.003845","0.003024"
"2.2.1.2.3. 투입산출표 생산유발계수표(생산자가격, 대분류)","전력, 가스 및 증기","도소매 및 상품중개서비스","","원자료","0.034424","0.037213","0.040693","0.038206"
"2.2.1.2.3. 투입산출표 생산유발계수표(생산자가격, 대분류)","전력, 가스 및 증기","운송서비스","","원자료","0.017097","0.015171","0.016051","0.014648"
"2.2.1.2.3. 투입산출표 생산유발계수표(생산자가격, 대분류)","전력, 가스 및 증기","음식점 및 숙박서비스","","원자료","0.007342","0.006539","0.006812","0.008035"
"2.2.1.2.3. 투입산출표 생산유발계수표(생산자가격, 대분류)","전력, 가스 및 증기","정보통신 및 방송 서비스","","원자료","0.008952","0.007542","0.006659","0.006928"
"2.2.1.2.3. 투입산출표 생산유발계수표(생산자가격, 대분류)","전력, 가스 및 증기","금융 및 보험 서비스","","원자료","0.024391","0.027016","0.021946","0.019132"
"2.2.1.2.3. 투입산출표 생산유발계수표(생산자가격, 대분류)","전력, 가스 및 증기","부동산서비스","","원자료","0.006535","0.005736","0.004665","0.004875"
"2.2.1.2.3. 투입산출표 생산유발계수표(생산자가격, 대분류)","전력, 가스 및 증기","전문, 과학 및 기술 서비스","","원자료","0.03641","0.026806","0.019656","0.029116"
"2.2.1.2.3. 투입산출표 생산유발계수표(생산자가격, 대분류)","전력, 가스 및 증기","사업지원서비스","","원자료","0.023391","0.017579","0.013872","0.016639"
"2.2.1.2.3. 투입산출표 생산유발계수표(생산자가격, 대분류)","전력, 가스 및 증기","공공행정, 국방 및 사회보장","","원자료","0.001507","0.001476","0.001681","0.001308"
"2.2.1.2.3. 투입산출표 생산유발계수표(생산자가격, 대분류)","전력, 가스 및 증기","교육서비스","","원자료","0.000434","0.000635","0.000426","0.000462"
"2.2.1.2.3. 투입산출표 생산유발계수표(생산자가격, 대분류)","전력, 가스 및 증기","보건 및 사회복지 서비스","","원자료","0.00104","0.000958","0.000731","0.000744"
"2.2.1.2.3. 투입산출표 생산유발계수표(생산자가격, 대분류)","전력, 가스 및 증기","예술, 스포츠 및 여가 관련 서비스","","원자료","0.001131","0.000976","0.001048","0.001086"
"2.2.1.2.3. 투입산출표 생산유발계수표(생산자가격, 대분류)","전력, 가스 및 증기","기타 서비스","","원자료","0.002432","0.001833","0.001719","0.001786"
"2.2.1.2.3. 투입산출표 생산유발계수표(생산자가격, 대분류)","전력, 가스 및 증기","기타","","원자료","0.002703","0.001957","0.001993","0.001497"
"2.2.1.2.3. 투입산출표 생산유발계수표(생산자가격, 대분류)","전력, 가스 및 증기","열합","","원자료","1.503074","1.524287","1.553049","1.526568"
"2.2.1.2.3. 투입산출표 생산유발계수표(생산자가격, 대분류)","전력, 가스 및 증기","영향력계수","","원자료","0.798455","0.806371","0.817316","0.807142"
"2.2.1.2.3. 투입산출표 생산유발계수표(생산자가격, 대분류)","수도, 폐기물처리 및 재활용서비스","농림수산품","","원자료","0.004836","0.005318","0.005238","0.005622"
"2.2.1.2.3. 투입산출표 생산유발계수표(생산자가격, 대분류)","수도, 폐기물처리 및 재활용서비스","광산품","","원자료","0.002243","0.002317","0.002792","0.002185"
"2.2.1.2.3. 투입산출표 생산유발계수표(생산자가격, 대분류)","수도, 폐기물처리 및 재활용서비스","음식료품","","원자료","0.012089","0.01277","0.013838","0.014877"
"2.2.1.2.3. 투입산출표 생산유발계수표(생산자가격, 대분류)","수도, 폐기물처리 및 재활용서비스","섬유 및 가죽제품","","원자료","0.016216","0.01666","0.015377","0.011152"
"2.2.1.2.3. 투입산출표 생산유발계수표(생산자가격, 대분류)","수도, 폐기물처리 및 재활용서비스","목재 및 종이, 인쇄","","원자료","0.007434","0.007524","0.007931","0.007408"
"2.2.1.2.3. 투입산출표 생산유발계수표(생산자가격, 대분류)","수도, 폐기물처리 및 재활용서비스","석탄 및 석유제품","","원자료","0.027123","0.03192","0.04777","0.035401"
"2.2.1.2.3. 투입산출표 생산유발계수표(생산자가격, 대분류)","수도, 폐기물처리 및 재활용서비스","화학제품","","원자료","0.07929","0.085543","0.083295","0.087321"
"2.2.1.2.3. 투입산출표 생산유발계수표(생산자가격, 대분류)","수도, 폐기물처리 및 재활용서비스","비금속광물제품","","원자료","0.007784","0.008848","0.008728","0.00783"
"2.2.1.2.3. 투입산출표 생산유발계수표(생산자가격, 대분류)","수도, 폐기물처리 및 재활용서비스","1차 금속제품","","원자료","0.020267","0.024106","0.024228","0.022572"
"2.2.1.2.3. 투입산출표 생산유발계수표(생산자가격, 대분류)","수도, 폐기물처리 및 재활용서비스","금속가공제품","","원자료","0.028307","0.028373","0.026686","0.029097"
"2.2.1.2.3. 투입산출표 생산유발계수표(생산자가격, 대분류)","수도, 폐기물처리 및 재활용서비스","컴퓨터, 전자 및 광학기기","","원자료","0.02606","0.025101","0.025605","0.026684"
"2.2.1.2.3. 투입산출표 생산유발계수표(생산자가격, 대분류)","수도, 폐기물처리 및 재활용서비스","전기장비","","원자료","0.033062","0.037481","0.042457","0.043085"
"2.2.1.2.3. 투입산출표 생산유발계수표(생산자가격, 대분류)","수도, 폐기물처리 및 재활용서비스","기계 및 장비","","원자료","0.033835","0.038477","0.039484","0.036745"
"2.2.1.2.3. 투입산출표 생산유발계수표(생산자가격, 대분류)","수도, 폐기물처리 및 재활용서비스","운송장비","","원자료","0.031571","0.027806","0.027733","0.028834"
"2.2.1.2.3. 투입산출표 생산유발계수표(생산자가격, 대분류)","수도, 폐기물처리 및 재활용서비스","기타 제조업 제품","","원자료","0.006146","0.006438","0.006481","0.00694"
"2.2.1.2.3. 투입산출표 생산유발계수표(생산자가격, 대분류)","수도, 폐기물처리 및 재활용서비스","제조임가공 및 산업용 장비 수리","","원자료","0.024817","0.022025","0.023812","0.025931"
"2.2.1.2.3. 투입산출표 생산유발계수표(생산자가격, 대분류)","수도, 폐기물처리 및 재활용서비스","전력, 가스 및 증기","","원자료","0.037115","0.034733","0.040463","0.046542"
"2.2.1.2.3. 투입산출표 생산유발계수표(생산자가격, 대분류)","수도, 폐기물처리 및 재활용서비스","수도, 폐기물처리 및 재활용서비스","","원자료","1.065197","1.058838","1.058904","1.061025"
"2.2.1.2.3. 투입산출표 생산유발계수표(생산자가격, 대분류)","수도, 폐기물처리 및 재활용서비스","건설","","원자료","0.008684","0.008975","0.006971","0.005753"
"2.2.1.2.3. 투입산출표 생산유발계수표(생산자가격, 대분류)","수도, 폐기물처리 및 재활용서비스","도소매 및 상품중개서비스","","원자료","0.054516","0.055264","0.053532","0.054756"
"2.2.1.2.3. 투입산출표 생산유발계수표(생산자가격, 대분류)","수도, 폐기물처리 및 재활용서비스","운송서비스","","원자료","0.091864","0.098191","0.099207","0.100399"
"2.2.1.2.3. 투입산출표 생산유발계수표(생산자가격, 대분류)","수도, 폐기물처리 및 재활용서비스","음식점 및 숙박서비스","","원자료","0.023719","0.024675","0.02798","0.031257"
"2.2.1.2.3. 투입산출표 생산유발계수표(생산자가격, 대분류)","수도, 폐기물처리 및 재활용서비스","정보통신 및 방송 서비스","","원자료","0.028638","0.034091","0.034","0.030439"
"2.2.1.2.3. 투입산출표 생산유발계수표(생산자가격, 대분류)","수도, 폐기물처리 및 재활용서비스","금융 및 보험 서비스","","원자료","0.038022","0.040059","0.038049","0.035905"
"2.2.1.2.3. 투입산출표 생산유발계수표(생산자가격, 대분류)","수도, 폐기물처리 및 재활용서비스","부동산서비스","","원자료","0.027329","0.035018","0.02777","0.025038"
"2.2.1.2.3. 투입산출표 생산유발계수표(생산자가격, 대분류)","수도, 폐기물처리 및 재활용서비스","전문, 과학 및 기술 서비스","","원자료","0.08086","0.103115","0.098192","0.106649"
"2.2.1.2.3. 투입산출표 생산유발계수표(생산자가격, 대분류)","수도, 폐기물처리 및 재활용서비스","사업지원서비스","","원자료","0.046121","0.057619","0.057717","0.056087"
"2.2.1.2.3. 투입산출표 생산유발계수표(생산자가격, 대분류)","수도, 폐기물처리 및 재활용서비스","공공행정, 국방 및 사회보장","","원자료","0.001401","0.001457","0.001899","0.001843"
"2.2.1.2.3. 투입산출표 생산유발계수표(생산자가격, 대분류)","수도, 폐기물처리 및 재활용서비스","교육서비스","","원자료","0.000916","0.001546","0.001284","0.001286"
"2.2.1.2.3. 투입산출표 생산유발계수표(생산자가격, 대분류)","수도, 폐기물처리 및 재활용서비스","보건 및 사회복지 서비스","","원자료","0.004141","0.005621","0.005301","0.004784"
"2.2.1.2.3. 투입산출표 생산유발계수표(생산자가격, 대분류)","수도, 폐기물처리 및 재활용서비스","예술, 스포츠 및 여가 관련 서비스","","원자료","0.004302","0.004977","0.005514","0.005341"
"2.2.1.2.3. 투입산출표 생산유발계수표(생산자가격, 대분류)","수도, 폐기물처리 및 재활용서비스","기타 서비스","","원자료","0.012788","0.012998","0.013524","0.01348"
"2.2.1.2.3. 투입산출표 생산유발계수표(생산자가격, 대분류)","수도, 폐기물처리 및 재활용서비스","기타","","원자료","0.002399","0.001848","0.002133","0.001996"
"2.2.1.2.3. 투입산출표 생산유발계수표(생산자가격, 대분류)","수도, 폐기물처리 및 재활용서비스","열합","","원자료","1.889091","1.95973","1.973894","1.974266"
"2.2.1.2.3. 투입산출표 생산유발계수표(생산자가격, 대분류)","수도, 폐기물처리 및 재활용서비스","영향력계수","","원자료","1.003513","1.036727","1.038792","1.043853"
"2.2.1.2.3. 투입산출표 생산유발계수표(생산자가격, 대분류)","건설","농림수산품","","원자료","0.003883","0.003859","0.004597","0.004498"
"2.2.1.2.3. 투입산출표 생산유발계수표(생산자가격, 대분류)","건설","광산품","","원자료","0.007261","0.007499","0.007536","0.008511"
"2.2.1.2.3. 투입산출표 생산유발계수표(생산자가격, 대분류)","건설","음식료품","","원자료","0.007271","0.006928","0.00819","0.00887"
"2.2.1.2.3. 투입산출표 생산유발계수표(생산자가격, 대분류)","건설","섬유 및 가죽제품","","원자료","0.006393","0.006945","0.006688","0.004667"
"2.2.1.2.3. 투입산출표 생산유발계수표(생산자가격, 대분류)","건설","목재 및 종이, 인쇄","","원자료","0.027804","0.030049","0.029503","0.027298"
"2.2.1.2.3. 투입산출표 생산유발계수표(생산자가격, 대분류)","건설","석탄 및 석유제품","","원자료","0.023579","0.026342","0.040443","0.032045"
"2.2.1.2.3. 투입산출표 생산유발계수표(생산자가격, 대분류)","건설","화학제품","","원자료","0.079481","0.07997","0.078758","0.077931"
"2.2.1.2.3. 투입산출표 생산유발계수표(생산자가격, 대분류)","건설","비금속광물제품","","원자료","0.088922","0.087938","0.088908","0.095811"
"2.2.1.2.3. 투입산출표 생산유발계수표(생산자가격, 대분류)","건설","1차 금속제품","","원자료","0.099746","0.122485","0.124006","0.116226"
"2.2.1.2.3. 투입산출표 생산유발계수표(생산자가격, 대분류)","건설","금속가공제품","","원자료","0.088201","0.09224","0.09033","0.09791"
"2.2.1.2.3. 투입산출표 생산유발계수표(생산자가격, 대분류)","건설","컴퓨터, 전자 및 광학기기","","원자료","0.01988","0.016719","0.016386","0.017801"
"2.2.1.2.3. 투입산출표 생산유발계수표(생산자가격, 대분류)","건설","전기장비","","원자료","0.059554","0.057091","0.058981","0.060702"
"2.2.1.2.3. 투입산출표 생산유발계수표(생산자가격, 대분류)","건설","기계 및 장비","","원자료","0.032572","0.03496","0.041411","0.037304"
"2.2.1.2.3. 투입산출표 생산유발계수표(생산자가격, 대분류)","건설","운송장비","","원자료","0.007372","0.006651","0.00713","0.007775"
"2.2.1.2.3. 투입산출표 생산유발계수표(생산자가격, 대분류)","건설","기타 제조업 제품","","원자료","0.010011","0.009007","0.008701","0.008965"
"2.2.1.2.3. 투입산출표 생산유발계수표(생산자가격, 대분류)","건설","제조임가공 및 산업용 장비 수리","","원자료","0.020636","0.018981","0.021604","0.022736"
"2.2.1.2.3. 투입산출표 생산유발계수표(생산자가격, 대분류)","건설","전력, 가스 및 증기","","원자료","0.026739","0.027262","0.032035","0.035129"
"2.2.1.2.3. 투입산출표 생산유발계수표(생산자가격, 대분류)","건설","수도, 폐기물처리 및 재활용서비스","","원자료","0.009449","0.010711","0.010043","0.009482"
"2.2.1.2.3. 투입산출표 생산유발계수표(생산자가격, 대분류)","건설","건설","","원자료","1.003086","1.00296","1.002383","1.002168"
"2.2.1.2.3. 투입산출표 생산유발계수표(생산자가격, 대분류)","건설","도소매 및 상품중개서비스","","원자료","0.071625","0.071107","0.067","0.069818"
"2.2.1.2.3. 투입산출표 생산유발계수표(생산자가격, 대분류)","건설","운송서비스","","원자료","0.04443","0.045099","0.044333","0.048052"
"2.2.1.2.3. 투입산출표 생산유발계수표(생산자가격, 대분류)","건설","음식점 및 숙박서비스","","원자료","0.01482","0.013318","0.015097","0.018344"
"2.2.1.2.3. 투입산출표 생산유발계수표(생산자가격, 대분류)","건설","정보통신 및 방송 서비스","","원자료","0.020656","0.018989","0.018774","0.01939"
"2.2.1.2.3. 투입산출표 생산유발계수표(생산자가격, 대분류)","건설","금융 및 보험 서비스","","원자료","0.037499","0.034907","0.034563","0.031677"
"2.2.1.2.3. 투입산출표 생산유발계수표(생산자가격, 대분류)","건설","부동산서비스","","원자료","0.014354","0.0129","0.011286","0.012472"
"2.2.1.2.3. 투입산출표 생산유발계수표(생산자가격, 대분류)","건설","전문, 과학 및 기술 서비스","","원자료","0.111596","0.109198","0.105016","0.119329"
"2.2.1.2.3. 투입산출표 생산유발계수표(생산자가격, 대분류)","건설","사업지원서비스","","원자료","0.048662","0.040951","0.041906","0.048808"
"2.2.1.2.3. 투입산출표 생산유발계수표(생산자가격, 대분류)","건설","공공행정, 국방 및 사회보장","","원자료","0.000766","0.000758","0.001045","0.000999"
"2.2.1.2.3. 투입산출표 생산유발계수표(생산자가격, 대분류)","건설","교육서비스","","원자료","0.000773","0.001131","0.000938","0.000978"
"2.2.1.2.3. 투입산출표 생산유발계수표(생산자가격, 대분류)","건설","보건 및 사회복지 서비스","","원자료","0.002497","0.00248","0.002385","0.002535"
"2.2.1.2.3. 투입산출표 생산유발계수표(생산자가격, 대분류)","건설","예술, 스포츠 및 여가 관련 서비스","","원자료","0.002713","0.002507","0.002792","0.003075"
"2.2.1.2.3. 투입산출표 생산유발계수표(생산자가격, 대분류)","건설","기타 서비스","","원자료","0.006094","0.005095","0.005283","0.005981"
"2.2.1.2.3. 투입산출표 생산유발계수표(생산자가격, 대분류)","건설","기타","","원자료","0.00132","0.000967","0.001189","0.001092"
"2.2.1.2.3. 투입산출표 생산유발계수표(생산자가격, 대분류)","건설","열합","","원자료","1.999645","2.008003","2.02924","2.058378"
"2.2.1.2.3. 투입산출표 생산유발계수표(생산자가격, 대분류)","건설","영향력계수","","원자료","1.062241","1.062265","1.067919","1.088325"
"2.2.1.2.3. 투입산출표 생산유발계수표(생산자가격, 대분류)","도소매 및 상품중개서비스","농림수산품","","원자료","0.008134","0.008703","0.008519","0.008553"
"2.2.1.2.3. 투입산출표 생산유발계수표(생산자가격, 대분류)","도소매 및 상품중개서비스","광산품","","원자료","0.000308","0.000314","0.000574","0.000278"
"2.2.1.2.3. 투입산출표 생산유발계수표(생산자가격, 대분류)","도소매 및 상품중개서비스","음식료품","","원자료","0.021753","0.022062","0.024617","0.024292"
"2.2.1.2.3. 투입산출표 생산유발계수표(생산자가격, 대분류)","도소매 및 상품중개서비스","섬유 및 가죽제품","","원자료","0.011838","0.01006","0.009072","0.007158"
"2.2.1.2.3. 투입산출표 생산유발계수표(생산자가격, 대분류)","도소매 및 상품중개서비스","목재 및 종이, 인쇄","","원자료","0.022369","0.023817","0.022858","0.020329"
"2.2.1.2.3. 투입산출표 생산유발계수표(생산자가격, 대분류)","도소매 및 상품중개서비스","석탄 및 석유제품","","원자료","0.028976","0.035935","0.048046","0.03707"
"2.2.1.2.3. 투입산출표 생산유발계수표(생산자가격, 대분류)","도소매 및 상품중개서비스","화학제품","","원자료","0.038226","0.04103","0.036758","0.033921"
"2.2.1.2.3. 투입산출표 생산유발계수표(생산자가격, 대분류)","도소매 및 상품중개서비스","비금속광물제품","","원자료","0.002271","0.002282","0.002115","0.002004"
"2.2.1.2.3. 투입산출표 생산유발계수표(생산자가격, 대분류)","도소매 및 상품중개서비스","1차 금속제품","","원자료","0.006077","0.00767","0.007342","0.00614"
"2.2.1.2.3. 투입산출표 생산유발계수표(생산자가격, 대분류)","도소매 및 상품중개서비스","금속가공제품","","원자료","0.01055","0.010823","0.01001","0.009515"
"2.2.1.2.3. 투입산출표 생산유발계수표(생산자가격, 대분류)","도소매 및 상품중개서비스","컴퓨터, 전자 및 광학기기","","원자료","0.019235","0.019247","0.017961","0.017633"
"2.2.1.2.3. 투입산출표 생산유발계수표(생산자가격, 대분류)","도소매 및 상품중개서비스","전기장비","","원자료","0.012968","0.013922","0.015753","0.015184"
"2.2.1.2.3. 투입산출표 생산유발계수표(생산자가격, 대분류)","도소매 및 상품중개서비스","기계 및 장비","","원자료","0.004406","0.0049","0.005342","0.004204"
"2.2.1.2.3. 투입산출표 생산유발계수표(생산자가격, 대분류)","도소매 및 상품중개서비스","운송장비","","원자료","0.010606","0.009773","0.009788","0.00963"
"2.2.1.2.3. 투입산출표 생산유발계수표(생산자가격, 대분류)","도소매 및 상품중개서비스","기타 제조업 제품","","원자료","0.004754","0.005143","0.004811","0.004569"
"2.2.1.2.3. 투입산출표 생산유발계수표(생산자가격, 대분류)","도소매 및 상품중개서비스","제조임가공 및 산업용 장비 수리","","원자료","0.009088","0.008551","0.00886","0.008612"
"2.2.1.2.3. 투입산출표 생산유발계수표(생산자가격, 대분류)","도소매 및 상품중개서비스","전력, 가스 및 증기","","원자료","0.019521","0.019227","0.022268","0.024859"
"2.2.1.2.3. 투입산출표 생산유발계수표(생산자가격, 대분류)","도소매 및 상품중개서비스","수도, 폐기물처리 및 재활용서비스","","원자료","0.004221","0.004331","0.004155","0.004023"
"2.2.1.2.3. 투입산출표 생산유발계수표(생산자가격, 대분류)","도소매 및 상품중개서비스","건설","","원자료","0.006328","0.006799","0.006507","0.006186"
"2.2.1.2.3. 투입산출표 생산유발계수표(생산자가격, 대분류)","도소매 및 상품중개서비스","도소매 및 상품중개서비스","","원자료","1.069532","1.069464","1.068544","1.0685"
"2.2.1.2.3. 투입산출표 생산유발계수표(생산자가격, 대분류)","도소매 및 상품중개서비스","운송서비스","","원자료","0.080197","0.0853","0.089016","0.097168"
"2.2.1.2.3. 투입산출표 생산유발계수표(생산자가격, 대분류)","도소매 및 상품중개서비스","음식점 및 숙박서비스","","원자료","0.044505","0.043745","0.047684","0.052282"
"2.2.1.2.3. 투입산출표 생산유발계수표(생산자가격, 대분류)","도소매 및 상품중개서비스","정보통신 및 방송 서비스","","원자료","0.048277","0.046991","0.044977","0.043326"
"2.2.1.2.3. 투입산출표 생산유발계수표(생산자가격, 대분류)","도소매 및 상품중개서비스","금융 및 보험 서비스","","원자료","0.049736","0.050818","0.049078","0.043383"
"2.2.1.2.3. 투입산출표 생산유발계수표(생산자가격, 대분류)","도소매 및 상품중개서비스","부동산서비스","","원자료","0.068254","0.066277","0.061656","0.061836"
"2.2.1.2.3. 투입산출표 생산유발계수표(생산자가격, 대분류)","도소매 및 상품중개서비스","전문, 과학 및 기술 서비스","","원자료","0.072233","0.072799","0.065575","0.075361"
"2.2.1.2.3. 투입산출표 생산유발계수표(생산자가격, 대분류)","도소매 및 상품중개서비스","사업지원서비스","","원자료","0.045733","0.044242","0.041557","0.04385"
"2.2.1.2.3. 투입산출표 생산유발계수표(생산자가격, 대분류)","도소매 및 상품중개서비스","공공행정, 국방 및 사회보장","","원자료","0.001497","0.001566","0.002109","0.001897"
"2.2.1.2.3. 투입산출표 생산유발계수표(생산자가격, 대분류)","도소매 및 상품중개서비스","교육서비스","","원자료","0.002213","0.003613","0.002874","0.002739"
"2.2.1.2.3. 투입산출표 생산유발계수표(생산자가격, 대분류)","도소매 및 상품중개서비스","보건 및 사회복지 서비스","","원자료","0.004622","0.005161","0.004604","0.004345"
"2.2.1.2.3. 투입산출표 생산유발계수표(생산자가격, 대분류)","도소매 및 상품중개서비스","예술, 스포츠 및 여가 관련 서비스","","원자료","0.002703","0.00268","0.002806","0.002829"
"2.2.1.2.3. 투입산출표 생산유발계수표(생산자가격, 대분류)","도소매 및 상품중개서비스","기타 서비스","","원자료","0.012598","0.010705","0.011441","0.011885"
"2.2.1.2.3. 투입산출표 생산유발계수표(생산자가격, 대분류)","도소매 및 상품중개서비스","기타","","원자료","0.00259","0.002007","0.0024","0.002063"
"2.2.1.2.3. 투입산출표 생산유발계수표(생산자가격, 대분류)","도소매 및 상품중개서비스","열합","","원자료","1.746319","1.759957","1.759678","1.755624"
"2.2.1.2.3. 투입산출표 생산유발계수표(생산자가격, 대분류)","도소매 및 상품중개서비스","영향력계수","","원자료","0.927671","0.931045","0.926057","0.92825"
"2.2.1.2.3. 투입산출표 생산유발계수표(생산자가격, 대분류)","운송서비스","농림수산품","","원자료","0.003616","0.003765","0.003479","0.003105"
"2.2.1.2.3. 투입산출표 생산유발계수표(생산자가격, 대분류)","운송서비스","광산품","","원자료","0.000468","0.000396","0.000775","0.000289"
"2.2.1.2.3. 투입산출표 생산유발계수표(생산자가격, 대분류)","운송서비스","음식료품","","원자료","0.009437","0.009452","0.00989","0.008688"
"2.2.1.2.3. 투입산출표 생산유발계수표(생산자가격, 대분류)","운송서비스","섬유 및 가죽제품","","원자료","0.021565","0.019689","0.017384","0.012281"
"2.2.1.2.3. 투입산출표 생산유발계수표(생산자가격, 대분류)","운송서비스","목재 및 종이, 인쇄","","원자료","0.013811","0.014581","0.013855","0.012559"
"2.2.1.2.3. 투입산출표 생산유발계수표(생산자가격, 대분류)","운송서비스","석탄 및 석유제품","","원자료","0.098595","0.100874","0.104288","0.085785"
"2.2.1.2.3. 투입산출표 생산유발계수표(생산자가격, 대분류)","운송서비스","화학제품","","원자료","0.035376","0.035081","0.031072","0.026639"
"2.2.1.2.3. 투입산출표 생산유발계수표(생산자가격, 대분류)","운송서비스","비금속광물제품","","원자료","0.00268","0.00245","0.002149","0.001795"
"2.2.1.2.3. 투입산출표 생산유발계수표(생산자가격, 대분류)","운송서비스","1차 금속제품","","원자료","0.012876","0.014675","0.013463","0.009971"
"2.2.1.2.3. 투입산출표 생산유발계수표(생산자가격, 대분류)","운송서비스","금속가공제품","","원자료","0.018361","0.016824","0.014694","0.012462"
"2.2.1.2.3. 투입산출표 생산유발계수표(생산자가격, 대분류)","운송서비스","컴퓨터, 전자 및 광학기기","","원자료","0.017138","0.014601","0.01322","0.012213"
"2.2.1.2.3. 투입산출표 생산유발계수표(생산자가격, 대분류)","운송서비스","전기장비","","원자료","0.023535","0.023356","0.027515","0.02554"
"2.2.1.2.3. 투입산출표 생산유발계수표(생산자가격, 대분류)","운송서비스","기계 및 장비","","원자료","0.008673","0.008649","0.008462","0.006258"
"2.2.1.2.3. 투입산출표 생산유발계수표(생산자가격, 대분류)","운송서비스","운송장비","","원자료","0.064264","0.055478","0.050416","0.04276"
"2.2.1.2.3. 투입산출표 생산유발계수표(생산자가격, 대분류)","운송서비스","기타 제조업 제품","","원자료","0.003028","0.003056","0.002674","0.002397"
"2.2.1.2.3. 투입산출표 생산유발계수표(생산자가격, 대분류)","운송서비스","제조임가공 및 산업용 장비 수리","","원자료","0.01073","0.009331","0.009473","0.008112"
"2.2.1.2.3. 투입산출표 생산유발계수표(생산자가격, 대분류)","운송서비스","전력, 가스 및 증기","","원자료","0.031997","0.028786","0.032036","0.03299"
"2.2.1.2.3. 투입산출표 생산유발계수표(생산자가격, 대분류)","운송서비스","수도, 폐기물처리 및 재활용서비스","","원자료","0.007438","0.006598","0.005817","0.004746"
"2.2.1.2.3. 투입산출표 생산유발계수표(생산자가격, 대분류)","운송서비스","건설","","원자료","0.004371","0.004321","0.003184","0.002411"
"2.2.1.2.3. 투입산출표 생산유발계수표(생산자가격, 대분류)","운송서비스","도소매 및 상품중개서비스","","원자료","0.042196","0.041106","0.037423","0.03324"
"2.2.1.2.3. 투입산출표 생산유발계수표(생산자가격, 대분류)","운송서비스","운송서비스","","원자료","1.104528","1.098014","1.091523","1.090713"
"2.2.1.2.3. 투입산출표 생산유발계수표(생산자가격, 대분류)","운송서비스","음식점 및 숙박서비스","","원자료","0.018736","0.017825","0.018541","0.017927"
"2.2.1.2.3. 투입산출표 생산유발계수표(생산자가격, 대분류)","운송서비스","정보통신 및 방송 서비스","","원자료","0.026921","0.025473","0.023474","0.021086"
"2.2.1.2.3. 투입산출표 생산유발계수표(생산자가격, 대분류)","운송서비스","금융 및 보험 서비스","","원자료","0.034481","0.031544","0.028184","0.02407"
"2.2.1.2.3. 투입산출표 생산유발계수표(생산자가격, 대분류)","운송서비스","부동산서비스","","원자료","0.019258","0.018937","0.016803","0.015387"
"2.2.1.2.3. 투입산출표 생산유발계수표(생산자가격, 대분류)","운송서비스","전문, 과학 및 기술 서비스","","원자료","0.055345","0.053651","0.048677","0.054628"
"2.2.1.2.3. 투입산출표 생산유발계수표(생산자가격, 대분류)","운송서비스","사업지원서비스","","원자료","0.059306","0.06096","0.054132","0.048192"
"2.2.1.2.3. 투입산출표 생산유발계수표(생산자가격, 대분류)","운송서비스","공공행정, 국방 및 사회보장","","원자료","0.001702","0.001635","0.002278","0.002033"
"2.2.1.2.3. 투입산출표 생산유발계수표(생산자가격, 대분류)","운송서비스","교육서비스","","원자료","0.000702","0.001088","0.000832","0.000704"
"2.2.1.2.3. 투입산출표 생산유발계수표(생산자가격, 대분류)","운송서비스","보건 및 사회복지 서비스","","원자료","0.002023","0.002003","0.001718","0.00144"
"2.2.1.2.3. 투입산출표 생산유발계수표(생산자가격, 대분류)","운송서비스","예술, 스포츠 및 여가 관련 서비스","","원자료","0.004866","0.004176","0.004102","0.004375"
"2.2.1.2.3. 투입산출표 생산유발계수표(생산자가격, 대분류)","운송서비스","기타 서비스","","원자료","0.024956","0.024327","0.019164","0.018111"
"2.2.1.2.3. 투입산출표 생산유발계수표(생산자가격, 대분류)","운송서비스","기타","","원자료","0.001417","0.001085","0.001131","0.000813"
"2.2.1.2.3. 투입산출표 생산유발계수표(생산자가격, 대분류)","운송서비스","열합","","원자료","1.784395","1.753785","1.711829","1.643719"
"2.2.1.2.3. 투입산출표 생산유발계수표(생산자가격, 대분류)","운송서비스","영향력계수","","원자료","0.947897","0.927779","0.900876","0.869083"
"2.2.1.2.3. 투입산출표 생산유발계수표(생산자가격, 대분류)","음식점 및 숙박서비스","농림수산품","","원자료","0.128941","0.136807","0.123566","0.122182"
"2.2.1.2.3. 투입산출표 생산유발계수표(생산자가격, 대분류)","음식점 및 숙박서비스","광산품","","원자료","0.00082","0.000884","0.001188","0.000874"
"2.2.1.2.3. 투입산출표 생산유발계수표(생산자가격, 대분류)","음식점 및 숙박서비스","음식료품","","원자료","0.303096","0.301532","0.318144","0.305268"
"2.2.1.2.3. 투입산출표 생산유발계수표(생산자가격, 대분류)","음식점 및 숙박서비스","섬유 및 가죽제품","","원자료","0.018535","0.01923","0.017099","0.013261"
"2.2.1.2.3. 투입산출표 생산유발계수표(생산자가격, 대분류)","음식점 및 숙박서비스","목재 및 종이, 인쇄","","원자료","0.028628","0.030661","0.029614","0.027693"
"2.2.1.2.3. 투입산출표 생산유발계수표(생산자가격, 대분류)","음식점 및 숙박서비스","석탄 및 석유제품","","원자료","0.021961","0.026134","0.034392","0.030589"
"2.2.1.2.3. 투입산출표 생산유발계수표(생산자가격, 대분류)","음식점 및 숙박서비스","화학제품","","원자료","0.070133","0.074856","0.067899","0.06534"
"2.2.1.2.3. 투입산출표 생산유발계수표(생산자가격, 대분류)","음식점 및 숙박서비스","비금속광물제품","","원자료","0.007288","0.007462","0.007165","0.007213"
"2.2.1.2.3. 투입산출표 생산유발계수표(생산자가격, 대분류)","음식점 및 숙박서비스","1차 금속제품","","원자료","0.010592","0.012949","0.012056","0.010686"
"2.2.1.2.3. 투입산출표 생산유발계수표(생산자가격, 대분류)","음식점 및 숙박서비스","금속가공제품","","원자료","0.020853","0.020712","0.019551","0.019837"
"2.2.1.2.3. 투입산출표 생산유발계수표(생산자가격, 대분류)","음식점 및 숙박서비스","컴퓨터, 전자 및 광학기기","","원자료","0.018568","0.018511","0.01759","0.01774"
"2.2.1.2.3. 투입산출표 생산유발계수표(생산자가격, 대분류)","음식점 및 숙박서비스","전기장비","","원자료","0.021019","0.021319","0.022683","0.022972"
"2.2.1.2.3. 투입산출표 생산유발계수표(생산자가격, 대분류)","음식점 및 숙박서비스","기계 및 장비","","원자료","0.006344","0.006941","0.007285","0.006173"
"2.2.1.2.3. 투입산출표 생산유발계수표(생산자가격, 대분류)","음식점 및 숙박서비스","운송장비","","원자료","0.008039","0.007209","0.007594","0.007738"
"2.2.1.2.3. 투입산출표 생산유발계수표(생산자가격, 대분류)","음식점 및 숙박서비스","기타 제조업 제품","","원자료","0.015214","0.015838","0.014861","0.014616"
"2.2.1.2.3. 투입산출표 생산유발계수표(생산자가격, 대분류)","음식점 및 숙박서비스","제조임가공 및 산업용 장비 수리","","원자료","0.020177","0.019144","0.022257","0.021299"
"2.2.1.2.3. 투입산출표 생산유발계수표(생산자가격, 대분류)","음식점 및 숙박서비스","전력, 가스 및 증기","","원자료","0.026964","0.02596","0.031619","0.033078"
"2.2.1.2.3. 투입산출표 생산유발계수표(생산자가격, 대분류)","음식점 및 숙박서비스","수도, 폐기물처리 및 재활용서비스","","원자료","0.020993","0.019882","0.019118","0.018846"
"2.2.1.2.3. 투입산출표 생산유발계수표(생산자가격, 대분류)","음식점 및 숙박서비스","건설","","원자료","0.011923","0.012096","0.010241","0.009362"
"2.2.1.2.3. 투입산출표 생산유발계수표(생산자가격, 대분류)","음식점 및 숙박서비스","도소매 및 상품중개서비스","","원자료","0.14049","0.139242","0.128213","0.130214"
"2.2.1.2.3. 투입산출표 생산유발계수표(생산자가격, 대분류)","음식점 및 숙박서비스","운송서비스","","원자료","0.049685","0.04992","0.049557","0.053449"
"2.2.1.2.3. 투입산출표 생산유발계수표(생산자가격, 대분류)","음식점 및 숙박서비스","음식점 및 숙박서비스","","원자료","1.018159","1.017288","1.019267","1.022073"
"2.2.1.2.3. 투입산출표 생산유발계수표(생산자가격, 대분류)","음식점 및 숙박서비스","정보통신 및 방송 서비스","","원자료","0.028134","0.026678","0.026477","0.027224"
"2.2.1.2.3. 투입산출표 생산유발계수표(생산자가격, 대분류)","음식점 및 숙박서비스","금융 및 보험 서비스","","원자료","0.04964","0.050431","0.047451","0.041754"
"2.2.1.2.3. 투입산출표 생산유발계수표(생산자가격, 대분류)","음식점 및 숙박서비스","부동산서비스","","원자료","0.065513","0.061612","0.057878","0.062314"
"2.2.1.2.3. 투입산출표 생산유발계수표(생산자가격, 대분류)","음식점 및 숙박서비스","전문, 과학 및 기술 서비스","","원자료","0.05672","0.056455","0.055307","0.067727"
"2.2.1.2.3. 투입산출표 생산유발계수표(생산자가격, 대분류)","음식점 및 숙박서비스","사업지원서비스","","원자료","0.028515","0.026992","0.026246","0.028535"
"2.2.1.2.3. 투입산출표 생산유발계수표(생산자가격, 대분류)","음식점 및 숙박서비스","공공행정, 국방 및 사회보장","","원자료","0.001887","0.00204","0.002599","0.002344"
"2.2.1.2.3. 투입산출표 생산유발계수표(생산자가격, 대분류)","음식점 및 숙박서비스","교육서비스","","원자료","0.000918","0.001451","0.001178","0.001195"
"2.2.1.2.3. 투입산출표 생산유발계수표(생산자가격, 대분류)","음식점 및 숙박서비스","보건 및 사회복지 서비스","","원자료","0.003708","0.004036","0.003798","0.003771"
"2.2.1.2.3. 투입산출표 생산유발계수표(생산자가격, 대분류)","음식점 및 숙박서비스","예술, 스포츠 및 여가 관련 서비스","","원자료","0.002323","0.002262","0.00254","0.002613"
"2.2.1.2.3. 투입산출표 생산유발계수표(생산자가격, 대분류)","음식점 및 숙박서비스","기타 서비스","","원자료","0.006951","0.006184","0.00672","0.007147"
"2.2.1.2.3. 투입산출표 생산유발계수표(생산자가격, 대분류)","음식점 및 숙박서비스","기타","","원자료","0.003343","0.002675","0.003046","0.002645"
"2.2.1.2.3. 투입산출표 생산유발계수표(생산자가격, 대분류)","음식점 및 숙박서비스","열합","","원자료","2.216072","2.225392","2.214199","2.207771"
"2.2.1.2.3. 투입산출표 생산유발계수표(생산자가격, 대분류)","음식점 및 숙박서비스","영향력계수","","원자료","1.17721","1.177267","1.165256","1.167314"
"2.2.1.2.3. 투입산출표 생산유발계수표(생산자가격, 대분류)","정보통신 및 방송 서비스","농림수산품","","원자료","0.003891","0.004211","0.004642","0.004496"
"2.2.1.2.3. 투입산출표 생산유발계수표(생산자가격, 대분류)","정보통신 및 방송 서비스","광산품","","원자료","0.000208","0.000222","0.000403","0.000201"
"2.2.1.2.3. 투입산출표 생산유발계수표(생산자가격, 대분류)","정보통신 및 방송 서비스","음식료품","","원자료","0.010075","0.01051","0.013302","0.012561"
"2.2.1.2.3. 투입산출표 생산유발계수표(생산자가격, 대분류)","정보통신 및 방송 서비스","섬유 및 가죽제품","","원자료","0.005265","0.005448","0.005579","0.003998"
"2.2.1.2.3. 투입산출표 생산유발계수표(생산자가격, 대분류)","정보통신 및 방송 서비스","목재 및 종이, 인쇄","","원자료","0.020048","0.018583","0.019137","0.017691"
"2.2.1.2.3. 투입산출표 생산유발계수표(생산자가격, 대분류)","정보통신 및 방송 서비스","석탄 및 석유제품","","원자료","0.007142","0.008385","0.01231","0.009284"
"2.2.1.2.3. 투입산출표 생산유발계수표(생산자가격, 대분류)","정보통신 및 방송 서비스","화학제품","","원자료","0.020555","0.023697","0.023629","0.021071"
"2.2.1.2.3. 투입산출표 생산유발계수표(생산자가격, 대분류)","정보통신 및 방송 서비스","비금속광물제품","","원자료","0.001657","0.00176","0.001704","0.001515"
"2.2.1.2.3. 투입산출표 생산유발계수표(생산자가격, 대분류)","정보통신 및 방송 서비스","1차 금속제품","","원자료","0.005331","0.007129","0.007608","0.006059"
"2.2.1.2.3. 투입산출표 생산유발계수표(생산자가격, 대분류)","정보통신 및 방송 서비스","금속가공제품","","원자료","0.006233","0.00669","0.006924","0.006485"
"2.2.1.2.3. 투입산출표 생산유발계수표(생산자가격, 대분류)","정보통신 및 방송 서비스","컴퓨터, 전자 및 광학기기","","원자료","0.041857","0.038341","0.038474","0.042405"
"2.2.1.2.3. 투입산출표 생산유발계수표(생산자가격, 대분류)","정보통신 및 방송 서비스","전기장비","","원자료","0.020829","0.024543","0.03091","0.026582"
"2.2.1.2.3. 투입산출표 생산유발계수표(생산자가격, 대분류)","정보통신 및 방송 서비스","기계 및 장비","","원자료","0.002643","0.002933","0.003433","0.002666"
"2.2.1.2.3. 투입산출표 생산유발계수표(생산자가격, 대분류)","정보통신 및 방송 서비스","운송장비","","원자료","0.004656","0.004448","0.005149","0.005092"
"2.2.1.2.3. 투입산출표 생산유발계수표(생산자가격, 대분류)","정보통신 및 방송 서비스","기타 제조업 제품","","원자료","0.003928","0.00442","0.004714","0.004187"
"2.2.1.2.3. 투입산출표 생산유발계수표(생산자가격, 대분류)","정보통신 및 방송 서비스","제조임가공 및 산업용 장비 수리","","원자료","0.00781","0.00773","0.008859","0.008746"
"2.2.1.2.3. 투입산출표 생산유발계수표(생산자가격, 대분류)","정보통신 및 방송 서비스","전력, 가스 및 증기","","원자료","0.014055","0.013146","0.015849","0.017713"
"2.2.1.2.3. 투입산출표 생산유발계수표(생산자가격, 대분류)","정보통신 및 방송 서비스","수도, 폐기물처리 및 재활용서비스","","원자료","0.004711","0.004668","0.004738","0.004294"
"2.2.1.2.3. 투입산출표 생산유발계수표(생산자가격, 대분류)","정보통신 및 방송 서비스","건설","","원자료","0.005571","0.006442","0.005387","0.00417"
"2.2.1.2.3. 투입산출표 생산유발계수표(생산자가격, 대분류)","정보통신 및 방송 서비스","도소매 및 상품중개서비스","","원자료","0.078013","0.069946","0.066659","0.064076"
"2.2.1.2.3. 투입산출표 생산유발계수표(생산자가격, 대분류)","정보통신 및 방송 서비스","운송서비스","","원자료","0.02056","0.019132","0.020287","0.022744"
"2.2.1.2.3. 투입산출표 생산유발계수표(생산자가격, 대분류)","정보통신 및 방송 서비스","음식점 및 숙박서비스","","원자료","0.021452","0.021255","0.026099","0.027506"
"2.2.1.2.3. 투입산출표 생산유발계수표(생산자가격, 대분류)","정보통신 및 방송 서비스","정보통신 및 방송 서비스","","원자료","1.145244","1.153511","1.170345","1.155768"
"2.2.1.2.3. 투입산출표 생산유발계수표(생산자가격, 대분류)","정보통신 및 방송 서비스","금융 및 보험 서비스","","원자료","0.025291","0.02657","0.027022","0.024773"
"2.2.1.2.3. 투입산출표 생산유발계수표(생산자가격, 대분류)","정보통신 및 방송 서비스","부동산서비스","","원자료","0.023019","0.022777","0.021858","0.020881"
"2.2.1.2.3. 투입산출표 생산유발계수표(생산자가격, 대분류)","정보통신 및 방송 서비스","전문, 과학 및 기술 서비스","","원자료","0.074351","0.077118","0.078913","0.079475"
"2.2.1.2.3. 투입산출표 생산유발계수표(생산자가격, 대분류)","정보통신 및 방송 서비스","사업지원서비스","","원자료","0.054853","0.053788","0.057695","0.058153"
"2.2.1.2.3. 투입산출표 생산유발계수표(생산자가격, 대분류)","정보통신 및 방송 서비스","공공행정, 국방 및 사회보장","","원자료","0.001473","0.002125","0.002863","0.00247"
"2.2.1.2.3. 투입산출표 생산유발계수표(생산자가격, 대분류)","정보통신 및 방송 서비스","교육서비스","","원자료","0.000927","0.001504","0.001332","0.001226"
"2.2.1.2.3. 투입산출표 생산유발계수표(생산자가격, 대분류)","정보통신 및 방송 서비스","보건 및 사회복지 서비스","","원자료","0.002315","0.002734","0.002726","0.002462"
"2.2.1.2.3. 투입산출표 생산유발계수표(생산자가격, 대분류)","정보통신 및 방송 서비스","예술, 스포츠 및 여가 관련 서비스","","원자료","0.011273","0.010322","0.011293","0.010458"
"2.2.1.2.3. 투입산출표 생산유발계수표(생산자가격, 대분류)","정보통신 및 방송 서비스","기타 서비스","","원자료","0.006094","0.005538","0.006392","0.006231"
"2.2.1.2.3. 투입산출표 생산유발계수표(생산자가격, 대분류)","정보통신 및 방송 서비스","기타","","원자료","0.002637","0.00282","0.003406","0.002834"
"2.2.1.2.3. 투입산출표 생산유발계수표(생산자가격, 대분류)","정보통신 및 방송 서비스","열합","","원자료","1.653967","1.662445","1.709641","1.678275"
"2.2.1.2.3. 투입산출표 생산유발계수표(생산자가격, 대분류)","정보통신 및 방송 서비스","영향력계수","","원자료","0.878612","0.879459","0.899725","0.887354"
"2.2.1.2.3. 투입산출표 생산유발계수표(생산자가격, 대분류)","금융 및 보험 서비스","농림수산품","","원자료","0.004076","0.004155","0.004213","0.004119"
"2.2.1.2.3. 투입산출표 생산유발계수표(생산자가격, 대분류)","금융 및 보험 서비스","광산품","","원자료","0.000125","0.000126","0.000247","0.000115"
"2.2.1.2.3. 투입산출표 생산유발계수표(생산자가격, 대분류)","금융 및 보험 서비스","음식료품","","원자료","0.010086","0.009769","0.011407","0.01093"
"2.2.1.2.3. 투입산출표 생산유발계수표(생산자가격, 대분류)","금융 및 보험 서비스","섬유 및 가죽제품","","원자료","0.003757","0.003272","0.003044","0.002321"
"2.2.1.2.3. 투입산출표 생산유발계수표(생산자가격, 대분류)","금융 및 보험 서비스","목재 및 종이, 인쇄","","원자료","0.01657","0.016974","0.016368","0.013937"
"2.2.1.2.3. 투입산출표 생산유발계수표(생산자가격, 대분류)","금융 및 보험 서비스","석탄 및 석유제품","","원자료","0.003772","0.004281","0.005893","0.004604"
"2.2.1.2.3. 투입산출표 생산유발계수표(생산자가격, 대분류)","금융 및 보험 서비스","화학제품","","원자료","0.011159","0.011906","0.011354","0.010511"
"2.2.1.2.3. 투입산출표 생산유발계수표(생산자가격, 대분류)","금융 및 보험 서비스","비금속광물제품","","원자료","0.000919","0.000919","0.00089","0.000836"
"2.2.1.2.3. 투입산출표 생산유발계수표(생산자가격, 대분류)","금융 및 보험 서비스","1차 금속제품","","원자료","0.002506","0.00307","0.003042","0.002549"
"2.2.1.2.3. 투입산출표 생산유발계수표(생산자가격, 대분류)","금융 및 보험 서비스","금속가공제품","","원자료","0.003959","0.003923","0.003781","0.003688"
"2.2.1.2.3. 투입산출표 생산유발계수표(생산자가격, 대분류)","금융 및 보험 서비스","컴퓨터, 전자 및 광학기기","","원자료","0.009569","0.009199","0.008791","0.008645"
"2.2.1.2.3. 투입산출표 생산유발계수표(생산자가격, 대분류)","금융 및 보험 서비스","전기장비","","원자료","0.006473","0.006889","0.008164","0.007582"
"2.2.1.2.3. 투입산출표 생산유발계수표(생산자가격, 대분류)","금융 및 보험 서비스","기계 및 장비","","원자료","0.001496","0.001566","0.001692","0.001358"
"2.2.1.2.3. 투입산출표 생산유발계수표(생산자가격, 대분류)","금융 및 보험 서비스","운송장비","","원자료","0.002987","0.002565","0.002807","0.002815"
"2.2.1.2.3. 투입산출표 생산유발계수표(생산자가격, 대분류)","금융 및 보험 서비스","기타 제조업 제품","","원자료","0.002805","0.002917","0.002801","0.002542"
"2.2.1.2.3. 투입산출표 생산유발계수표(생산자가격, 대분류)","금융 및 보험 서비스","제조임가공 및 산업용 장비 수리","","원자료","0.003917","0.003627","0.003922","0.003766"
"2.2.1.2.3. 투입산출표 생산유발계수표(생산자가격, 대분류)","금융 및 보험 서비스","전력, 가스 및 증기","","원자료","0.009803","0.009146","0.010784","0.011841"
"2.2.1.2.3. 투입산출표 생산유발계수표(생산자가격, 대분류)","금융 및 보험 서비스","수도, 폐기물처리 및 재활용서비스","","원자료","0.004198","0.004134","0.003854","0.003436"
"2.2.1.2.3. 투입산출표 생산유발계수표(생산자가격, 대분류)","금융 및 보험 서비스","건설","","원자료","0.00321","0.003338","0.003043","0.002683"
"2.2.1.2.3. 투입산출표 생산유발계수표(생산자가격, 대분류)","금융 및 보험 서비스","도소매 및 상품중개서비스","","원자료","0.017948","0.016499","0.015728","0.015073"
"2.2.1.2.3. 투입산출표 생산유발계수표(생산자가격, 대분류)","금융 및 보험 서비스","운송서비스","","원자료","0.010431","0.009656","0.009633","0.010647"
"2.2.1.2.3. 투입산출표 생산유발계수표(생산자가격, 대분류)","금융 및 보험 서비스","음식점 및 숙박서비스","","원자료","0.025985","0.024496","0.027707","0.028496"
"2.2.1.2.3. 투입산출표 생산유발계수표(생산자가격, 대분류)","금융 및 보험 서비스","정보통신 및 방송 서비스","","원자료","0.068407","0.066015","0.064431","0.060364"
"2.2.1.2.3. 투입산출표 생산유발계수표(생산자가격, 대분류)","금융 및 보험 서비스","금융 및 보험 서비스","","원자료","1.212312","1.191664","1.213032","1.212799"
"2.2.1.2.3. 투입산출표 생산유발계수표(생산자가격, 대분류)","금융 및 보험 서비스","부동산서비스","","원자료","0.038579","0.034304","0.028353","0.025784"
"2.2.1.2.3. 투입산출표 생산유발계수표(생산자가격, 대분류)","금융 및 보험 서비스","전문, 과학 및 기술 서비스","","원자료","0.041356","0.040152","0.037879","0.041391"
"2.2.1.2.3. 투입산출표 생산유발계수표(생산자가격, 대분류)","금융 및 보험 서비스","사업지원서비스","","원자료","0.060994","0.053553","0.053341","0.054195"
"2.2.1.2.3. 투입산출표 생산유발계수표(생산자가격, 대분류)","금융 및 보험 서비스","공공행정, 국방 및 사회보장","","원자료","0.000529","0.000596","0.000767","0.000675"
"2.2.1.2.3. 투입산출표 생산유발계수표(생산자가격, 대분류)","금융 및 보험 서비스","교육서비스","","원자료","0.001769","0.002613","0.002218","0.002021"
"2.2.1.2.3. 투입산출표 생산유발계수표(생산자가격, 대분류)","금융 및 보험 서비스","보건 및 사회복지 서비스","","원자료","0.003163","0.003461","0.00317","0.002788"
"2.2.1.2.3. 투입산출표 생산유발계수표(생산자가격, 대분류)","금융 및 보험 서비스","예술, 스포츠 및 여가 관련 서비스","","원자료","0.004567","0.004428","0.004892","0.004545"
"2.2.1.2.3. 투입산출표 생산유발계수표(생산자가격, 대분류)","금융 및 보험 서비스","기타 서비스","","원자료","0.007446","0.006111","0.006765","0.006409"
"2.2.1.2.3. 투입산출표 생산유발계수표(생산자가격, 대분류)","금융 및 보험 서비스","기타","","원자료","0.000942","0.000786","0.000906","0.000768"
"2.2.1.2.3. 투입산출표 생산유발계수표(생산자가격, 대분류)","금융 및 보험 서비스","열합","","원자료","1.595815","1.556108","1.574919","1.564233"
"2.2.1.2.3. 투입산출표 생산유발계수표(생산자가격, 대분류)","금융 및 보험 서비스","영향력계수","","원자료","0.847721","0.823205","0.828825","0.827056"
"2.2.1.2.3. 투입산출표 생산유발계수표(생산자가격, 대분류)","부동산서비스","농림수산품","","원자료","0.001683","0.001992","0.002376","0.002644"
"2.2.1.2.3. 투입산출표 생산유발계수표(생산자가격, 대분류)","부동산서비스","광산품","","원자료","0.000361","0.000438","0.000747","0.000738"
"2.2.1.2.3. 투입산출표 생산유발계수표(생산자가격, 대분류)","부동산서비스","음식료품","","원자료","0.004061","0.004579","0.006123","0.006721"
"2.2.1.2.3. 투입산출표 생산유발계수표(생산자가격, 대분류)","부동산서비스","섬유 및 가죽제품","","원자료","0.002996","0.003373","0.003233","0.002636"
"2.2.1.2.3. 투입산출표 생산유발계수표(생산자가격, 대분류)","부동산서비스","목재 및 종이, 인쇄","","원자료","0.005126","0.006149","0.006634","0.006095"
"2.2.1.2.3. 투입산출표 생산유발계수표(생산자가격, 대분류)","부동산서비스","석탄 및 석유제품","","원자료","0.005","0.006698","0.011282","0.009006"
"2.2.1.2.3. 투입산출표 생산유발계수표(생산자가격, 대분류)","부동산서비스","화학제품","","원자료","0.010492","0.013138","0.014384","0.014876"
"2.2.1.2.3. 투입산출표 생산유발계수표(생산자가격, 대분류)","부동산서비스","비금속광물제품","","원자료","0.003876","0.004594","0.006525","0.007784"
"2.2.1.2.3. 투입산출표 생산유발계수표(생산자가격, 대분류)","부동산서비스","1차 금속제품","","원자료","0.005506","0.008002","0.010766","0.01089"
"2.2.1.2.3. 투입산출표 생산유발계수표(생산자가격, 대분류)","부동산서비스","금속가공제품","","원자료","0.005868","0.007119","0.009084","0.010568"
"2.2.1.2.3. 투입산출표 생산유발계수표(생산자가격, 대분류)","부동산서비스","컴퓨터, 전자 및 광학기기","","원자료","0.006693","0.007644","0.007823","0.007817"
"2.2.1.2.3. 투입산출표 생산유발계수표(생산자가격, 대분류)","부동산서비스","전기장비","","원자료","0.007683","0.009273","0.011857","0.012179"
"2.2.1.2.3. 투입산출표 생산유발계수표(생산자가격, 대분류)","부동산서비스","기계 및 장비","","원자료","0.002932","0.003756","0.005521","0.005287"
"2.2.1.2.3. 투입산출표 생산유발계수표(생산자가격, 대분류)","부동산서비스","운송장비","","원자료","0.002126","0.00218","0.002611","0.002889"
"2.2.1.2.3. 투입산출표 생산유발계수표(생산자가격, 대분류)","부동산서비스","기타 제조업 제품","","원자료","0.004121","0.004887","0.005253","0.005519"
"2.2.1.2.3. 투입산출표 생산유발계수표(생산자가격, 대분류)","부동산서비스","제조임가공 및 산업용 장비 수리","","원자료","0.00337","0.003663","0.004615","0.00501"
"2.2.1.2.3. 투입산출표 생산유발계수표(생산자가격, 대분류)","부동산서비스","전력, 가스 및 증기","","원자료","0.010278","0.010694","0.0141","0.016538"
"2.2.1.2.3. 투입산출표 생산유발계수표(생산자가격, 대분류)","부동산서비스","수도, 폐기물처리 및 재활용서비스","","원자료","0.007097","0.007882","0.010768","0.012152"
"2.2.1.2.3. 투입산출표 생산유발계수표(생산자가격, 대분류)","부동산서비스","건설","","원자료","0.037428","0.044746","0.064813","0.07233"
"2.2.1.2.3. 투입산출표 생산유발계수표(생산자가격, 대분류)","부동산서비스","도소매 및 상품중개서비스","","원자료","0.012056","0.01372","0.015254","0.01607"
"2.2.1.2.3. 투입산출표 생산유발계수표(생산자가격, 대분류)","부동산서비스","운송서비스","","원자료","0.008955","0.009291","0.010562","0.012345"
"2.2.1.2.3. 투입산출표 생산유발계수표(생산자가격, 대분류)","부동산서비스","음식점 및 숙박서비스","","원자료","0.010297","0.011159","0.014697","0.017622"
"2.2.1.2.3. 투입산출표 생산유발계수표(생산자가격, 대분류)","부동산서비스","정보통신 및 방송 서비스","","원자료","0.014676","0.015732","0.016416","0.015726"
"2.2.1.2.3. 투입산출표 생산유발계수표(생산자가격, 대분류)","부동산서비스","금융 및 보험 서비스","","원자료","0.126599","0.136987","0.124969","0.099782"
"2.2.1.2.3. 투입산출표 생산유발계수표(생산자가격, 대분류)","부동산서비스","부동산서비스","","원자료","1.035242","1.037248","1.033142","1.036036"
"2.2.1.2.3. 투입산출표 생산유발계수표(생산자가격, 대분류)","부동산서비스","전문, 과학 및 기술 서비스","","원자료","0.022485","0.026023","0.029354","0.035875"
"2.2.1.2.3. 투입산출표 생산유발계수표(생산자가격, 대분류)","부동산서비스","사업지원서비스","","원자료","0.051729","0.055875","0.054055","0.059083"
"2.2.1.2.3. 투입산출표 생산유발계수표(생산자가격, 대분류)","부동산서비스","공공행정, 국방 및 사회보장","","원자료","0.000934","0.001252","0.001957","0.00213"
"2.2.1.2.3. 투입산출표 생산유발계수표(생산자가격, 대분류)","부동산서비스","교육서비스","","원자료","0.000595","0.001072","0.001032","0.001068"
"2.2.1.2.3. 투입산출표 생산유발계수표(생산자가격, 대분류)","부동산서비스","보건 및 사회복지 서비스","","원자료","0.001144","0.001445","0.001533","0.001595"
"2.2.1.2.3. 투입산출표 생산유발계수표(생산자가격, 대분류)","부동산서비스","예술, 스포츠 및 여가 관련 서비스","","원자료","0.00156","0.001822","0.002186","0.002221"
"2.2.1.2.3. 투입산출표 생산유발계수표(생산자가격, 대분류)","부동산서비스","기타 서비스","","원자료","0.002794","0.002734","0.003301","0.003619"
"2.2.1.2.3. 투입산출표 생산유발계수표(생산자가격, 대분류)","부동산서비스","기타","","원자료","0.001678","0.001663","0.002333","0.002454"
"2.2.1.2.3. 투입산출표 생산유발계수표(생산자가격, 대분류)","부동산서비스","열합","","원자료","1.41744","1.466831","1.509305","1.517303"
"2.2.1.2.3. 투입산출표 생산유발계수표(생산자가격, 대분류)","부동산서비스","영향력계수","","원자료","0.752965","0.775976","0.794295","0.802243"
"2.2.1.2.3. 투입산출표 생산유발계수표(생산자가격, 대분류)","전문, 과학 및 기술 서비스","농림수산품","","원자료","0.006842","0.007037","0.007273","0.007936"
"2.2.1.2.3. 투입산출표 생산유발계수표(생산자가격, 대분류)","전문, 과학 및 기술 서비스","광산품","","원자료","0.000408","0.000416","0.000794","0.000406"
"2.2.1.2.3. 투입산출표 생산유발계수표(생산자가격, 대분류)","전문, 과학 및 기술 서비스","음식료품","","원자료","0.018026","0.01767","0.020592","0.022432"
"2.2.1.2.3. 투입산출표 생산유발계수표(생산자가격, 대분류)","전문, 과학 및 기술 서비스","섬유 및 가죽제품","","원자료","0.006842","0.007028","0.00662","0.00507"
"2.2.1.2.3. 투입산출표 생산유발계수표(생산자가격, 대분류)","전문, 과학 및 기술 서비스","목재 및 종이, 인쇄","","원자료","0.02438","0.024592","0.024618","0.025124"
"2.2.1.2.3. 투입산출표 생산유발계수표(생산자가격, 대분류)","전문, 과학 및 기술 서비스","석탄 및 석유제품","","원자료","0.015394","0.018651","0.027709","0.022557"
"2.2.1.2.3. 투입산출표 생산유발계수표(생산자가격, 대분류)","전문, 과학 및 기술 서비스","화학제품","","원자료","0.048499","0.053796","0.053081","0.055544"
"2.2.1.2.3. 투입산출표 생산유발계수표(생산자가격, 대분류)","전문, 과학 및 기술 서비스","비금속광물제품","","원자료","0.003056","0.003042","0.00297","0.002892"
"2.2.1.2.3. 투입산출표 생산유발계수표(생산자가격, 대분류)","전문, 과학 및 기술 서비스","1차 금속제품","","원자료","0.010227","0.012731","0.013241","0.011775"
"2.2.1.2.3. 투입산출표 생산유발계수표(생산자가격, 대분류)","전문, 과학 및 기술 서비스","금속가공제품","","원자료","0.011835","0.011845","0.011907","0.011944"
"2.2.1.2.3. 투입산출표 생산유발계수표(생산자가격, 대분류)","전문, 과학 및 기술 서비스","컴퓨터, 전자 및 광학기기","","원자료","0.05388","0.047254","0.045435","0.046806"
"2.2.1.2.3. 투입산출표 생산유발계수표(생산자가격, 대분류)","전문, 과학 및 기술 서비스","전기장비","","원자료","0.02757","0.029378","0.037398","0.037915"
"2.2.1.2.3. 투입산출표 생산유발계수표(생산자가격, 대분류)","전문, 과학 및 기술 서비스","기계 및 장비","","원자료","0.007875","0.007986","0.008167","0.006605"
"2.2.1.2.3. 투입산출표 생산유발계수표(생산자가격, 대분류)","전문, 과학 및 기술 서비스","운송장비","","원자료","0.009915","0.010408","0.014838","0.018393"
"2.2.1.2.3. 투입산출표 생산유발계수표(생산자가격, 대분류)","전문, 과학 및 기술 서비스","기타 제조업 제품","","원자료","0.007157","0.007455","0.007217","0.007907"
"2.2.1.2.3. 투입산출표 생산유발계수표(생산자가격, 대분류)","전문, 과학 및 기술 서비스","제조임가공 및 산업용 장비 수리","","원자료","0.010825","0.01017","0.011473","0.012116"
"2.2.1.2.3. 투입산출표 생산유발계수표(생산자가격, 대분류)","전문, 과학 및 기술 서비스","전력, 가스 및 증기","","원자료","0.029529","0.027629","0.032802","0.038652"
"2.2.1.2.3. 투입산출표 생산유발계수표(생산자가격, 대분류)","전문, 과학 및 기술 서비스","수도, 폐기물처리 및 재활용서비스","","원자료","0.007129","0.007109","0.006838","0.006898"
"2.2.1.2.3. 투입산출표 생산유발계수표(생산자가격, 대분류)","전문, 과학 및 기술 서비스","건설","","원자료","0.008232","0.008255","0.006665","0.00601"
"2.2.1.2.3. 투입산출표 생산유발계수표(생산자가격, 대분류)","전문, 과학 및 기술 서비스","도소매 및 상품중개서비스","","원자료","0.045463","0.044445","0.043586","0.046633"
"2.2.1.2.3. 투입산출표 생산유발계수표(생산자가격, 대분류)","전문, 과학 및 기술 서비스","운송서비스","","원자료","0.027304","0.02635","0.026584","0.030299"
"2.2.1.2.3. 투입산출표 생산유발계수표(생산자가격, 대분류)","전문, 과학 및 기술 서비스","음식점 및 숙박서비스","","원자료","0.036596","0.034798","0.039818","0.048018"
"2.2.1.2.3. 투입산출표 생산유발계수표(생산자가격, 대분류)","전문, 과학 및 기술 서비스","정보통신 및 방송 서비스","","원자료","0.089318","0.087965","0.089672","0.084821"
"2.2.1.2.3. 투입산출표 생산유발계수표(생산자가격, 대분류)","전문, 과학 및 기술 서비스","금융 및 보험 서비스","","원자료","0.038503","0.02709","0.026731","0.025469"
"2.2.1.2.3. 투입산출표 생산유발계수표(생산자가격, 대분류)","전문, 과학 및 기술 서비스","부동산서비스","","원자료","0.039149","0.036447","0.032618","0.037059"
"2.2.1.2.3. 투입산출표 생산유발계수표(생산자가격, 대분류)","전문, 과학 및 기술 서비스","전문, 과학 및 기술 서비스","","원자료","1.080203","1.082197","1.079191","1.088621"
"2.2.1.2.3. 투입산출표 생산유발계수표(생산자가격, 대분류)","전문, 과학 및 기술 서비스","사업지원서비스","","원자료","0.059093","0.055228","0.05428","0.063535"
"2.2.1.2.3. 투입산출표 생산유발계수표(생산자가격, 대분류)","전문, 과학 및 기술 서비스","공공행정, 국방 및 사회보장","","원자료","0.001038","0.001074","0.001489","0.001409"
"2.2.1.2.3. 투입산출표 생산유발계수표(생산자가격, 대분류)","전문, 과학 및 기술 서비스","교육서비스","","원자료","0.001384","0.002115","0.001767","0.001731"
"2.2.1.2.3. 투입산출표 생산유발계수표(생산자가격, 대분류)","전문, 과학 및 기술 서비스","보건 및 사회복지 서비스","","원자료","0.003053","0.003324","0.003156","0.003303"
"2.2.1.2.3. 투입산출표 생산유발계수표(생산자가격, 대분류)","전문, 과학 및 기술 서비스","예술, 스포츠 및 여가 관련 서비스","","원자료","0.007337","0.006994","0.007454","0.007654"
"2.2.1.2.3. 투입산출표 생산유발계수표(생산자가격, 대분류)","전문, 과학 및 기술 서비스","기타 서비스","","원자료","0.009874","0.008666","0.00922","0.010358"
"2.2.1.2.3. 투입산출표 생산유발계수표(생산자가격, 대분류)","전문, 과학 및 기술 서비스","기타","","원자료","0.001838","0.001408","0.001748","0.001592"
"2.2.1.2.3. 투입산출표 생산유발계수표(생산자가격, 대분류)","전문, 과학 및 기술 서비스","열합","","원자료","1.747773","1.730555","1.756951","1.797484"
"2.2.1.2.3. 투입산출표 생산유발계수표(생산자가격, 대분류)","전문, 과학 및 기술 서비스","영향력계수","","원자료","0.928443","0.91549","0.924622","0.950383"
"2.2.1.2.3. 투입산출표 생산유발계수표(생산자가격, 대분류)","사업지원서비스","농림수산품","","원자료","0.005822","0.006739","0.007322","0.007367"
"2.2.1.2.3. 투입산출표 생산유발계수표(생산자가격, 대분류)","사업지원서비스","광산품","","원자료","0.000442","0.000517","0.000676","0.000513"
"2.2.1.2.3. 투입산출표 생산유발계수표(생산자가격, 대분류)","사업지원서비스","음식료품","","원자료","0.015796","0.017514","0.02171","0.021389"
"2.2.1.2.3. 투입산출표 생산유발계수표(생산자가격, 대분류)","사업지원서비스","섬유 및 가죽제품","","원자료","0.016216","0.015601","0.01463","0.012574"
"2.2.1.2.3. 투입산출표 생산유발계수표(생산자가격, 대분류)","사업지원서비스","목재 및 종이, 인쇄","","원자료","0.010598","0.012161","0.012606","0.011488"
"2.2.1.2.3. 투입산출표 생산유발계수표(생산자가격, 대분류)","사업지원서비스","석탄 및 석유제품","","원자료","0.011089","0.013728","0.020733","0.016019"
"2.2.1.2.3. 투입산출표 생산유발계수표(생산자가격, 대분류)","사업지원서비스","화학제품","","원자료","0.047062","0.056963","0.055903","0.053201"
"2.2.1.2.3. 투입산출표 생산유발계수표(생산자가격, 대분류)","사업지원서비스","비금속광물제품","","원자료","0.003534","0.004078","0.003991","0.003684"
"2.2.1.2.3. 투입산출표 생산유발계수표(생산자가격, 대분류)","사업지원서비스","1차 금속제품","","원자료","0.008186","0.011057","0.011096","0.009535"
"2.2.1.2.3. 투입산출표 생산유발계수표(생산자가격, 대분류)","사업지원서비스","금속가공제품","","원자료","0.014374","0.015658","0.015435","0.015844"
"2.2.1.2.3. 투입산출표 생산유발계수표(생산자가격, 대분류)","사업지원서비스","컴퓨터, 전자 및 광학기기","","원자료","0.020689","0.020656","0.021483","0.021637"
"2.2.1.2.3. 투입산출표 생산유발계수표(생산자가격, 대분류)","사업지원서비스","전기장비","","원자료","0.022747","0.02591","0.029624","0.029218"
"2.2.1.2.3. 투입산출표 생산유발계수표(생산자가격, 대분류)","사업지원서비스","기계 및 장비","","원자료","0.005407","0.006053","0.006589","0.005483"
"2.2.1.2.3. 투입산출표 생산유발계수표(생산자가격, 대분류)","사업지원서비스","운송장비","","원자료","0.012466","0.012538","0.01422","0.013946"
"2.2.1.2.3. 투입산출표 생산유발계수표(생산자가격, 대분류)","사업지원서비스","기타 제조업 제품","","원자료","0.008273","0.009589","0.009888","0.008747"
"2.2.1.2.3. 투입산출표 생산유발계수표(생산자가격, 대분류)","사업지원서비스","제조임가공 및 산업용 장비 수리","","원자료","0.01649","0.016095","0.017583","0.017488"
"2.2.1.2.3. 투입산출표 생산유발계수표(생산자가격, 대분류)","사업지원서비스","전력, 가스 및 증기","","원자료","0.011399","0.011928","0.014282","0.0161"
"2.2.1.2.3. 투입산출표 생산유발계수표(생산자가격, 대분류)","사업지원서비스","수도, 폐기물처리 및 재활용서비스","","원자료","0.006298","0.006775","0.00686","0.006716"
"2.2.1.2.3. 투입산출표 생산유발계수표(생산자가격, 대분류)","사업지원서비스","건설","","원자료","0.006997","0.008088","0.006588","0.005181"
"2.2.1.2.3. 투입산출표 생산유발계수표(생산자가격, 대분류)","사업지원서비스","도소매 및 상품중개서비스","","원자료","0.038882","0.04078","0.040092","0.040412"
"2.2.1.2.3. 투입산출표 생산유발계수표(생산자가격, 대분류)","사업지원서비스","운송서비스","","원자료","0.027907","0.030454","0.031017","0.032259"
"2.2.1.2.3. 투입산출표 생산유발계수표(생산자가격, 대분류)","사업지원서비스","음식점 및 숙박서비스","","원자료","0.031121","0.033202","0.039816","0.043713"
"2.2.1.2.3. 투입산출표 생산유발계수표(생산자가격, 대분류)","사업지원서비스","정보통신 및 방송 서비스","","원자료","0.029455","0.031159","0.033192","0.032649"
"2.2.1.2.3. 투입산출표 생산유발계수표(생산자가격, 대분류)","사업지원서비스","금융 및 보험 서비스","","원자료","0.0252","0.027606","0.027013","0.024104"
"2.2.1.2.3. 투입산출표 생산유발계수표(생산자가격, 대분류)","사업지원서비스","부동산서비스","","원자료","0.0255","0.026586","0.024573","0.024819"
"2.2.1.2.3. 투입산출표 생산유발계수표(생산자가격, 대분류)","사업지원서비스","전문, 과학 및 기술 서비스","","원자료","0.052041","0.056731","0.05749","0.068504"
"2.2.1.2.3. 투입산출표 생산유발계수표(생산자가격, 대분류)","사업지원서비스","사업지원서비스","","원자료","1.076445","1.079774","1.086496","1.088302"
"2.2.1.2.3. 투입산출표 생산유발계수표(생산자가격, 대분류)","사업지원서비스","공공행정, 국방 및 사회보장","","원자료","0.001186","0.001385","0.001954","0.00178"
"2.2.1.2.3. 투입산출표 생산유발계수표(생산자가격, 대분류)","사업지원서비스","교육서비스","","원자료","0.00071","0.001224","0.001064","0.00105"
"2.2.1.2.3. 투입산출표 생산유발계수표(생산자가격, 대분류)","사업지원서비스","보건 및 사회복지 서비스","","원자료","0.00242","0.002918","0.002905","0.002861"
"2.2.1.2.3. 투입산출표 생산유발계수표(생산자가격, 대분류)","사업지원서비스","예술, 스포츠 및 여가 관련 서비스","","원자료","0.004109","0.004637","0.005435","0.005453"
"2.2.1.2.3. 투입산출표 생산유발계수표(생산자가격, 대분류)","사업지원서비스","기타 서비스","","원자료","0.011277","0.011027","0.012868","0.01296"
"2.2.1.2.3. 투입산출표 생산유발계수표(생산자가격, 대분류)","사업지원서비스","기타","","원자료","0.002106","0.001819","0.002298","0.00202"
"2.2.1.2.3. 투입산출표 생산유발계수표(생산자가격, 대분류)","사업지원서비스","열합","","원자료","1.572243","1.62095","1.657431","1.657015"
"2.2.1.2.3. 투입산출표 생산유발계수표(생산자가격, 대분류)","사업지원서비스","영향력계수","","원자료","0.835199","0.857507","0.872248","0.876113"
"2.2.1.2.3. 투입산출표 생산유발계수표(생산자가격, 대분류)","공공행정, 국방 및 사회보장","농림수산품","","원자료","0.007043","0.00752","0.007475","0.00745"
"2.2.1.2.3. 투입산출표 생산유발계수표(생산자가격, 대분류)","공공행정, 국방 및 사회보장","광산품","","원자료","0.000472","0.000563","0.000685","0.000427"
"2.2.1.2.3. 투입산출표 생산유발계수표(생산자가격, 대분류)","공공행정, 국방 및 사회보장","음식료품","","원자료","0.016004","0.016685","0.018605","0.018316"
"2.2.1.2.3. 투입산출표 생산유발계수표(생산자가격, 대분류)","공공행정, 국방 및 사회보장","섬유 및 가죽제품","","원자료","0.010397","0.009198","0.007995","0.005655"
"2.2.1.2.3. 투입산출표 생산유발계수표(생산자가격, 대분류)","공공행정, 국방 및 사회보장","목재 및 종이, 인쇄","","원자료","0.011209","0.011858","0.011305","0.009086"
"2.2.1.2.3. 투입산출표 생산유발계수표(생산자가격, 대분류)","공공행정, 국방 및 사회보장","석탄 및 석유제품","","원자료","0.016177","0.022942","0.035436","0.022529"
"2.2.1.2.3. 투입산출표 생산유발계수표(생산자가격, 대분류)","공공행정, 국방 및 사회보장","화학제품","","원자료","0.023055","0.026633","0.026732","0.022625"
"2.2.1.2.3. 투입산출표 생산유발계수표(생산자가격, 대분류)","공공행정, 국방 및 사회보장","비금속광물제품","","원자료","0.003977","0.004662","0.004391","0.00327"
"2.2.1.2.3. 투입산출표 생산유발계수표(생산자가격, 대분류)","공공행정, 국방 및 사회보장","1차 금속제품","","원자료","0.007093","0.009553","0.009793","0.007347"
"2.2.1.2.3. 투입산출표 생산유발계수표(생산자가격, 대분류)","공공행정, 국방 및 사회보장","금속가공제품","","원자료","0.016012","0.016743","0.016311","0.014376"
"2.2.1.2.3. 투입산출표 생산유발계수표(생산자가격, 대분류)","공공행정, 국방 및 사회보장","컴퓨터, 전자 및 광학기기","","원자료","0.011112","0.010437","0.010009","0.009568"
"2.2.1.2.3. 투입산출표 생산유발계수표(생산자가격, 대분류)","공공행정, 국방 및 사회보장","전기장비","","원자료","0.009692","0.0114","0.013644","0.011531"
"2.2.1.2.3. 투입산출표 생산유발계수표(생산자가격, 대분류)","공공행정, 국방 및 사회보장","기계 및 장비","","원자료","0.004966","0.006106","0.006645","0.004737"
"2.2.1.2.3. 투입산출표 생산유발계수표(생산자가격, 대분류)","공공행정, 국방 및 사회보장","운송장비","","원자료","0.014656","0.016631","0.02444","0.022925"
"2.2.1.2.3. 투입산출표 생산유발계수표(생산자가격, 대분류)","공공행정, 국방 및 사회보장","기타 제조업 제품","","원자료","0.004648","0.005225","0.004939","0.004155"
"2.2.1.2.3. 투입산출표 생산유발계수표(생산자가격, 대분류)","공공행정, 국방 및 사회보장","제조임가공 및 산업용 장비 수리","","원자료","0.007584","0.007395","0.008051","0.007146"
"2.2.1.2.3. 투입산출표 생산유발계수표(생산자가격, 대분류)","공공행정, 국방 및 사회보장","전력, 가스 및 증기","","원자료","0.011172","0.011043","0.01333","0.013519"
"2.2.1.2.3. 투입산출표 생산유발계수표(생산자가격, 대분류)","공공행정, 국방 및 사회보장","수도, 폐기물처리 및 재활용서비스","","원자료","0.008865","0.009409","0.008536","0.007224"
"2.2.1.2.3. 투입산출표 생산유발계수표(생산자가격, 대분류)","공공행정, 국방 및 사회보장","건설","","원자료","0.011225","0.012209","0.008054","0.005294"
"2.2.1.2.3. 투입산출표 생산유발계수표(생산자가격, 대분류)","공공행정, 국방 및 사회보장","도소매 및 상품중개서비스","","원자료","0.028582","0.029321","0.02828","0.025709"
"2.2.1.2.3. 투입산출표 생산유발계수표(생산자가격, 대분류)","공공행정, 국방 및 사회보장","운송서비스","","원자료","0.021206","0.021239","0.020921","0.022258"
"2.2.1.2.3. 투입산출표 생산유발계수표(생산자가격, 대분류)","공공행정, 국방 및 사회보장","음식점 및 숙박서비스","","원자료","0.022431","0.020876","0.025089","0.033339"
"2.2.1.2.3. 투입산출표 생산유발계수표(생산자가격, 대분류)","공공행정, 국방 및 사회보장","정보통신 및 방송 서비스","","원자료","0.03339","0.036066","0.031768","0.028588"
"2.2.1.2.3. 투입산출표 생산유발계수표(생산자가격, 대분류)","공공행정, 국방 및 사회보장","금융 및 보험 서비스","","원자료","0.024848","0.027123","0.030682","0.030735"
"2.2.1.2.3. 투입산출표 생산유발계수표(생산자가격, 대분류)","공공행정, 국방 및 사회보장","부동산서비스","","원자료","0.009455","0.009287","0.008171","0.008032"
"2.2.1.2.3. 투입산출표 생산유발계수표(생산자가격, 대분류)","공공행정, 국방 및 사회보장","전문, 과학 및 기술 서비스","","원자료","0.030209","0.034204","0.030467","0.029592"
"2.2.1.2.3. 투입산출표 생산유발계수표(생산자가격, 대분류)","공공행정, 국방 및 사회보장","사업지원서비스","","원자료","0.039698","0.04049","0.037409","0.03508"
"2.2.1.2.3. 투입산출표 생산유발계수표(생산자가격, 대분류)","공공행정, 국방 및 사회보장","공공행정, 국방 및 사회보장","","원자료","1.000493","1.000519","1.000745","1.000599"
"2.2.1.2.3. 투입산출표 생산유발계수표(생산자가격, 대분류)","공공행정, 국방 및 사회보장","교육서비스","","원자료","0.000249","0.000411","0.000342","0.000309"
"2.2.1.2.3. 투입산출표 생산유발계수표(생산자가격, 대분류)","공공행정, 국방 및 사회보장","보건 및 사회복지 서비스","","원자료","0.001041","0.001177","0.001085","0.000958"
"2.2.1.2.3. 투입산출표 생산유발계수표(생산자가격, 대분류)","공공행정, 국방 및 사회보장","예술, 스포츠 및 여가 관련 서비스","","원자료","0.00199","0.001952","0.001845","0.001671"
"2.2.1.2.3. 투입산출표 생산유발계수표(생산자가격, 대분류)","공공행정, 국방 및 사회보장","기타 서비스","","원자료","0.003815","0.003711","0.003621","0.003394"
"2.2.1.2.3. 투입산출표 생산유발계수표(생산자가격, 대분류)","공공행정, 국방 및 사회보장","기타","","원자료","0.000861","0.000672","0.000863","0.000663"
"2.2.1.2.3. 투입산출표 생산유발계수표(생산자가격, 대분류)","공공행정, 국방 및 사회보장","열합","","원자료","1.413626","1.44326","1.457664","1.418104"
"2.2.1.2.3. 투입산출표 생산유발계수표(생산자가격, 대분류)","공공행정, 국방 및 사회보장","영향력계수","","원자료","0.750939","0.763507","0.767118","0.749794"
"2.2.1.2.3. 투입산출표 생산유발계수표(생산자가격, 대분류)","교육서비스","농림수산품","","원자료","0.013537","0.013635","0.013869","0.014792"
"2.2.1.2.3. 투입산출표 생산유발계수표(생산자가격, 대분류)","교육서비스","광산품","","원자료","0.000349","0.000342","0.000752","0.00033"
"2.2.1.2.3. 투입산출표 생산유발계수표(생산자가격, 대분류)","교육서비스","음식료품","","원자료","0.033001","0.03165","0.037528","0.038131"
"2.2.1.2.3. 투입산출표 생산유발계수표(생산자가격, 대분류)","교육서비스","섬유 및 가죽제품","","원자료","0.006323","0.006758","0.006351","0.004685"
"2.2.1.2.3. 투입산출표 생산유발계수표(생산자가격, 대분류)","교육서비스","목재 및 종이, 인쇄","","원자료","0.013937","0.013484","0.014272","0.01387"
"2.2.1.2.3. 투입산출표 생산유발계수표(생산자가격, 대분류)","교육서비스","석탄 및 석유제품","","원자료","0.014205","0.016918","0.026107","0.021483"
"2.2.1.2.3. 투입산출표 생산유발계수표(생산자가격, 대분류)","교육서비스","화학제품","","원자료","0.025108","0.026942","0.026276","0.026767"
"2.2.1.2.3. 투입산출표 생산유발계수표(생산자가격, 대분류)","교육서비스","비금속광물제품","","원자료","0.002758","0.002657","0.002513","0.00254"
"2.2.1.2.3. 투입산출표 생산유발계수표(생산자가격, 대분류)","교육서비스","1차 금속제품","","원자료","0.005784","0.006799","0.006614","0.00607"
"2.2.1.2.3. 투입산출표 생산유발계수표(생산자가격, 대분류)","교육서비스","금속가공제품","","원자료","0.009731","0.009691","0.009233","0.009399"
"2.2.1.2.3. 투입산출표 생산유발계수표(생산자가격, 대분류)","교육서비스","컴퓨터, 전자 및 광학기기","","원자료","0.018473","0.016723","0.017176","0.018147"
"2.2.1.2.3. 투입산출표 생산유발계수표(생산자가격, 대분류)","교육서비스","전기장비","","원자료","0.010886","0.01104","0.012875","0.013081"
"2.2.1.2.3. 투입산출표 생산유발계수표(생산자가격, 대분류)","교육서비스","기계 및 장비","","원자료","0.004568","0.005185","0.005835","0.00498"
"2.2.1.2.3. 투입산출표 생산유발계수표(생산자가격, 대분류)","교육서비스","운송장비","","원자료","0.005501","0.005055","0.005242","0.005559"
"2.2.1.2.3. 투입산출표 생산유발계수표(생산자가격, 대분류)","교육서비스","기타 제조업 제품","","원자료","0.01759","0.018182","0.016897","0.016296"
"2.2.1.2.3. 투입산출표 생산유발계수표(생산자가격, 대분류)","교육서비스","제조임가공 및 산업용 장비 수리","","원자료","0.009242","0.008446","0.009331","0.009777"
"2.2.1.2.3. 투입산출표 생산유발계수표(생산자가격, 대분류)","교육서비스","전력, 가스 및 증기","","원자료","0.029954","0.027152","0.035219","0.037009"
"2.2.1.2.3. 투입산출표 생산유발계수표(생산자가격, 대분류)","교육서비스","수도, 폐기물처리 및 재활용서비스","","원자료","0.01278","0.01252","0.011951","0.012107"
"2.2.1.2.3. 투입산출표 생산유발계수표(생산자가격, 대분류)","교육서비스","건설","","원자료","0.004663","0.004785","0.004328","0.004171"
"2.2.1.2.3. 투입산출표 생산유발계수표(생산자가격, 대분류)","교육서비스","도소매 및 상품중개서비스","","원자료","0.037381","0.036407","0.035711","0.0366"
"2.2.1.2.3. 투입산출표 생산유발계수표(생산자가격, 대분류)","교육서비스","운송서비스","","원자료","0.016424","0.016066","0.016326","0.018158"
"2.2.1.2.3. 투입산출표 생산유발계수표(생산자가격, 대분류)","교육서비스","음식점 및 숙박서비스","","원자료","0.027337","0.026218","0.029791","0.034587"
"2.2.1.2.3. 투입산출표 생산유발계수표(생산자가격, 대분류)","교육서비스","정보통신 및 방송 서비스","","원자료","0.038894","0.038402","0.03946","0.041338"
"2.2.1.2.3. 투입산출표 생산유발계수표(생산자가격, 대분류)","교육서비스","금융 및 보험 서비스","","원자료","0.025874","0.032439","0.03462","0.034225"
"2.2.1.2.3. 투입산출표 생산유발계수표(생산자가격, 대분류)","교육서비스","부동산서비스","","원자료","0.031867","0.031741","0.030422","0.033472"
"2.2.1.2.3. 투입산출표 생산유발계수표(생산자가격, 대분류)","교육서비스","전문, 과학 및 기술 서비스","","원자료","0.039952","0.039701","0.039348","0.048973"
"2.2.1.2.3. 투입산출표 생산유발계수표(생산자가격, 대분류)","교육서비스","사업지원서비스","","원자료","0.034542","0.031944","0.032579","0.037692"
"2.2.1.2.3. 투입산출표 생산유발계수표(생산자가격, 대분류)","교육서비스","공공행정, 국방 및 사회보장","","원자료","0.000559","0.000569","0.000794","0.000795"
"2.2.1.2.3. 투입산출표 생산유발계수표(생산자가격, 대분류)","교육서비스","교육서비스","","원자료","1.000669","1.001073","1.000887","1.000888"
"2.2.1.2.3. 투입산출표 생산유발계수표(생산자가격, 대분류)","교육서비스","보건 및 사회복지 서비스","","원자료","0.002708","0.002983","0.00276","0.002722"
"2.2.1.2.3. 투입산출표 생산유발계수표(생산자가격, 대분류)","교육서비스","예술, 스포츠 및 여가 관련 서비스","","원자료","0.008391","0.007899","0.008302","0.008733"
"2.2.1.2.3. 투입산출표 생산유발계수표(생산자가격, 대분류)","교육서비스","기타 서비스","","원자료","0.010385","0.009861","0.010053","0.010729"
"2.2.1.2.3. 투입산출표 생산유발계수표(생산자가격, 대분류)","교육서비스","기타","","원자료","0.000987","0.000744","0.000929","0.000897"
"2.2.1.2.3. 투입산출표 생산유발계수표(생산자가격, 대분류)","교육서비스","열합","","원자료","1.514358","1.51401","1.54435","1.569004"
"2.2.1.2.3. 투입산출표 생산유발계수표(생산자가격, 대분류)","교육서비스","영향력계수","","원자료","0.804449","0.800935","0.812738","0.829579"
"2.2.1.2.3. 투입산출표 생산유발계수표(생산자가격, 대분류)","보건 및 사회복지 서비스","농림수산품","","원자료","0.013146","0.012803","0.010675","0.011941"
"2.2.1.2.3. 투입산출표 생산유발계수표(생산자가격, 대분류)","보건 및 사회복지 서비스","광산품","","원자료","0.000421","0.000457","0.000717","0.000457"
"2.2.1.2.3. 투입산출표 생산유발계수표(생산자가격, 대분류)","보건 및 사회복지 서비스","음식료품","","원자료","0.027298","0.027595","0.026907","0.027994"
"2.2.1.2.3. 투입산출표 생산유발계수표(생산자가격, 대분류)","보건 및 사회복지 서비스","섬유 및 가죽제품","","원자료","0.011755","0.014262","0.01117","0.00737"
"2.2.1.2.3. 투입산출표 생산유발계수표(생산자가격, 대분류)","보건 및 사회복지 서비스","목재 및 종이, 인쇄","","원자료","0.01568","0.015801","0.013968","0.013127"
"2.2.1.2.3. 투입산출표 생산유발계수표(생산자가격, 대분류)","보건 및 사회복지 서비스","석탄 및 석유제품","","원자료","0.016622","0.019553","0.025335","0.021107"
"2.2.1.2.3. 투입산출표 생산유발계수표(생산자가격, 대분류)","보건 및 사회복지 서비스","화학제품","","원자료","0.131059","0.136628","0.145713","0.147643"
"2.2.1.2.3. 투입산출표 생산유발계수표(생산자가격, 대분류)","보건 및 사회복지 서비스","비금속광물제품","","원자료","0.002312","0.002203","0.001891","0.001926"
"2.2.1.2.3. 투입산출표 생산유발계수표(생산자가격, 대분류)","보건 및 사회복지 서비스","1차 금속제품","","원자료","0.007041","0.009006","0.007207","0.005974"
"2.2.1.2.3. 투입산출표 생산유발계수표(생산자가격, 대분류)","보건 및 사회복지 서비스","금속가공제품","","원자료","0.008785","0.008828","0.007394","0.007362"
"2.2.1.2.3. 투입산출표 생산유발계수표(생산자가격, 대분류)","보건 및 사회복지 서비스","컴퓨터, 전자 및 광학기기","","원자료","0.018704","0.015444","0.014568","0.01568"
"2.2.1.2.3. 투입산출표 생산유발계수표(생산자가격, 대분류)","보건 및 사회복지 서비스","전기장비","","원자료","0.008613","0.00866","0.008469","0.009008"
"2.2.1.2.3. 투입산출표 생산유발계수표(생산자가격, 대분류)","보건 및 사회복지 서비스","기계 및 장비","","원자료","0.004025","0.004489","0.004164","0.003547"
"2.2.1.2.3. 투입산출표 생산유발계수표(생산자가격, 대분류)","보건 및 사회복지 서비스","운송장비","","원자료","0.00594","0.005206","0.004865","0.005206"
"2.2.1.2.3. 투입산출표 생산유발계수표(생산자가격, 대분류)","보건 및 사회복지 서비스","기타 제조업 제품","","원자료","0.005531","0.005666","0.004903","0.004965"
"2.2.1.2.3. 투입산출표 생산유발계수표(생산자가격, 대분류)","보건 및 사회복지 서비스","제조임가공 및 산업용 장비 수리","","원자료","0.017099","0.015219","0.01441","0.015156"
"2.2.1.2.3. 투입산출표 생산유발계수표(생산자가격, 대분류)","보건 및 사회복지 서비스","전력, 가스 및 증기","","원자료","0.02175","0.019189","0.024607","0.025326"
"2.2.1.2.3. 투입산출표 생산유발계수표(생산자가격, 대분류)","보건 및 사회복지 서비스","수도, 폐기물처리 및 재활용서비스","","원자료","0.016378","0.01597","0.013571","0.013464"
"2.2.1.2.3. 투입산출표 생산유발계수표(생산자가격, 대분류)","보건 및 사회복지 서비스","건설","","원자료","0.003711","0.003745","0.003153","0.003121"
"2.2.1.2.3. 투입산출표 생산유발계수표(생산자가격, 대분류)","보건 및 사회복지 서비스","도소매 및 상품중개서비스","","원자료","0.088881","0.087718","0.082371","0.085012"
"2.2.1.2.3. 투입산출표 생산유발계수표(생산자가격, 대분류)","보건 및 사회복지 서비스","운송서비스","","원자료","0.026836","0.025506","0.024464","0.027183"
"2.2.1.2.3. 투입산출표 생산유발계수표(생산자가격, 대분류)","보건 및 사회복지 서비스","음식점 및 숙박서비스","","원자료","0.031466","0.029069","0.029248","0.034264"
"2.2.1.2.3. 투입산출표 생산유발계수표(생산자가격, 대분류)","보건 및 사회복지 서비스","정보통신 및 방송 서비스","","원자료","0.019969","0.018543","0.016888","0.017122"
"2.2.1.2.3. 투입산출표 생산유발계수표(생산자가격, 대분류)","보건 및 사회복지 서비스","금융 및 보험 서비스","","원자료","0.034281","0.036191","0.035858","0.035803"
"2.2.1.2.3. 투입산출표 생산유발계수표(생산자가격, 대분류)","보건 및 사회복지 서비스","부동산서비스","","원자료","0.031752","0.030283","0.025792","0.028271"
"2.2.1.2.3. 투입산출표 생산유발계수표(생산자가격, 대분류)","보건 및 사회복지 서비스","전문, 과학 및 기술 서비스","","원자료","0.029513","0.028465","0.025785","0.031073"
"2.2.1.2.3. 투입산출표 생산유발계수표(생산자가격, 대분류)","보건 및 사회복지 서비스","사업지원서비스","","원자료","0.029911","0.026465","0.02445","0.026435"
"2.2.1.2.3. 투입산출표 생산유발계수표(생산자가격, 대분류)","보건 및 사회복지 서비스","공공행정, 국방 및 사회보장","","원자료","0.002005","0.002098","0.00241","0.002282"
"2.2.1.2.3. 투입산출표 생산유발계수표(생산자가격, 대분류)","보건 및 사회복지 서비스","교육서비스","","원자료","0.000499","0.000775","0.000592","0.000604"
"2.2.1.2.3. 투입산출표 생산유발계수표(생산자가격, 대분류)","보건 및 사회복지 서비스","보건 및 사회복지 서비스","","원자료","1.003951","1.004271","1.003351","1.003408"
"2.2.1.2.3. 투입산출표 생산유발계수표(생산자가격, 대분류)","보건 및 사회복지 서비스","예술, 스포츠 및 여가 관련 서비스","","원자료","0.002725","0.002691","0.002581","0.002725"
"2.2.1.2.3. 투입산출표 생산유발계수표(생산자가격, 대분류)","보건 및 사회복지 서비스","기타 서비스","","원자료","0.004942","0.004361","0.00412","0.004452"
"2.2.1.2.3. 투입산출표 생산유발계수표(생산자가격, 대분류)","보건 및 사회복지 서비스","기타","","원자료","0.003591","0.002777","0.002855","0.00261"
"2.2.1.2.3. 투입산출표 생산유발계수표(생산자가격, 대분류)","보건 및 사회복지 서비스","열합","","원자료","1.646192","1.639934","1.624454","1.641621"
"2.2.1.2.3. 투입산출표 생산유발계수표(생산자가격, 대분류)","보건 및 사회복지 서비스","영향력계수","","원자료","0.874481","0.86755","0.854894","0.867973"
"2.2.1.2.3. 투입산출표 생산유발계수표(생산자가격, 대분류)","예술, 스포츠 및 여가 관련 서비스","농림수산품","","원자료","0.018871","0.018672","0.022216","0.017525"
"2.2.1.2.3. 투입산출표 생산유발계수표(생산자가격, 대분류)","예술, 스포츠 및 여가 관련 서비스","광산품","","원자료","0.000588","0.000578","0.000907","0.000524"
"2.2.1.2.3. 투입산출표 생산유발계수표(생산자가격, 대분류)","예술, 스포츠 및 여가 관련 서비스","음식료품","","원자료","0.065256","0.064458","0.090199","0.066421"
"2.2.1.2.3. 투입산출표 생산유발계수표(생산자가격, 대분류)","예술, 스포츠 및 여가 관련 서비스","섬유 및 가죽제품","","원자료","0.021564","0.019119","0.01889","0.013882"
"2.2.1.2.3. 투입산출표 생산유발계수표(생산자가격, 대분류)","예술, 스포츠 및 여가 관련 서비스","목재 및 종이, 인쇄","","원자료","0.015117","0.015184","0.016358","0.013572"
"2.2.1.2.3. 투입산출표 생산유발계수표(생산자가격, 대분류)","예술, 스포츠 및 여가 관련 서비스","석탄 및 석유제품","","원자료","0.012131","0.013584","0.020218","0.014565"
"2.2.1.2.3. 투입산출표 생산유발계수표(생산자가격, 대분류)","예술, 스포츠 및 여가 관련 서비스","화학제품","","원자료","0.039811","0.041387","0.041819","0.035846"
"2.2.1.2.3. 투입산출표 생산유발계수표(생산자가격, 대분류)","예술, 스포츠 및 여가 관련 서비스","비금속광물제품","","원자료","0.005373","0.005056","0.004883","0.004496"
"2.2.1.2.3. 투입산출표 생산유발계수표(생산자가격, 대분류)","예술, 스포츠 및 여가 관련 서비스","1차 금속제품","","원자료","0.008015","0.009337","0.009082","0.007448"
"2.2.1.2.3. 투입산출표 생산유발계수표(생산자가격, 대분류)","예술, 스포츠 및 여가 관련 서비스","금속가공제품","","원자료","0.013755","0.013255","0.012618","0.011883"
"2.2.1.2.3. 투입산출표 생산유발계수표(생산자가격, 대분류)","예술, 스포츠 및 여가 관련 서비스","컴퓨터, 전자 및 광학기기","","원자료","0.02035","0.020065","0.020833","0.018523"
"2.2.1.2.3. 투입산출표 생산유발계수표(생산자가격, 대분류)","예술, 스포츠 및 여가 관련 서비스","전기장비","","원자료","0.016335","0.016106","0.018531","0.017416"
"2.2.1.2.3. 투입산출표 생산유발계수표(생산자가격, 대분류)","예술, 스포츠 및 여가 관련 서비스","기계 및 장비","","원자료","0.00525","0.005538","0.006144","0.005281"
"2.2.1.2.3. 투입산출표 생산유발계수표(생산자가격, 대분류)","예술, 스포츠 및 여가 관련 서비스","운송장비","","원자료","0.008251","0.00688","0.007455","0.00724"
"2.2.1.2.3. 투입산출표 생산유발계수표(생산자가격, 대분류)","예술, 스포츠 및 여가 관련 서비스","기타 제조업 제품","","원자료","0.020421","0.021101","0.02149","0.018275"
"2.2.1.2.3. 투입산출표 생산유발계수표(생산자가격, 대분류)","예술, 스포츠 및 여가 관련 서비스","제조임가공 및 산업용 장비 수리","","원자료","0.013481","0.012121","0.014531","0.01278"
"2.2.1.2.3. 투입산출표 생산유발계수표(생산자가격, 대분류)","예술, 스포츠 및 여가 관련 서비스","전력, 가스 및 증기","","원자료","0.029004","0.026303","0.03032","0.029871"
"2.2.1.2.3. 투입산출표 생산유발계수표(생산자가격, 대분류)","예술, 스포츠 및 여가 관련 서비스","수도, 폐기물처리 및 재활용서비스","","원자료","0.012548","0.011351","0.010864","0.010398"
"2.2.1.2.3. 투입산출표 생산유발계수표(생산자가격, 대분류)","예술, 스포츠 및 여가 관련 서비스","건설","","원자료","0.008236","0.008","0.006163","0.004835"
"2.2.1.2.3. 투입산출표 생산유발계수표(생산자가격, 대분류)","예술, 스포츠 및 여가 관련 서비스","도소매 및 상품중개서비스","","원자료","0.066024","0.063779","0.064166","0.05838"
"2.2.1.2.3. 투입산출표 생산유발계수표(생산자가격, 대분류)","예술, 스포츠 및 여가 관련 서비스","운송서비스","","원자료","0.026853","0.025143","0.025636","0.025414"
"2.2.1.2.3. 투입산출표 생산유발계수표(생산자가격, 대분류)","예술, 스포츠 및 여가 관련 서비스","음식점 및 숙박서비스","","원자료","0.043193","0.035375","0.039916","0.046621"
"2.2.1.2.3. 투입산출표 생산유발계수표(생산자가격, 대분류)","예술, 스포츠 및 여가 관련 서비스","정보통신 및 방송 서비스","","원자료","0.071739","0.076934","0.075271","0.082471"
"2.2.1.2.3. 투입산출표 생산유발계수표(생산자가격, 대분류)","예술, 스포츠 및 여가 관련 서비스","금융 및 보험 서비스","","원자료","0.03808","0.043408","0.038953","0.033869"
"2.2.1.2.3. 투입산출표 생산유발계수표(생산자가격, 대분류)","예술, 스포츠 및 여가 관련 서비스","부동산서비스","","원자료","0.027081","0.023839","0.020792","0.020645"
"2.2.1.2.3. 투입산출표 생산유발계수표(생산자가격, 대분류)","예술, 스포츠 및 여가 관련 서비스","전문, 과학 및 기술 서비스","","원자료","0.04919","0.047124","0.046061","0.046884"
"2.2.1.2.3. 투입산출표 생산유발계수표(생산자가격, 대분류)","예술, 스포츠 및 여가 관련 서비스","사업지원서비스","","원자료","0.076573","0.065031","0.062686","0.067036"
"2.2.1.2.3. 투입산출표 생산유발계수표(생산자가격, 대분류)","예술, 스포츠 및 여가 관련 서비스","공공행정, 국방 및 사회보장","","원자료","0.001667","0.001809","0.002672","0.002186"
"2.2.1.2.3. 투입산출표 생산유발계수표(생산자가격, 대분류)","예술, 스포츠 및 여가 관련 서비스","교육서비스","","원자료","0.000733","0.001125","0.000961","0.00084"
"2.2.1.2.3. 투입산출표 생산유발계수표(생산자가격, 대분류)","예술, 스포츠 및 여가 관련 서비스","보건 및 사회복지 서비스","","원자료","0.005117","0.005373","0.005003","0.004312"
"2.2.1.2.3. 투입산출표 생산유발계수표(생산자가격, 대분류)","예술, 스포츠 및 여가 관련 서비스","예술, 스포츠 및 여가 관련 서비스","","원자료","1.033983","1.032186","1.044806","1.039689"
"2.2.1.2.3. 투입산출표 생산유발계수표(생산자가격, 대분류)","예술, 스포츠 및 여가 관련 서비스","기타 서비스","","원자료","0.012958","0.010958","0.011538","0.011177"
"2.2.1.2.3. 투입산출표 생산유발계수표(생산자가격, 대분류)","예술, 스포츠 및 여가 관련 서비스","기타","","원자료","0.002979","0.002392","0.003168","0.002501"
"2.2.1.2.3. 투입산출표 생산유발계수표(생산자가격, 대분류)","예술, 스포츠 및 여가 관련 서비스","열합","","원자료","1.790528","1.76257","1.815151","1.752804"
"2.2.1.2.3. 투입산출표 생산유발계수표(생산자가격, 대분류)","예술, 스포츠 및 여가 관련 서비스","영향력계수","","원자료","0.951155","0.932427","0.955251","0.926759"
"2.2.1.2.3. 투입산출표 생산유발계수표(생산자가격, 대분류)","기타 서비스","농림수산품","","원자료","0.012934","0.013574","0.013798","0.013905"
"2.2.1.2.3. 투입산출표 생산유발계수표(생산자가격, 대분류)","기타 서비스","광산품","","원자료","0.000584","0.000599","0.00094","0.000557"
"2.2.1.2.3. 투입산출표 생산유발계수표(생산자가격, 대분류)","기타 서비스","음식료품","","원자료","0.035984","0.035972","0.040303","0.04079"
"2.2.1.2.3. 투입산출표 생산유발계수표(생산자가격, 대분류)","기타 서비스","섬유 및 가죽제품","","원자료","0.023333","0.022438","0.021842","0.016432"
"2.2.1.2.3. 투입산출표 생산유발계수표(생산자가격, 대분류)","기타 서비스","목재 및 종이, 인쇄","","원자료","0.022348","0.023808","0.023975","0.021194"
"2.2.1.2.3. 투입산출표 생산유발계수표(생산자가격, 대분류)","기타 서비스","석탄 및 석유제품","","원자료","0.019195","0.023806","0.030587","0.025237"
"2.2.1.2.3. 투입산출표 생산유발계수표(생산자가격, 대분류)","기타 서비스","화학제품","","원자료","0.08792","0.098173","0.096196","0.085127"
"2.2.1.2.3. 투입산출표 생산유발계수표(생산자가격, 대분류)","기타 서비스","비금속광물제품","","원자료","0.004553","0.004353","0.004158","0.003931"
"2.2.1.2.3. 투입산출표 생산유발계수표(생산자가격, 대분류)","기타 서비스","1차 금속제품","","원자료","0.024322","0.029787","0.02872","0.023699"
"2.2.1.2.3. 투입산출표 생산유발계수표(생산자가격, 대분류)","기타 서비스","금속가공제품","","원자료","0.034885","0.034219","0.031616","0.029416"
"2.2.1.2.3. 투입산출표 생산유발계수표(생산자가격, 대분류)","기타 서비스","컴퓨터, 전자 및 광학기기","","원자료","0.053152","0.047655","0.047058","0.045144"
"2.2.1.2.3. 투입산출표 생산유발계수표(생산자가격, 대분류)","기타 서비스","전기장비","","원자료","0.046333","0.048526","0.056705","0.05555"
"2.2.1.2.3. 투입산출표 생산유발계수표(생산자가격, 대분류)","기타 서비스","기계 및 장비","","원자료","0.00855","0.008412","0.00932","0.007709"
"2.2.1.2.3. 투입산출표 생산유발계수표(생산자가격, 대분류)","기타 서비스","운송장비","","원자료","0.142807","0.129933","0.128947","0.12727"
"2.2.1.2.3. 투입산출표 생산유발계수표(생산자가격, 대분류)","기타 서비스","기타 제조업 제품","","원자료","0.012924","0.013604","0.013226","0.01236"
"2.2.1.2.3. 투입산출표 생산유발계수표(생산자가격, 대분류)","기타 서비스","제조임가공 및 산업용 장비 수리","","원자료","0.019128","0.01784","0.02","0.018921"
"2.2.1.2.3. 투입산출표 생산유발계수표(생산자가격, 대분류)","기타 서비스","전력, 가스 및 증기","","원자료","0.025693","0.025826","0.031097","0.032282"
"2.2.1.2.3. 투입산출표 생산유발계수표(생산자가격, 대분류)","기타 서비스","수도, 폐기물처리 및 재활용서비스","","원자료","0.013726","0.014187","0.01436","0.013334"
"2.2.1.2.3. 투입산출표 생산유발계수표(생산자가격, 대분류)","기타 서비스","건설","","원자료","0.007402","0.00769","0.006483","0.005616"
"2.2.1.2.3. 투입산출표 생산유발계수표(생산자가격, 대분류)","기타 서비스","도소매 및 상품중개서비스","","원자료","0.091876","0.093407","0.085038","0.08228"
"2.2.1.2.3. 투입산출표 생산유발계수표(생산자가격, 대분류)","기타 서비스","운송서비스","","원자료","0.036842","0.03805","0.037897","0.039826"
"2.2.1.2.3. 투입산출표 생산유발계수표(생산자가격, 대분류)","기타 서비스","음식점 및 숙박서비스","","원자료","0.059975","0.057454","0.064838","0.073228"
"2.2.1.2.3. 투입산출표 생산유발계수표(생산자가격, 대분류)","기타 서비스","정보통신 및 방송 서비스","","원자료","0.037092","0.035784","0.035659","0.034785"
"2.2.1.2.3. 투입산출표 생산유발계수표(생산자가격, 대분류)","기타 서비스","금융 및 보험 서비스","","원자료","0.063536","0.052395","0.049841","0.043391"
"2.2.1.2.3. 투입산출표 생산유발계수표(생산자가격, 대분류)","기타 서비스","부동산서비스","","원자료","0.037384","0.035905","0.034694","0.035824"
"2.2.1.2.3. 투입산출표 생산유발계수표(생산자가격, 대분류)","기타 서비스","전문, 과학 및 기술 서비스","","원자료","0.056488","0.056242","0.053973","0.063951"
"2.2.1.2.3. 투입산출표 생산유발계수표(생산자가격, 대분류)","기타 서비스","사업지원서비스","","원자료","0.030764","0.028454","0.02812","0.029819"
"2.2.1.2.3. 투입산출표 생산유발계수표(생산자가격, 대분류)","기타 서비스","공공행정, 국방 및 사회보장","","원자료","0.00112","0.001099","0.001649","0.001481"
"2.2.1.2.3. 투입산출표 생산유발계수표(생산자가격, 대분류)","기타 서비스","교육서비스","","원자료","0.001412","0.002262","0.001861","0.001816"
"2.2.1.2.3. 투입산출표 생산유발계수표(생산자가격, 대분류)","기타 서비스","보건 및 사회복지 서비스","","원자료","0.003341","0.003736","0.003576","0.003385"
"2.2.1.2.3. 투입산출표 생산유발계수표(생산자가격, 대분류)","기타 서비스","예술, 스포츠 및 여가 관련 서비스","","원자료","0.005985","0.005981","0.00638","0.00635"
"2.2.1.2.3. 투입산출표 생산유발계수표(생산자가격, 대분류)","기타 서비스","기타 서비스","","원자료","1.010878","1.009205","1.010191","1.010621"
"2.2.1.2.3. 투입산출표 생산유발계수표(생산자가격, 대분류)","기타 서비스","기타","","원자료","0.001973","0.00143","0.001923","0.001663"
"2.2.1.2.3. 투입산출표 생산유발계수표(생산자가격, 대분류)","기타 서비스","열합","","원자료","2.03444","2.021805","2.034971","2.006896"
"2.2.1.2.3. 투입산출표 생산유발계수표(생산자가격, 대분류)","기타 서비스","영향력계수","","원자료","1.080725","1.069566","1.070935","1.061105"
"2.2.1.2.3. 투입산출표 생산유발계수표(생산자가격, 대분류)","기타","농림수산품","","원자료","0.008847","0.016429","0.012392","0.01066"
"2.2.1.2.3. 투입산출표 생산유발계수표(생산자가격, 대분류)","기타","광산품","","원자료","0.000583","0.000907","0.000911","0.000564"
"2.2.1.2.3. 투입산출표 생산유발계수표(생산자가격, 대분류)","기타","음식료품","","원자료","0.024359","0.047976","0.037748","0.031342"
"2.2.1.2.3. 투입산출표 생산유발계수표(생산자가격, 대분류)","기타","섬유 및 가죽제품","","원자료","0.018731","0.029377","0.019014","0.010241"
"2.2.1.2.3. 투입산출표 생산유발계수표(생산자가격, 대분류)","기타","목재 및 종이, 인쇄","","원자료","0.015157","0.020596","0.016134","0.012531"
"2.2.1.2.3. 투입산출표 생산유발계수표(생산자가격, 대분류)","기타","석탄 및 석유제품","","원자료","0.049882","0.035678","0.045483","0.029928"
"2.2.1.2.3. 투입산출표 생산유발계수표(생산자가격, 대분류)","기타","화학제품","","원자료","0.036086","0.054513","0.042475","0.033974"
"2.2.1.2.3. 투입산출표 생산유발계수표(생산자가격, 대분류)","기타","비금속광물제품","","원자료","0.00472","0.008239","0.006259","0.004606"
"2.2.1.2.3. 투입산출표 생산유발계수표(생산자가격, 대분류)","기타","1차 금속제품","","원자료","0.01287","0.022694","0.017038","0.0118"
"2.2.1.2.3. 투입산출표 생산유발계수표(생산자가격, 대분류)","기타","금속가공제품","","원자료","0.021609","0.030661","0.023358","0.018712"
"2.2.1.2.3. 투입산출표 생산유발계수표(생산자가격, 대분류)","기타","컴퓨터, 전자 및 광학기기","","원자료","0.027137","0.040832","0.026965","0.022782"
"2.2.1.2.3. 투입산출표 생산유발계수표(생산자가격, 대분류)","기타","전기장비","","원자료","0.017473","0.019355","0.018729","0.015704"
"2.2.1.2.3. 투입산출표 생산유발계수표(생산자가격, 대분류)","기타","기계 및 장비","","원자료","0.007964","0.011392","0.009529","0.006622"
"2.2.1.2.3. 투입산출표 생산유발계수표(생산자가격, 대분류)","기타","운송장비","","원자료","0.033524","0.018561","0.025876","0.024794"
"2.2.1.2.3. 투입산출표 생산유발계수표(생산자가격, 대분류)","기타","기타 제조업 제품","","원자료","0.006113","0.011631","0.008518","0.006502"
"2.2.1.2.3. 투입산출표 생산유발계수표(생산자가격, 대분류)","기타","제조임가공 및 산업용 장비 수리","","원자료","0.011229","0.014582","0.012559","0.010292"
"2.2.1.2.3. 투입산출표 생산유발계수표(생산자가격, 대분류)","기타","전력, 가스 및 증기","","원자료","0.020887","0.016842","0.017484","0.017461"
"2.2.1.2.3. 투입산출표 생산유발계수표(생산자가격, 대분류)","기타","수도, 폐기물처리 및 재활용서비스","","원자료","0.009938","0.014099","0.011177","0.00907"
"2.2.1.2.3. 투입산출표 생산유발계수표(생산자가격, 대분류)","기타","건설","","원자료","0.010986","0.01855","0.010611","0.00671"
"2.2.1.2.3. 투입산출표 생산유발계수표(생산자가격, 대분류)","기타","도소매 및 상품중개서비스","","원자료","0.04548","0.063992","0.046929","0.038894"
"2.2.1.2.3. 투입산출표 생산유발계수표(생산자가격, 대분류)","기타","운송서비스","","원자료","0.421051","0.042321","0.047416","0.067145"
"2.2.1.2.3. 투입산출표 생산유발계수표(생산자가격, 대분류)","기타","음식점 및 숙박서비스","","원자료","0.021624","0.022438","0.025854","0.033402"
"2.2.1.2.3. 투입산출표 생산유발계수표(생산자가격, 대분류)","기타","정보통신 및 방송 서비스","","원자료","0.036286","0.051274","0.040317","0.035505"
"2.2.1.2.3. 투입산출표 생산유발계수표(생산자가격, 대분류)","기타","금융 및 보험 서비스","","원자료","0.028996","0.028425","0.030796","0.030359"
"2.2.1.2.3. 투입산출표 생산유발계수표(생산자가격, 대분류)","기타","부동산서비스","","원자료","0.014467","0.013332","0.010476","0.009953"
"2.2.1.2.3. 투입산출표 생산유발계수표(생산자가격, 대분류)","기타","전문, 과학 및 기술 서비스","","원자료","0.042767","0.043261","0.035858","0.035341"
"2.2.1.2.3. 투입산출표 생산유발계수표(생산자가격, 대분류)","기타","사업지원서비스","","원자료","0.047253","0.041023","0.038112","0.036423"
"2.2.1.2.3. 투입산출표 생산유발계수표(생산자가격, 대분류)","기타","공공행정, 국방 및 사회보장","","원자료","0.565696","0.786005","0.863108","0.881779"
"2.2.1.2.3. 투입산출표 생산유발계수표(생산자가격, 대분류)","기타","교육서비스","","원자료","0.000553","0.001049","0.000644","0.000535"
"2.2.1.2.3. 투입산출표 생산유발계수표(생산자가격, 대분류)","기타","보건 및 사회복지 서비스","","원자료","0.001641","0.001943","0.001497","0.001262"
"2.2.1.2.3. 투입산출표 생산유발계수표(생산자가격, 대분류)","기타","예술, 스포츠 및 여가 관련 서비스","","원자료","0.003378","0.00292","0.002539","0.00226"
"2.2.1.2.3. 투입산출표 생산유발계수표(생산자가격, 대분류)","기타","기타 서비스","","원자료","0.011897","0.004759","0.00443","0.00436"
"2.2.1.2.3. 투입산출표 생산유발계수표(생산자가격, 대분류)","기타","기타","","원자료","1.023849","1.049869","1.035513","1.023114"
"2.2.1.2.3. 투입산출표 생산유발계수표(생산자가격, 대분류)","기타","열합","","원자료","2.603033","2.585525","2.545749","2.484629"
"2.2.1.2.3. 투입산출표 생산유발계수표(생산자가격, 대분류)","기타","영향력계수","","원자료","1.38277","1.367782","1.339739","1.313697"
"2.2.1.2.3. 투입산출표 생산유발계수표(생산자가격, 대분류)","행합","농림수산품","","원자료","1.688948","1.729585","1.672124","1.672131"
"2.2.1.2.3. 투입산출표 생산유발계수표(생산자가격, 대분류)","행합","광산품","","원자료","1.117014","1.121253","1.143491","1.124928"
"2.2.1.2.3. 투입산출표 생산유발계수표(생산자가격, 대분류)","행합","음식료품","","원자료","2.12902","2.162784","2.280298","2.2762"
"2.2.1.2.3. 투입산출표 생산유발계수표(생산자가격, 대분류)","행합","섬유 및 가죽제품","","원자료","1.687678","1.800728","1.755145","1.501598"
"2.2.1.2.3. 투입산출표 생산유발계수표(생산자가격, 대분류)","행합","목재 및 종이, 인쇄","","원자료","1.849444","1.883597","1.878725","1.813463"
"2.2.1.2.3. 투입산출표 생산유발계수표(생산자가격, 대분류)","행합","석탄 및 석유제품","","원자료","1.800298","1.881139","2.140769","1.920872"
"2.2.1.2.3. 투입산출표 생산유발계수표(생산자가격, 대분류)","행합","화학제품","","원자료","3.381203","3.532995","3.496987","3.413033"
"2.2.1.2.3. 투입산출표 생산유발계수표(생산자가격, 대분류)","행합","비금속광물제품","","원자료","1.408938","1.391972","1.384933","1.400176"
"2.2.1.2.3. 투입산출표 생산유발계수표(생산자가격, 대분류)","행합","1차 금속제품","","원자료","2.360296","2.618116","2.532823","2.387965"
"2.2.1.2.3. 투입산출표 생산유발계수표(생산자가격, 대분류)","행합","금속가공제품","","원자료","2.130748","2.114902","2.061827","2.063068"
"2.2.1.2.3. 투입산출표 생산유발계수표(생산자가격, 대분류)","행합","컴퓨터, 전자 및 광학기기","","원자료","2.060998","1.964426","1.906434","1.912518"
"2.2.1.2.3. 투입산출표 생산유발계수표(생산자가격, 대분류)","행합","전기장비","","원자료","1.885108","1.933471","2.017397","2.038614"
"2.2.1.2.3. 투입산출표 생산유발계수표(생산자가격, 대분류)","행합","기계 및 장비","","원자료","1.524953","1.527381","1.530145","1.485193"
"2.2.1.2.3. 투입산출표 생산유발계수표(생산자가격, 대분류)","행합","운송장비","","원자료","1.991717","1.913434","1.961605","1.942449"
"2.2.1.2.3. 투입산출표 생산유발계수표(생산자가격, 대분류)","행합","기타 제조업 제품","","원자료","1.191268","1.199909","1.191085","1.191862"
"2.2.1.2.3. 투입산출표 생산유발계수표(생산자가격, 대분류)","행합","제조임가공 및 산업용 장비 수리","","원자료","2.116849","2.099718","2.223971","2.23837"
"2.2.1.2.3. 투입산출표 생산유발계수표(생산자가격, 대분류)","행합","전력, 가스 및 증기","","원자료","2.232611","2.283427","2.509554","2.602632"
"2.2.1.2.3. 투입산출표 생산유발계수표(생산자가격, 대분류)","행합","수도, 폐기물처리 및 재활용서비스","","원자료","1.435632","1.46334","1.431293","1.40426"
"2.2.1.2.3. 투입산출표 생산유발계수표(생산자가격, 대분류)","행합","건설","","원자료","1.22619","1.242056","1.214308","1.194828"
"2.2.1.2.3. 투입산출표 생산유발계수표(생산자가격, 대분류)","행합","도소매 및 상품중개서비스","","원자료","3.313007","3.317357","3.163581","3.177237"
"2.2.1.2.3. 투입산출표 생산유발계수표(생산자가격, 대분류)","행합","운송서비스","","원자료","3.117182","2.758518","2.738767","2.812135"
"2.2.1.2.3. 투입산출표 생산유발계수표(생산자가격, 대분류)","행합","음식점 및 숙박서비스","","원자료","1.748811","1.708877","1.80335","1.919851"
"2.2.1.2.3. 투입산출표 생산유발계수표(생산자가격, 대분류)","행합","정보통신 및 방송 서비스","","원자료","2.05045","2.04693","2.044899","2.014674"
"2.2.1.2.3. 투입산출표 생산유발계수표(생산자가격, 대분류)","행합","금융 및 보험 서비스","","원자료","2.419638","2.374948","2.36083","2.24907"
"2.2.1.2.3. 투입산출표 생산유발계수표(생산자가격, 대분류)","행합","부동산서비스","","원자료","1.741138","1.710294","1.635117","1.658622"
"2.2.1.2.3. 투입산출표 생산유발계수표(생산자가격, 대분류)","행합","전문, 과학 및 기술 서비스","","원자료","2.939343","2.886616","2.827808","3.141119"
"2.2.1.2.3. 투입산출표 생산유발계수표(생산자가격, 대분류)","행합","사업지원서비스","","원자료","2.319506","2.240491","2.223169","2.292261"
"2.2.1.2.3. 투입산출표 생산유발계수표(생산자가격, 대분류)","행합","공공행정, 국방 및 사회보장","","원자료","1.61348","1.836551","1.930787","1.94311"
"2.2.1.2.3. 투입산출표 생산유발계수표(생산자가격, 대분류)","행합","교육서비스","","원자료","1.030776","1.047827","1.039446","1.038843"
"2.2.1.2.3. 투입산출표 생산유발계수표(생산자가격, 대분류)","행합","보건 및 사회복지 서비스","","원자료","1.085908","1.09407","1.087229","1.083779"
"2.2.1.2.3. 투입산출표 생산유발계수표(생산자가격, 대분류)","행합","예술, 스포츠 및 여가 관련 서비스","","원자료","1.153306","1.147443","1.170149","1.166539"
"2.2.1.2.3. 투입산출표 생산유발계수표(생산자가격, 대분류)","행합","기타 서비스","","원자료","1.263967","1.231217","1.235199","1.241966"
"2.2.1.2.3. 투입산출표 생산유발계수표(생산자가격, 대분류)","행합","기타","","원자료","1.106322","1.11467","1.112768","1.09039"
"2.2.1.2.3. 투입산출표 생산유발계수표(생산자가격, 대분류)","행합","열합","","원자료","62.121749","62.38004","62.70601","62.413753"
"2.2.1.2.3. 투입산출표 생산유발계수표(생산자가격, 대분류)","행합","영향력계수","","원자료","33","33","33","33"
"2.2.1.2.3. 투입산출표 생산유발계수표(생산자가격, 대분류)","감응도계수","농림수산품","","원자료","0.897194","0.914977","0.879981","0.884105"
"2.2.1.2.3. 투입산출표 생산유발계수표(생산자가격, 대분류)","감응도계수","광산품","","원자료","0.593375","0.59316","0.601779","0.594783"
"2.2.1.2.3. 투입산출표 생산유발계수표(생산자가격, 대분류)","감응도계수","음식료품","","원자료","1.130967","1.144146","1.200042","1.203494"
"2.2.1.2.3. 투입산출표 생산유발계수표(생산자가격, 대분류)","감응도계수","섬유 및 가죽제품","","원자료","0.89652","0.952613","0.923672","0.793939"
"2.2.1.2.3. 투입산출표 생산유발계수표(생산자가격, 대분류)","감응도계수","목재 및 종이, 인쇄","","원자료","0.982452","0.996452","0.988708","0.958832"
"2.2.1.2.3. 투입산출표 생산유발계수표(생산자가격, 대분류)","감응도계수","석탄 및 석유제품","","원자료","0.956345","0.995152","1.126612","1.015622"
"2.2.1.2.3. 투입산출표 생산유발계수표(생산자가격, 대분류)","감응도계수","화학제품","","원자료","1.796146","1.869009","1.840343","1.804572"
"2.2.1.2.3. 투입산출표 생산유발계수표(생산자가격, 대분류)","감응도계수","비금속광물제품","","원자료","0.748449","0.736374","0.728842","0.740314"
"2.2.1.2.3. 투입산출표 생산유발계수표(생산자가격, 대분류)","감응도계수","1차 금속제품","","원자료","1.253824","1.385024","1.332937","1.262588"
"2.2.1.2.3. 투입산출표 생산유발계수표(생산자가격, 대분류)","감응도계수","금속가공제품","","원자료","1.131885","1.118815","1.085068","1.090805"
"2.2.1.2.3. 투입산출표 생산유발계수표(생산자가격, 대분류)","감응도계수","컴퓨터, 전자 및 광학기기","","원자료","1.094833","1.039212","1.00329","1.011205"
"2.2.1.2.3. 투입산출표 생산유발계수표(생산자가격, 대분류)","감응도계수","전기장비","","원자료","1.001398","1.022836","1.061686","1.077876"
"2.2.1.2.3. 투입산출표 생산유발계수표(생산자가격, 대분류)","감응도계수","기계 및 장비","","원자료","0.810078","0.808008","0.805262","0.785265"
"2.2.1.2.3. 투입산출표 생산유발계수표(생산자가격, 대분류)","감응도계수","운송장비","","원자료","1.05803","1.012236","1.032325","1.02703"
"2.2.1.2.3. 투입산출표 생산유발계수표(생산자가격, 대분류)","감응도계수","기타 제조업 제품","","원자료","0.632819","0.63477","0.626827","0.630173"
"2.2.1.2.3. 투입산출표 생산유발계수표(생산자가격, 대분류)","감응도계수","제조임가공 및 산업용 장비 수리","","원자료","1.124502","1.110783","1.170399","1.183493"
"2.2.1.2.3. 투입산출표 생산유발계수표(생산자가격, 대분류)","감응도계수","전력, 가스 및 증기","","원자료","1.185996","1.207968","1.320691","1.376089"
"2.2.1.2.3. 투입산출표 생산유발계수표(생산자가격, 대분류)","감응도계수","수도, 폐기물처리 및 재활용서비스","","원자료","0.762629","0.77413","0.75324","0.742474"
"2.2.1.2.3. 투입산출표 생산유발계수표(생산자가격, 대분류)","감응도계수","건설","","원자료","0.65137","0.657067","0.639048","0.631741"
"2.2.1.2.3. 투입산출표 생산유발계수표(생산자가격, 대분류)","감응도계수","도소매 및 상품중개서비스","","원자료","1.759919","1.754933","1.664883","1.679899"
"2.2.1.2.3. 투입산출표 생산유발계수표(생산자가격, 대분류)","감응도계수","운송서비스","","원자료","1.655894","1.459299","1.441318","1.486859"
"2.2.1.2.3. 투입산출표 생산유발계수표(생산자가격, 대분류)","감응도계수","음식점 및 숙박서비스","","원자료","0.928995","0.904022","0.949041","1.015082"
"2.2.1.2.3. 투입산출표 생산유발계수표(생산자가격, 대분류)","감응도계수","정보통신 및 방송 서비스","","원자료","1.08923","1.082857","1.07616","1.065218"
"2.2.1.2.3. 투입산출표 생산유발계수표(생산자가격, 대분류)","감응도계수","금융 및 보험 서비스","","원자료","1.285348","1.256384","1.242423","1.18915"
"2.2.1.2.3. 투입산출표 생산유발계수표(생산자가격, 대분류)","감응도계수","부동산서비스","","원자료","0.924918","0.904772","0.860506","0.876962"
"2.2.1.2.3. 투입산출표 생산유발계수표(생산자가격, 대분류)","감응도계수","전문, 과학 및 기술 서비스","","원자료","1.561423","1.527064","1.488178","1.660803"
"2.2.1.2.3. 투입산출표 생산유발계수표(생산자가격, 대분류)","감응도계수","사업지원서비스","","원자료","1.232156","1.185254","1.169977","1.211986"
"2.2.1.2.3. 투입산출표 생산유발계수표(생산자가격, 대분류)","감응도계수","공공행정, 국방 및 사회보장","","원자료","0.857105","0.971563","1.016106","1.02738"
"2.2.1.2.3. 투입산출표 생산유발계수표(생산자가격, 대분류)","감응도계수","교육서비스","","원자료","0.547564","0.554317","0.547025","0.549267"
"2.2.1.2.3. 투입산출표 생산유발계수표(생산자가격, 대분류)","감응도계수","보건 및 사회복지 서비스","","원자료","0.576851","0.57878","0.572171","0.573026"
"2.2.1.2.3. 투입산출표 생산유발계수표(생산자가격, 대분류)","감응도계수","예술, 스포츠 및 여가 관련 서비스","","원자료","0.612654","0.607015","0.615809","0.616784"
"2.2.1.2.3. 투입산출표 생산유발계수표(생산자가격, 대분류)","감응도계수","기타 서비스","","원자료","0.671438","0.651332","0.650043","0.656664"
"2.2.1.2.3. 투입산출표 생산유발계수표(생산자가격, 대분류)","감응도계수","기타","","원자료","0.587695","0.589678","0.585611","0.576522"
"2.2.1.2.3. 투입산출표 생산유발계수표(생산자가격, 대분류)","감응도계수","열합","","원자료","33","33","33","33"
"2.2.1.2.3. 투입산출표 생산유발계수표(생산자가격, 대분류)","감응도계수","영향력계수","","원자료","0","0","0","0"